ISO-10303-21;
HEADER;
/* Generated by software containing ST-Developer
 * from STEP Tools, Inc. (www.steptools.com) 
 */

FILE_DESCRIPTION(
/* description */ (''),
/* implementation_level */ '2;1');

FILE_NAME(
/* name */ 
'C:\\Users\\designnet\\AppData\\Local\\Temp\\derivatives\\23524_232b56
a9\\AssemblyExtractor\\23524_232b56a9\\assembly.step',
/* time_stamp */ '2021-08-26T01:54:30+00:00',
/* author */ (''),
/* organization */ (''),
/* preprocessor_version */ 'ST-DEVELOPER v18.1',
/* originating_system */ 'Autodesk Translation Framework v10.6.0.1341',

/* authorisation */ '');

FILE_SCHEMA (('AUTOMOTIVE_DESIGN { 1 0 10303 214 3 1 1 }'));
ENDSEC;

DATA;
#10=MECHANICAL_DESIGN_GEOMETRIC_PRESENTATION_REPRESENTATION('',(#109,#110),
#7105);
#11=SHAPE_REPRESENTATION_RELATIONSHIP('SRR','None',#7112,#12);
#12=ADVANCED_BREP_SHAPE_REPRESENTATION('',(#111,#112),#7104);
#13=B_SPLINE_SURFACE_WITH_KNOTS('',3,1,((#4740,#4741),(#4742,#4743),(#4744,
#4745),(#4746,#4747),(#4748,#4749)),.UNSPECIFIED.,.F.,.F.,.F.,(4,1,4),(2,
2),(-0.240062102765341,-0.106781260546983,0.),(0.,0.0999999999999996),
 .UNSPECIFIED.);
#14=B_SPLINE_SURFACE_WITH_KNOTS('',3,1,((#4763,#4764),(#4765,#4766),(#4767,
#4768),(#4769,#4770),(#4771,#4772)),.UNSPECIFIED.,.F.,.F.,.F.,(4,1,4),(2,
2),(-0.274462852405325,-0.141756670801389,0.),(0.,0.0999999999999996),
 .UNSPECIFIED.);
#15=B_SPLINE_SURFACE_WITH_KNOTS('',3,1,((#4786,#4787),(#4788,#4789),(#4790,
#4791),(#4792,#4793),(#4794,#4795)),.UNSPECIFIED.,.F.,.F.,.F.,(4,1,4),(2,
2),(-0.227506193803435,-0.121072335586941,0.),(0.,0.0999999999999996),
 .UNSPECIFIED.);
#16=B_SPLINE_SURFACE_WITH_KNOTS('',3,1,((#4809,#4810),(#4811,#4812),(#4813,
#4814),(#4815,#4816),(#4817,#4818)),.UNSPECIFIED.,.F.,.F.,.F.,(4,1,4),(2,
2),(-0.193087316418535,-0.0977070099797576,0.),(0.,0.0999999999999996),
 .UNSPECIFIED.);
#17=B_SPLINE_SURFACE_WITH_KNOTS('',3,1,((#4832,#4833),(#4834,#4835),(#4836,
#4837),(#4838,#4839),(#4840,#4841)),.UNSPECIFIED.,.F.,.F.,.F.,(4,1,4),(2,
2),(-0.196735195198029,-0.100262976379442,0.),(0.,0.0999999999999996),
 .UNSPECIFIED.);
#18=B_SPLINE_SURFACE_WITH_KNOTS('',3,1,((#4855,#4856),(#4857,#4858),(#4859,
#4860),(#4861,#4862),(#4863,#4864)),.UNSPECIFIED.,.F.,.F.,.F.,(4,1,4),(2,
2),(-0.208984222142804,-0.099542643196906,0.),(0.,0.0999999999999996),
 .UNSPECIFIED.);
#19=B_SPLINE_SURFACE_WITH_KNOTS('',3,1,((#4878,#4879),(#4880,#4881),(#4882,
#4883),(#4884,#4885),(#4886,#4887)),.UNSPECIFIED.,.F.,.F.,.F.,(4,1,4),(2,
2),(-0.299853151115458,-0.149816286568378,0.),(0.,0.0999999999999996),
 .UNSPECIFIED.);
#20=B_SPLINE_SURFACE_WITH_KNOTS('',3,1,((#4901,#4902),(#4903,#4904),(#4905,
#4906),(#4907,#4908),(#4909,#4910)),.UNSPECIFIED.,.F.,.F.,.F.,(4,1,4),(2,
2),(-0.294009893875413,-0.149525572929432,0.),(0.,0.0999999999999996),
 .UNSPECIFIED.);
#21=B_SPLINE_SURFACE_WITH_KNOTS('',3,1,((#4930,#4931),(#4932,#4933),(#4934,
#4935),(#4936,#4937),(#4938,#4939)),.UNSPECIFIED.,.F.,.F.,.F.,(4,1,4),(2,
2),(-0.134538600667745,-0.0640654051722007,0.),(0.,0.0999999999999996),
 .UNSPECIFIED.);
#22=B_SPLINE_SURFACE_WITH_KNOTS('',3,1,((#4953,#4954),(#4955,#4956),(#4957,
#4958),(#4959,#4960),(#4961,#4962)),.UNSPECIFIED.,.F.,.F.,.F.,(4,1,4),(2,
2),(-0.152475985963293,-0.0745819841809976,0.),(0.,0.0999999999999996),
 .UNSPECIFIED.);
#23=B_SPLINE_SURFACE_WITH_KNOTS('',3,1,((#4976,#4977),(#4978,#4979),(#4980,
#4981),(#4982,#4983),(#4984,#4985)),.UNSPECIFIED.,.F.,.F.,.F.,(4,1,4),(2,
2),(-0.171549609172362,-0.0823676728178295,0.),(0.,0.0999999999999996),
 .UNSPECIFIED.);
#24=B_SPLINE_SURFACE_WITH_KNOTS('',3,1,((#4999,#5000),(#5001,#5002),(#5003,
#5004),(#5005,#5006),(#5007,#5008)),.UNSPECIFIED.,.F.,.F.,.F.,(4,1,4),(2,
2),(-0.21449725905305,-0.0996162626399515,0.),(0.,0.0999999999999996),
 .UNSPECIFIED.);
#25=B_SPLINE_SURFACE_WITH_KNOTS('',3,1,((#5022,#5023),(#5024,#5025),(#5026,
#5027),(#5028,#5029),(#5030,#5031)),.UNSPECIFIED.,.F.,.F.,.F.,(4,1,4),(2,
2),(-0.242215795921761,-0.124259334477825,0.),(0.,0.0999999999999996),
 .UNSPECIFIED.);
#26=B_SPLINE_SURFACE_WITH_KNOTS('',3,1,((#5045,#5046),(#5047,#5048),(#5049,
#5050),(#5051,#5052),(#5053,#5054)),.UNSPECIFIED.,.F.,.F.,.F.,(4,1,4),(2,
2),(-0.229099252286832,-0.114792735345157,0.),(0.,0.0999999999999996),
 .UNSPECIFIED.);
#27=B_SPLINE_SURFACE_WITH_KNOTS('',3,1,((#5068,#5069),(#5070,#5071),(#5072,
#5073),(#5074,#5075),(#5076,#5077)),.UNSPECIFIED.,.F.,.F.,.F.,(4,1,4),(2,
2),(-0.241425287881678,-0.119292943767164,0.),(0.,0.0999999999999996),
 .UNSPECIFIED.);
#28=B_SPLINE_SURFACE_WITH_KNOTS('',3,1,((#5091,#5092),(#5093,#5094),(#5095,
#5096),(#5097,#5098),(#5099,#5100)),.UNSPECIFIED.,.F.,.F.,.F.,(4,1,4),(2,
2),(-0.271867255310183,-0.129929429144931,0.),(0.,0.0999999999999996),
 .UNSPECIFIED.);
#29=B_SPLINE_SURFACE_WITH_KNOTS('',3,1,((#5114,#5115),(#5116,#5117),(#5118,
#5119),(#5120,#5121),(#5122,#5123)),.UNSPECIFIED.,.F.,.F.,.F.,(4,1,4),(2,
2),(-0.286244100981248,-0.142715670401838,0.),(0.,0.0999999999999996),
 .UNSPECIFIED.);
#30=B_SPLINE_SURFACE_WITH_KNOTS('',3,1,((#5137,#5138),(#5139,#5140),(#5141,
#5142),(#5143,#5144),(#5145,#5146)),.UNSPECIFIED.,.F.,.F.,.F.,(4,1,4),(2,
2),(-0.250920344417483,-0.134827937693099,0.),(0.,0.0999999999999996),
 .UNSPECIFIED.);
#31=B_SPLINE_SURFACE_WITH_KNOTS('',3,1,((#5172,#5173),(#5174,#5175),(#5176,
#5177),(#5178,#5179),(#5180,#5181)),.UNSPECIFIED.,.F.,.F.,.F.,(4,1,4),(2,
2),(-0.243899619913644,-0.110379953933953,0.),(0.,0.0999999999999996),
 .UNSPECIFIED.);
#32=B_SPLINE_SURFACE_WITH_KNOTS('',3,1,((#5195,#5196),(#5197,#5198),(#5199,
#5200),(#5201,#5202),(#5203,#5204)),.UNSPECIFIED.,.F.,.F.,.F.,(4,1,4),(2,
2),(-0.277372249550532,-0.141281489424612,0.),(0.,0.0999999999999996),
 .UNSPECIFIED.);
#33=B_SPLINE_SURFACE_WITH_KNOTS('',3,1,((#5218,#5219),(#5220,#5221),(#5222,
#5223),(#5224,#5225),(#5226,#5227)),.UNSPECIFIED.,.F.,.F.,.F.,(4,1,4),(2,
2),(-0.158952415809976,-0.0783426831605191,0.),(0.,0.0999999999999996),
 .UNSPECIFIED.);
#34=B_SPLINE_SURFACE_WITH_KNOTS('',3,1,((#5241,#5242),(#5243,#5244),(#5245,
#5246),(#5247,#5248),(#5249,#5250)),.UNSPECIFIED.,.F.,.F.,.F.,(4,1,4),(2,
2),(-0.155369681517258,-0.0791176307632013,0.),(0.,0.0999999999999996),
 .UNSPECIFIED.);
#35=B_SPLINE_SURFACE_WITH_KNOTS('',3,1,((#5264,#5265),(#5266,#5267),(#5268,
#5269),(#5270,#5271),(#5272,#5273)),.UNSPECIFIED.,.F.,.F.,.F.,(4,1,4),(2,
2),(-0.147004169352672,-0.0742959798652389,0.),(0.,0.0999999999999996),
 .UNSPECIFIED.);
#36=B_SPLINE_SURFACE_WITH_KNOTS('',3,1,((#5287,#5288),(#5289,#5290),(#5291,
#5292),(#5293,#5294),(#5295,#5296)),.UNSPECIFIED.,.F.,.F.,.F.,(4,1,4),(2,
2),(-0.174036184615179,-0.0792543818832975,0.),(0.,0.0999999999999996),
 .UNSPECIFIED.);
#37=B_SPLINE_SURFACE_WITH_KNOTS('',3,1,((#5310,#5311),(#5312,#5313),(#5314,
#5315),(#5316,#5317),(#5318,#5319)),.UNSPECIFIED.,.F.,.F.,.F.,(4,1,4),(2,
2),(-0.173500742404848,-0.0945231765657103,0.),(0.,0.0999999999999996),
 .UNSPECIFIED.);
#38=B_SPLINE_SURFACE_WITH_KNOTS('',3,1,((#5333,#5334),(#5335,#5336),(#5337,
#5338),(#5339,#5340),(#5341,#5342)),.UNSPECIFIED.,.F.,.F.,.F.,(4,1,4),(2,
2),(-0.135289319503685,-0.0694309454808244,0.),(0.,0.0999999999999996),
 .UNSPECIFIED.);
#39=B_SPLINE_SURFACE_WITH_KNOTS('',3,1,((#5356,#5357),(#5358,#5359),(#5360,
#5361),(#5362,#5363),(#5364,#5365)),.UNSPECIFIED.,.F.,.F.,.F.,(4,1,4),(2,
2),(-0.138522562454555,-0.0669796629003402,0.),(0.,0.0999999999999996),
 .UNSPECIFIED.);
#40=B_SPLINE_SURFACE_WITH_KNOTS('',3,1,((#5379,#5380),(#5381,#5382),(#5383,
#5384),(#5385,#5386),(#5387,#5388)),.UNSPECIFIED.,.F.,.F.,.F.,(4,1,4),(2,
2),(-0.159935331445577,-0.0772874095383441,0.),(0.,0.0999999999999996),
 .UNSPECIFIED.);
#41=B_SPLINE_SURFACE_WITH_KNOTS('',3,1,((#5420,#5421),(#5422,#5423),(#5424,
#5425),(#5426,#5427),(#5428,#5429)),.UNSPECIFIED.,.F.,.F.,.F.,(4,1,4),(2,
2),(-0.296095647919115,-0.157679637018079,0.),(0.,0.0999999999999996),
 .UNSPECIFIED.);
#42=B_SPLINE_SURFACE_WITH_KNOTS('',3,1,((#5443,#5444),(#5445,#5446),(#5447,
#5448),(#5449,#5450),(#5451,#5452)),.UNSPECIFIED.,.F.,.F.,.F.,(4,1,4),(2,
2),(-0.268869776579816,-0.128898646911429,0.),(0.,0.0999999999999996),
 .UNSPECIFIED.);
#43=B_SPLINE_SURFACE_WITH_KNOTS('',3,1,((#5466,#5467),(#5468,#5469),(#5470,
#5471),(#5472,#5473),(#5474,#5475)),.UNSPECIFIED.,.F.,.F.,.F.,(4,1,4),(2,
2),(-0.127452825542056,-0.0669658474373553,0.),(0.,0.0999999999999996),
 .UNSPECIFIED.);
#44=B_SPLINE_SURFACE_WITH_KNOTS('',3,1,((#5489,#5490),(#5491,#5492),(#5493,
#5494),(#5495,#5496),(#5497,#5498)),.UNSPECIFIED.,.F.,.F.,.F.,(4,1,4),(2,
2),(-0.10986892883163,-0.0563914419051515,0.),(0.,0.0999999999999996),
 .UNSPECIFIED.);
#45=B_SPLINE_SURFACE_WITH_KNOTS('',3,1,((#5512,#5513),(#5514,#5515),(#5516,
#5517),(#5518,#5519),(#5520,#5521)),.UNSPECIFIED.,.F.,.F.,.F.,(4,1,4),(2,
2),(-0.117316970454351,-0.0583246626264486,0.),(0.,0.0999999999999996),
 .UNSPECIFIED.);
#46=B_SPLINE_SURFACE_WITH_KNOTS('',3,1,((#5535,#5536),(#5537,#5538),(#5539,
#5540),(#5541,#5542),(#5543,#5544)),.UNSPECIFIED.,.F.,.F.,.F.,(4,1,4),(2,
2),(-0.126038028699685,-0.0614388940343927,0.),(0.,0.0999999999999996),
 .UNSPECIFIED.);
#47=B_SPLINE_SURFACE_WITH_KNOTS('',3,1,((#5558,#5559),(#5560,#5561),(#5562,
#5563),(#5564,#5565),(#5566,#5567)),.UNSPECIFIED.,.F.,.F.,.F.,(4,1,4),(2,
2),(-0.139223716636726,-0.0691164986158579,0.),(0.,0.0999999999999996),
 .UNSPECIFIED.);
#48=B_SPLINE_SURFACE_WITH_KNOTS('',3,1,((#5581,#5582),(#5583,#5584),(#5585,
#5586),(#5587,#5588),(#5589,#5590)),.UNSPECIFIED.,.F.,.F.,.F.,(4,1,4),(2,
2),(-0.142321225261056,-0.0709887312755481,0.),(0.,0.0999999999999996),
 .UNSPECIFIED.);
#49=B_SPLINE_SURFACE_WITH_KNOTS('',3,1,((#5604,#5605),(#5606,#5607),(#5608,
#5609),(#5610,#5611),(#5612,#5613)),.UNSPECIFIED.,.F.,.F.,.F.,(4,1,4),(2,
2),(-0.119510702608642,-0.0630323737693437,0.),(0.,0.0999999999999996),
 .UNSPECIFIED.);
#50=B_SPLINE_SURFACE_WITH_KNOTS('',3,1,((#5627,#5628),(#5629,#5630),(#5631,
#5632),(#5633,#5634),(#5635,#5636)),.UNSPECIFIED.,.F.,.F.,.F.,(4,1,4),(2,
2),(-0.0965755824305177,-0.0508199564448702,0.),(0.,0.0999999999999996),
 .UNSPECIFIED.);
#51=B_SPLINE_SURFACE_WITH_KNOTS('',3,1,((#5663,#5664),(#5665,#5666),(#5667,
#5668),(#5669,#5670),(#5671,#5672)),.UNSPECIFIED.,.F.,.F.,.F.,(4,1,4),(2,
2),(-0.331616025011754,-0.170111606469578,0.),(0.,0.0999999999999996),
 .UNSPECIFIED.);
#52=B_SPLINE_SURFACE_WITH_KNOTS('',3,1,((#5686,#5687),(#5688,#5689),(#5690,
#5691),(#5692,#5693),(#5694,#5695)),.UNSPECIFIED.,.F.,.F.,.F.,(4,1,4),(2,
2),(-0.3172005978464,-0.157873769675356,0.),(0.,0.0999999999999996),
 .UNSPECIFIED.);
#53=B_SPLINE_SURFACE_WITH_KNOTS('',3,1,((#5709,#5710),(#5711,#5712),(#5713,
#5714),(#5715,#5716),(#5717,#5718)),.UNSPECIFIED.,.F.,.F.,.F.,(4,1,4),(2,
2),(-0.484706824509943,-0.282233754956603,0.),(0.,0.0999999999999996),
 .UNSPECIFIED.);
#54=B_SPLINE_SURFACE_WITH_KNOTS('',3,1,((#5732,#5733),(#5734,#5735),(#5736,
#5737),(#5738,#5739),(#5740,#5741)),.UNSPECIFIED.,.F.,.F.,.F.,(4,1,4),(2,
2),(-0.309956009883465,-0.157743115221536,0.),(0.,0.0999999999999996),
 .UNSPECIFIED.);
#55=B_SPLINE_SURFACE_WITH_KNOTS('',3,1,((#5755,#5756),(#5757,#5758),(#5759,
#5760),(#5761,#5762),(#5763,#5764)),.UNSPECIFIED.,.F.,.F.,.F.,(4,1,4),(2,
2),(-0.142159719907404,-0.0746817041523014,0.),(0.,0.0999999999999996),
 .UNSPECIFIED.);
#56=B_SPLINE_SURFACE_WITH_KNOTS('',3,1,((#5778,#5779),(#5780,#5781),(#5782,
#5783),(#5784,#5785),(#5786,#5787)),.UNSPECIFIED.,.F.,.F.,.F.,(4,1,4),(2,
2),(-0.12158700445554,-0.062378508212126,0.),(0.,0.0999999999999996),
 .UNSPECIFIED.);
#57=B_SPLINE_SURFACE_WITH_KNOTS('',3,1,((#5801,#5802),(#5803,#5804),(#5805,
#5806),(#5807,#5808),(#5809,#5810)),.UNSPECIFIED.,.F.,.F.,.F.,(4,1,4),(2,
2),(-0.118970646169729,-0.0587445468951792,0.),(0.,0.0999999999999996),
 .UNSPECIFIED.);
#58=B_SPLINE_SURFACE_WITH_KNOTS('',3,1,((#5824,#5825),(#5826,#5827),(#5828,
#5829),(#5830,#5831),(#5832,#5833)),.UNSPECIFIED.,.F.,.F.,.F.,(4,1,4),(2,
2),(-0.130863771306236,-0.0632989496769999,0.),(0.,0.0999999999999996),
 .UNSPECIFIED.);
#59=B_SPLINE_SURFACE_WITH_KNOTS('',3,1,((#5847,#5848),(#5849,#5850),(#5851,
#5852),(#5853,#5854),(#5855,#5856)),.UNSPECIFIED.,.F.,.F.,.F.,(4,1,4),(2,
2),(-0.138680097785707,-0.0683291466471488,0.),(0.,0.0999999999999996),
 .UNSPECIFIED.);
#60=B_SPLINE_SURFACE_WITH_KNOTS('',3,1,((#5870,#5871),(#5872,#5873),(#5874,
#5875),(#5876,#5877),(#5878,#5879)),.UNSPECIFIED.,.F.,.F.,.F.,(4,1,4),(2,
2),(-0.140287412114631,-0.0708785166863465,0.),(0.,0.0999999999999996),
 .UNSPECIFIED.);
#61=B_SPLINE_SURFACE_WITH_KNOTS('',3,1,((#5893,#5894),(#5895,#5896),(#5897,
#5898),(#5899,#5900),(#5901,#5902)),.UNSPECIFIED.,.F.,.F.,.F.,(4,1,4),(2,
2),(-0.116091161147032,-0.0578908810000385,0.),(0.,0.0999999999999996),
 .UNSPECIFIED.);
#62=B_SPLINE_SURFACE_WITH_KNOTS('',3,1,((#5916,#5917),(#5918,#5919),(#5920,
#5921),(#5922,#5923),(#5924,#5925)),.UNSPECIFIED.,.F.,.F.,.F.,(4,1,4),(2,
2),(-0.0960458579831695,-0.0532576558747727,0.),(0.,0.0999999999999996),
 .UNSPECIFIED.);
#63=B_SPLINE_SURFACE_WITH_KNOTS('',3,1,((#5951,#5952),(#5953,#5954),(#5955,
#5956),(#5957,#5958),(#5959,#5960)),.UNSPECIFIED.,.F.,.F.,.F.,(4,1,4),(2,
2),(-0.233822647067595,-0.102468171189469,0.),(0.,0.0999999999999996),
 .UNSPECIFIED.);
#64=B_SPLINE_SURFACE_WITH_KNOTS('',3,1,((#5974,#5975),(#5976,#5977),(#5978,
#5979),(#5980,#5981),(#5982,#5983)),.UNSPECIFIED.,.F.,.F.,.F.,(4,1,4),(2,
2),(-0.270878132006391,-0.140379566571837,0.),(0.,0.0999999999999996),
 .UNSPECIFIED.);
#65=B_SPLINE_SURFACE_WITH_KNOTS('',3,1,((#5997,#5998),(#5999,#6000),(#6001,
#6002),(#6003,#6004),(#6005,#6006)),.UNSPECIFIED.,.F.,.F.,.F.,(4,1,4),(2,
2),(-0.448019903582596,-0.239612666086302,0.),(0.,0.0999999999999996),
 .UNSPECIFIED.);
#66=B_SPLINE_SURFACE_WITH_KNOTS('',3,1,((#6020,#6021),(#6022,#6023),(#6024,
#6025),(#6026,#6027),(#6028,#6029)),.UNSPECIFIED.,.F.,.F.,.F.,(4,1,4),(2,
2),(-0.420712407280351,-0.201057198131912,0.),(0.,0.0999999999999996),
 .UNSPECIFIED.);
#67=B_SPLINE_SURFACE_WITH_KNOTS('',3,1,((#6043,#6044),(#6045,#6046),(#6047,
#6048),(#6049,#6050),(#6051,#6052)),.UNSPECIFIED.,.F.,.F.,.F.,(4,1,4),(2,
2),(-0.207833256077047,-0.107200991165241,0.),(0.,0.0999999999999996),
 .UNSPECIFIED.);
#68=B_SPLINE_SURFACE_WITH_KNOTS('',3,1,((#6066,#6067),(#6068,#6069),(#6070,
#6071),(#6072,#6073),(#6074,#6075)),.UNSPECIFIED.,.F.,.F.,.F.,(4,1,4),(2,
2),(-0.189704834292675,-0.0962101892096997,0.),(0.,0.0999999999999996),
 .UNSPECIFIED.);
#69=B_SPLINE_SURFACE_WITH_KNOTS('',3,1,((#6089,#6090),(#6091,#6092),(#6093,
#6094),(#6095,#6096),(#6097,#6098)),.UNSPECIFIED.,.F.,.F.,.F.,(4,1,4),(2,
2),(-0.20040227439105,-0.0977454133758084,0.),(0.,0.0999999999999996),
 .UNSPECIFIED.);
#70=B_SPLINE_SURFACE_WITH_KNOTS('',3,1,((#6112,#6113),(#6114,#6115),(#6116,
#6117),(#6118,#6119),(#6120,#6121)),.UNSPECIFIED.,.F.,.F.,.F.,(4,1,4),(2,
2),(-0.213728160648044,-0.106085264523677,0.),(0.,0.0999999999999996),
 .UNSPECIFIED.);
#71=B_SPLINE_SURFACE_WITH_KNOTS('',3,1,((#6135,#6136),(#6137,#6138),(#6139,
#6140),(#6141,#6142),(#6143,#6144)),.UNSPECIFIED.,.F.,.F.,.F.,(4,1,4),(2,
2),(-0.380846723276016,-0.183779612330073,0.),(0.,0.0999999999999996),
 .UNSPECIFIED.);
#72=B_SPLINE_SURFACE_WITH_KNOTS('',3,1,((#6158,#6159),(#6160,#6161),(#6162,
#6163),(#6164,#6165),(#6166,#6167)),.UNSPECIFIED.,.F.,.F.,.F.,(4,1,4),(2,
2),(-0.324015205277925,-0.182893295596928,0.),(0.,0.0999999999999996),
 .UNSPECIFIED.);
#73=B_SPLINE_SURFACE_WITH_KNOTS('',3,1,((#6191,#6192),(#6193,#6194),(#6195,
#6196),(#6197,#6198),(#6199,#6200)),.UNSPECIFIED.,.F.,.F.,.F.,(4,1,4),(2,
2),(-0.338005463534746,-0.178521213760971,0.),(0.,0.0999999999999996),
 .UNSPECIFIED.);
#74=B_SPLINE_SURFACE_WITH_KNOTS('',3,1,((#6217,#6218),(#6219,#6220),(#6221,
#6222),(#6223,#6224),(#6225,#6226)),.UNSPECIFIED.,.F.,.F.,.F.,(4,1,4),(2,
2),(-0.268687476957468,-0.141984847785176,0.),(0.,0.0999999999999996),
 .UNSPECIFIED.);
#75=B_SPLINE_SURFACE_WITH_KNOTS('',3,1,((#6240,#6241),(#6242,#6243),(#6244,
#6245),(#6246,#6247),(#6248,#6249)),.UNSPECIFIED.,.F.,.F.,.F.,(4,1,4),(2,
2),(-0.236137210282111,-0.119719870094819,0.),(0.,0.0999999999999996),
 .UNSPECIFIED.);
#76=B_SPLINE_SURFACE_WITH_KNOTS('',3,1,((#6263,#6264),(#6265,#6266),(#6267,
#6268),(#6269,#6270),(#6271,#6272)),.UNSPECIFIED.,.F.,.F.,.F.,(4,1,4),(2,
2),(-0.246009761285786,-0.119087566572587,0.),(0.,0.0999999999999996),
 .UNSPECIFIED.);
#77=B_SPLINE_SURFACE_WITH_KNOTS('',3,1,((#6286,#6287),(#6288,#6289),(#6290,
#6291),(#6292,#6293),(#6294,#6295)),.UNSPECIFIED.,.F.,.F.,.F.,(4,1,4),(2,
2),(-0.24702672809298,-0.129753647061914,0.),(0.,0.0999999999999996),
 .UNSPECIFIED.);
#78=B_SPLINE_SURFACE_WITH_KNOTS('',3,1,((#6309,#6310),(#6311,#6312),(#6313,
#6314),(#6315,#6316),(#6317,#6318)),.UNSPECIFIED.,.F.,.F.,.F.,(4,1,4),(2,
2),(-0.236824029132846,-0.11462375485354,0.),(0.,0.0999999999999996),
 .UNSPECIFIED.);
#79=B_SPLINE_SURFACE_WITH_KNOTS('',3,1,((#6332,#6333),(#6334,#6335),(#6336,
#6337),(#6338,#6339),(#6340,#6341)),.UNSPECIFIED.,.F.,.F.,.F.,(4,1,4),(2,
2),(-0.271338414888187,-0.128209218954654,0.),(0.,0.0999999999999996),
 .UNSPECIFIED.);
#80=B_SPLINE_SURFACE_WITH_KNOTS('',3,1,((#6355,#6356),(#6357,#6358),(#6359,
#6360),(#6361,#6362),(#6363,#6364)),.UNSPECIFIED.,.F.,.F.,.F.,(4,1,4),(2,
2),(-0.335353826897087,-0.159392818019356,0.),(0.,0.0999999999999996),
 .UNSPECIFIED.);
#81=B_SPLINE_SURFACE_WITH_KNOTS('',3,1,((#6378,#6379),(#6380,#6381),(#6382,
#6383),(#6384,#6385),(#6386,#6387)),.UNSPECIFIED.,.F.,.F.,.F.,(4,1,4),(2,
2),(-0.603046663800579,-0.332911257779122,0.),(0.,0.0999999999999996),
 .UNSPECIFIED.);
#82=B_SPLINE_SURFACE_WITH_KNOTS('',3,1,((#6401,#6402),(#6403,#6404),(#6405,
#6406),(#6407,#6408),(#6409,#6410)),.UNSPECIFIED.,.F.,.F.,.F.,(4,1,4),(2,
2),(-0.47985533040724,-0.237049744241471,0.),(0.,0.0999999999999996),
 .UNSPECIFIED.);
#83=B_SPLINE_SURFACE_WITH_KNOTS('',3,1,((#6424,#6425),(#6426,#6427),(#6428,
#6429),(#6430,#6431),(#6432,#6433)),.UNSPECIFIED.,.F.,.F.,.F.,(4,1,4),(2,
2),(-0.479327393027708,-0.242649247699753,0.),(0.,0.0999999999999996),
 .UNSPECIFIED.);
#84=B_SPLINE_SURFACE_WITH_KNOTS('',3,1,((#6447,#6448),(#6449,#6450),(#6451,
#6452),(#6453,#6454),(#6455,#6456)),.UNSPECIFIED.,.F.,.F.,.F.,(4,1,4),(2,
2),(-0.602819156516941,-0.269926690924216,0.),(0.,0.0999999999999996),
 .UNSPECIFIED.);
#85=B_SPLINE_SURFACE_WITH_KNOTS('',3,1,((#6482,#6483),(#6484,#6485),(#6486,
#6487),(#6488,#6489),(#6490,#6491)),.UNSPECIFIED.,.F.,.F.,.F.,(4,1,4),(2,
2),(-0.14755744643665,-0.0724589287850111,0.),(0.,0.0999999999999996),
 .UNSPECIFIED.);
#86=B_SPLINE_SURFACE_WITH_KNOTS('',3,1,((#6505,#6506),(#6507,#6508),(#6509,
#6510),(#6511,#6512),(#6513,#6514)),.UNSPECIFIED.,.F.,.F.,.F.,(4,1,4),(2,
2),(-0.151727341669732,-0.0761547891987303,0.),(0.,0.0999999999999996),
 .UNSPECIFIED.);
#87=B_SPLINE_SURFACE_WITH_KNOTS('',3,1,((#6528,#6529),(#6530,#6531),(#6532,
#6533),(#6534,#6535),(#6536,#6537)),.UNSPECIFIED.,.F.,.F.,.F.,(4,1,4),(2,
2),(-0.373670492840255,-0.195716784157294,0.),(0.,0.0999999999999996),
 .UNSPECIFIED.);
#88=B_SPLINE_SURFACE_WITH_KNOTS('',3,1,((#6551,#6552),(#6553,#6554),(#6555,
#6556),(#6557,#6558),(#6559,#6560)),.UNSPECIFIED.,.F.,.F.,.F.,(4,1,4),(2,
2),(-0.379967827420626,-0.178578393515711,0.),(0.,0.0999999999999996),
 .UNSPECIFIED.);
#89=B_SPLINE_SURFACE_WITH_KNOTS('',3,1,((#6590,#6591),(#6592,#6593),(#6594,
#6595),(#6596,#6597),(#6598,#6599)),.UNSPECIFIED.,.F.,.F.,.F.,(4,1,4),(2,
2),(-0.356124123905923,-0.184234438574877,0.),(0.,0.0999999999999996),
 .UNSPECIFIED.);
#90=B_SPLINE_SURFACE_WITH_KNOTS('',3,1,((#6613,#6614),(#6615,#6616),(#6617,
#6618),(#6619,#6620),(#6621,#6622)),.UNSPECIFIED.,.F.,.F.,.F.,(4,1,4),(2,
2),(-0.329679818442024,-0.165109152302038,0.),(0.,0.0999999999999996),
 .UNSPECIFIED.);
#91=B_SPLINE_SURFACE_WITH_KNOTS('',3,1,((#6636,#6637),(#6638,#6639),(#6640,
#6641),(#6642,#6643),(#6644,#6645)),.UNSPECIFIED.,.F.,.F.,.F.,(4,1,4),(2,
2),(-0.356306794232332,-0.171345700840644,0.),(0.,0.0999999999999996),
 .UNSPECIFIED.);
#92=B_SPLINE_SURFACE_WITH_KNOTS('',3,1,((#6659,#6660),(#6661,#6662),(#6663,
#6664),(#6665,#6666),(#6667,#6668)),.UNSPECIFIED.,.F.,.F.,.F.,(4,1,4),(2,
2),(-0.4244082169752,-0.202254170722121,0.),(0.,0.0999999999999996),
 .UNSPECIFIED.);
#93=B_SPLINE_SURFACE_WITH_KNOTS('',3,1,((#6682,#6683),(#6684,#6685),(#6686,
#6687),(#6688,#6689),(#6690,#6691)),.UNSPECIFIED.,.F.,.F.,.F.,(4,1,4),(2,
2),(-0.427102159682642,-0.225989053937014,0.),(0.,0.0999999999999996),
 .UNSPECIFIED.);
#94=B_SPLINE_SURFACE_WITH_KNOTS('',3,1,((#6705,#6706),(#6707,#6708),(#6709,
#6710),(#6711,#6712),(#6713,#6714)),.UNSPECIFIED.,.F.,.F.,.F.,(4,1,4),(2,
2),(-0.356400737197592,-0.183382913717416,0.),(0.,0.0999999999999996),
 .UNSPECIFIED.);
#95=B_SPLINE_SURFACE_WITH_KNOTS('',3,1,((#6728,#6729),(#6730,#6731),(#6732,
#6733),(#6734,#6735),(#6736,#6737)),.UNSPECIFIED.,.F.,.F.,.F.,(4,1,4),(2,
2),(-0.32967981442025,-0.16457068809088,0.),(0.,0.0999999999999996),
 .UNSPECIFIED.);
#96=B_SPLINE_SURFACE_WITH_KNOTS('',3,1,((#6751,#6752),(#6753,#6754),(#6755,
#6756),(#6757,#6758),(#6759,#6760)),.UNSPECIFIED.,.F.,.F.,.F.,(4,1,4),(2,
2),(-0.354863828255407,-0.171583752340491,0.),(0.,0.0999999999999996),
 .UNSPECIFIED.);
#97=B_SPLINE_SURFACE_WITH_KNOTS('',3,1,((#6774,#6775),(#6776,#6777),(#6778,
#6779),(#6780,#6781),(#6782,#6783)),.UNSPECIFIED.,.F.,.F.,.F.,(4,1,4),(2,
2),(-0.358462184965622,-0.185391073789389,0.),(0.,0.0999999999999996),
 .UNSPECIFIED.);
#98=B_SPLINE_SURFACE_WITH_KNOTS('',3,1,((#6797,#6798),(#6799,#6800),(#6801,
#6802),(#6803,#6804),(#6805,#6806)),.UNSPECIFIED.,.F.,.F.,.F.,(4,1,4),(2,
2),(-0.326863181924465,-0.16520571190388,0.),(0.,0.0999999999999996),
 .UNSPECIFIED.);
#99=B_SPLINE_SURFACE_WITH_KNOTS('',3,1,((#6820,#6821),(#6822,#6823),(#6824,
#6825),(#6826,#6827),(#6828,#6829)),.UNSPECIFIED.,.F.,.F.,.F.,(4,1,4),(2,
2),(-0.355109133344181,-0.170194147816342,0.),(0.,0.0999999999999996),
 .UNSPECIFIED.);
#100=B_SPLINE_SURFACE_WITH_KNOTS('',3,1,((#6843,#6844),(#6845,#6846),(#6847,
#6848),(#6849,#6850),(#6851,#6852)),.UNSPECIFIED.,.F.,.F.,.F.,(4,1,4),(2,
2),(-0.428442985446469,-0.203399461829683,0.),(0.,0.0999999999999996),
 .UNSPECIFIED.);
#101=B_SPLINE_SURFACE_WITH_KNOTS('',3,1,((#6866,#6867),(#6868,#6869),(#6870,
#6871),(#6872,#6873),(#6874,#6875)),.UNSPECIFIED.,.F.,.F.,.F.,(4,1,4),(2,
2),(-0.632081223930164,-0.338900720742408,0.),(0.,0.0999999999999996),
 .UNSPECIFIED.);
#102=B_SPLINE_SURFACE_WITH_KNOTS('',3,1,((#6889,#6890),(#6891,#6892),(#6893,
#6894),(#6895,#6896),(#6897,#6898)),.UNSPECIFIED.,.F.,.F.,.F.,(4,1,4),(2,
2),(-0.520304327284668,-0.264236971773328,0.),(0.,0.0999999999999996),
 .UNSPECIFIED.);
#103=B_SPLINE_SURFACE_WITH_KNOTS('',3,1,((#6912,#6913),(#6914,#6915),(#6916,
#6917),(#6918,#6919),(#6920,#6921)),.UNSPECIFIED.,.F.,.F.,.F.,(4,1,4),(2,
2),(-0.13100288815191,-0.0685246353097257,0.),(0.,0.0999999999999996),
 .UNSPECIFIED.);
#104=B_SPLINE_SURFACE_WITH_KNOTS('',3,1,((#6935,#6936),(#6937,#6938),(#6939,
#6940),(#6941,#6942),(#6943,#6944)),.UNSPECIFIED.,.F.,.F.,.F.,(4,1,4),(2,
2),(-0.102548318875781,-0.0551957822360923,0.),(0.,0.0999999999999996),
 .UNSPECIFIED.);
#105=B_SPLINE_SURFACE_WITH_KNOTS('',3,1,((#6958,#6959),(#6960,#6961),(#6962,
#6963),(#6964,#6965),(#6966,#6967)),.UNSPECIFIED.,.F.,.F.,.F.,(4,1,4),(2,
2),(-0.102700678609138,-0.0513404485462019,0.),(0.,0.0999999999999996),
 .UNSPECIFIED.);
#106=B_SPLINE_SURFACE_WITH_KNOTS('',3,1,((#6981,#6982),(#6983,#6984),(#6985,
#6986),(#6987,#6988),(#6989,#6990)),.UNSPECIFIED.,.F.,.F.,.F.,(4,1,4),(2,
2),(-0.136562295063307,-0.0599245426379115,0.),(0.,0.0999999999999996),
 .UNSPECIFIED.);
#107=B_SPLINE_SURFACE_WITH_KNOTS('',3,1,((#7004,#7005),(#7006,#7007),(#7008,
#7009),(#7010,#7011),(#7012,#7013)),.UNSPECIFIED.,.F.,.F.,.F.,(4,1,4),(2,
2),(-0.121342275952685,-0.0557199076436136,0.),(0.,0.0999999999999996),
 .UNSPECIFIED.);
#108=B_SPLINE_SURFACE_WITH_KNOTS('',3,1,((#7027,#7028),(#7029,#7030),(#7031,
#7032),(#7033,#7034),(#7035,#7036)),.UNSPECIFIED.,.F.,.F.,.F.,(4,1,4),(2,
2),(-0.103788963703285,-0.0613162157838167,0.),(0.,0.0999999999999996),
 .UNSPECIFIED.);
#109=STYLED_ITEM('',(#7121),#111);
#110=STYLED_ITEM('',(#7121),#112);
#111=MANIFOLD_SOLID_BREP('06 Hopper City',#3593);
#112=MANIFOLD_SOLID_BREP('Wall/Tamper',#3594);
#113=FACE_BOUND('',#629,.T.);
#114=FACE_BOUND('',#775,.T.);
#115=FACE_BOUND('',#777,.T.);
#116=FACE_BOUND('',#778,.T.);
#117=FACE_BOUND('',#779,.T.);
#118=TOROIDAL_SURFACE('',#3654,0.15,0.1);
#119=TOROIDAL_SURFACE('',#3656,0.15,0.1);
#120=ELLIPSE('',#3629,0.14142135623731,0.1);
#121=ELLIPSE('',#3630,0.14142135623731,0.1);
#122=ELLIPSE('',#3637,0.250954959385837,0.25);
#123=ELLIPSE('',#3641,0.250954959385837,0.25);
#124=ELLIPSE('',#3647,2.16798912148003,2.08349303135889);
#125=ELLIPSE('',#3668,2.16798912148003,2.08349303135889);
#126=ELLIPSE('',#3669,2.16798912148003,2.08349303135889);
#127=ELLIPSE('',#3670,2.16798912148003,2.08349303135889);
#128=ELLIPSE('',#3693,2.28922103192507,2.2);
#129=ELLIPSE('',#3698,2.28922103192507,2.2);
#130=ELLIPSE('',#3700,2.28922103192507,2.2);
#131=ELLIPSE('',#3702,2.28922103192507,2.2);
#132=ELLIPSE('',#3745,2.28922103192507,2.2);
#133=ELLIPSE('',#3747,2.28922103192507,2.2);
#134=B_SPLINE_CURVE_WITH_KNOTS('',3,(#4399,#4400,#4401,#4402,#4403,#4404,
#4405,#4406,#4407,#4408,#4409,#4410),.UNSPECIFIED.,.F.,.F.,(4,2,2,2,2,4),
(0.936536597175099,0.971725732931558,1.00691486868802,1.04747535695726,
1.13305524745263,1.14622654993463),.UNSPECIFIED.);
#135=B_SPLINE_CURVE_WITH_KNOTS('',3,(#4415,#4416,#4417,#4418,#4419,#4420,
#4421,#4422,#4423,#4424,#4425,#4426),.UNSPECIFIED.,.F.,.F.,(4,2,2,2,2,4),
(-0.209689951907236,-0.196518650277528,-0.110938759782162,-0.0703782715129162,
-0.0351891357564582,0.),.UNSPECIFIED.);
#136=B_SPLINE_CURVE_WITH_KNOTS('',3,(#4529,#4530,#4531,#4532,#4533,#4534,
#4535,#4536,#4537,#4538),.UNSPECIFIED.,.F.,.F.,(4,2,2,2,4),(0.,0.0382870789178652,
0.0765741578357303,0.115550667606219,0.154527177376707),.UNSPECIFIED.);
#137=B_SPLINE_CURVE_WITH_KNOTS('',3,(#4562,#4563,#4564,#4565,#4566,#4567,
#4568,#4569,#4570,#4571),.UNSPECIFIED.,.F.,.F.,(4,2,2,2,4),(0.165538748147999,
0.204515257918487,0.243491767688975,0.281778846606841,0.320065925524707),
 .UNSPECIFIED.);
#138=B_SPLINE_CURVE_WITH_KNOTS('',3,(#4751,#4752,#4753,#4754,#4755),
 .UNSPECIFIED.,.F.,.F.,(4,1,4),(0.,0.106781260546983,0.240062102765341),
 .UNSPECIFIED.);
#139=B_SPLINE_CURVE_WITH_KNOTS('',3,(#4757,#4758,#4759,#4760,#4761),
 .UNSPECIFIED.,.F.,.F.,(4,1,4),(-0.240062102765341,-0.106781260546983,0.),
 .UNSPECIFIED.);
#140=B_SPLINE_CURVE_WITH_KNOTS('',3,(#4774,#4775,#4776,#4777,#4778),
 .UNSPECIFIED.,.F.,.F.,(4,1,4),(0.,0.141756670801389,0.274462852405325),
 .UNSPECIFIED.);
#141=B_SPLINE_CURVE_WITH_KNOTS('',3,(#4780,#4781,#4782,#4783,#4784),
 .UNSPECIFIED.,.F.,.F.,(4,1,4),(-0.274462852405325,-0.141756670801389,0.),
 .UNSPECIFIED.);
#142=B_SPLINE_CURVE_WITH_KNOTS('',3,(#4797,#4798,#4799,#4800,#4801),
 .UNSPECIFIED.,.F.,.F.,(4,1,4),(0.,0.121072335586941,0.227506193803435),
 .UNSPECIFIED.);
#143=B_SPLINE_CURVE_WITH_KNOTS('',3,(#4803,#4804,#4805,#4806,#4807),
 .UNSPECIFIED.,.F.,.F.,(4,1,4),(-0.227506193803435,-0.121072335586941,0.),
 .UNSPECIFIED.);
#144=B_SPLINE_CURVE_WITH_KNOTS('',3,(#4820,#4821,#4822,#4823,#4824),
 .UNSPECIFIED.,.F.,.F.,(4,1,4),(0.,0.0977070099797576,0.193087316418535),
 .UNSPECIFIED.);
#145=B_SPLINE_CURVE_WITH_KNOTS('',3,(#4826,#4827,#4828,#4829,#4830),
 .UNSPECIFIED.,.F.,.F.,(4,1,4),(-0.193087316418535,-0.0977070099797576,
0.),.UNSPECIFIED.);
#146=B_SPLINE_CURVE_WITH_KNOTS('',3,(#4843,#4844,#4845,#4846,#4847),
 .UNSPECIFIED.,.F.,.F.,(4,1,4),(0.,0.100262976379442,0.196735195198029),
 .UNSPECIFIED.);
#147=B_SPLINE_CURVE_WITH_KNOTS('',3,(#4849,#4850,#4851,#4852,#4853),
 .UNSPECIFIED.,.F.,.F.,(4,1,4),(-0.196735195198029,-0.100262976379442,0.),
 .UNSPECIFIED.);
#148=B_SPLINE_CURVE_WITH_KNOTS('',3,(#4866,#4867,#4868,#4869,#4870),
 .UNSPECIFIED.,.F.,.F.,(4,1,4),(0.,0.099542643196906,0.208984222142804),
 .UNSPECIFIED.);
#149=B_SPLINE_CURVE_WITH_KNOTS('',3,(#4872,#4873,#4874,#4875,#4876),
 .UNSPECIFIED.,.F.,.F.,(4,1,4),(-0.208984222142804,-0.099542643196906,0.),
 .UNSPECIFIED.);
#150=B_SPLINE_CURVE_WITH_KNOTS('',3,(#4889,#4890,#4891,#4892,#4893),
 .UNSPECIFIED.,.F.,.F.,(4,1,4),(0.,0.149816286568378,0.299853151115458),
 .UNSPECIFIED.);
#151=B_SPLINE_CURVE_WITH_KNOTS('',3,(#4895,#4896,#4897,#4898,#4899),
 .UNSPECIFIED.,.F.,.F.,(4,1,4),(-0.299853151115458,-0.149816286568378,0.),
 .UNSPECIFIED.);
#152=B_SPLINE_CURVE_WITH_KNOTS('',3,(#4912,#4913,#4914,#4915,#4916),
 .UNSPECIFIED.,.F.,.F.,(4,1,4),(0.,0.149525572929432,0.294009893875413),
 .UNSPECIFIED.);
#153=B_SPLINE_CURVE_WITH_KNOTS('',3,(#4918,#4919,#4920,#4921,#4922),
 .UNSPECIFIED.,.F.,.F.,(4,1,4),(-0.294009893875413,-0.149525572929432,0.),
 .UNSPECIFIED.);
#154=B_SPLINE_CURVE_WITH_KNOTS('',3,(#4941,#4942,#4943,#4944,#4945),
 .UNSPECIFIED.,.F.,.F.,(4,1,4),(0.,0.0640654051722007,0.134538600667745),
 .UNSPECIFIED.);
#155=B_SPLINE_CURVE_WITH_KNOTS('',3,(#4947,#4948,#4949,#4950,#4951),
 .UNSPECIFIED.,.F.,.F.,(4,1,4),(-0.134538600667745,-0.0640654051722007,
0.),.UNSPECIFIED.);
#156=B_SPLINE_CURVE_WITH_KNOTS('',3,(#4964,#4965,#4966,#4967,#4968),
 .UNSPECIFIED.,.F.,.F.,(4,1,4),(0.,0.0745819841809976,0.152475985963293),
 .UNSPECIFIED.);
#157=B_SPLINE_CURVE_WITH_KNOTS('',3,(#4970,#4971,#4972,#4973,#4974),
 .UNSPECIFIED.,.F.,.F.,(4,1,4),(-0.152475985963293,-0.0745819841809976,
0.),.UNSPECIFIED.);
#158=B_SPLINE_CURVE_WITH_KNOTS('',3,(#4987,#4988,#4989,#4990,#4991),
 .UNSPECIFIED.,.F.,.F.,(4,1,4),(0.,0.0823676728178295,0.171549609172362),
 .UNSPECIFIED.);
#159=B_SPLINE_CURVE_WITH_KNOTS('',3,(#4993,#4994,#4995,#4996,#4997),
 .UNSPECIFIED.,.F.,.F.,(4,1,4),(-0.171549609172362,-0.0823676728178295,
0.),.UNSPECIFIED.);
#160=B_SPLINE_CURVE_WITH_KNOTS('',3,(#5010,#5011,#5012,#5013,#5014),
 .UNSPECIFIED.,.F.,.F.,(4,1,4),(0.,0.0996162626399515,0.21449725905305),
 .UNSPECIFIED.);
#161=B_SPLINE_CURVE_WITH_KNOTS('',3,(#5016,#5017,#5018,#5019,#5020),
 .UNSPECIFIED.,.F.,.F.,(4,1,4),(-0.21449725905305,-0.0996162626399515,0.),
 .UNSPECIFIED.);
#162=B_SPLINE_CURVE_WITH_KNOTS('',3,(#5033,#5034,#5035,#5036,#5037),
 .UNSPECIFIED.,.F.,.F.,(4,1,4),(0.,0.124259334477825,0.242215795921761),
 .UNSPECIFIED.);
#163=B_SPLINE_CURVE_WITH_KNOTS('',3,(#5039,#5040,#5041,#5042,#5043),
 .UNSPECIFIED.,.F.,.F.,(4,1,4),(-0.242215795921761,-0.124259334477825,0.),
 .UNSPECIFIED.);
#164=B_SPLINE_CURVE_WITH_KNOTS('',3,(#5056,#5057,#5058,#5059,#5060),
 .UNSPECIFIED.,.F.,.F.,(4,1,4),(0.,0.114792735345157,0.229099252286832),
 .UNSPECIFIED.);
#165=B_SPLINE_CURVE_WITH_KNOTS('',3,(#5062,#5063,#5064,#5065,#5066),
 .UNSPECIFIED.,.F.,.F.,(4,1,4),(-0.229099252286832,-0.114792735345157,0.),
 .UNSPECIFIED.);
#166=B_SPLINE_CURVE_WITH_KNOTS('',3,(#5079,#5080,#5081,#5082,#5083),
 .UNSPECIFIED.,.F.,.F.,(4,1,4),(0.,0.119292943767164,0.241425287881678),
 .UNSPECIFIED.);
#167=B_SPLINE_CURVE_WITH_KNOTS('',3,(#5085,#5086,#5087,#5088,#5089),
 .UNSPECIFIED.,.F.,.F.,(4,1,4),(-0.241425287881678,-0.119292943767164,0.),
 .UNSPECIFIED.);
#168=B_SPLINE_CURVE_WITH_KNOTS('',3,(#5102,#5103,#5104,#5105,#5106),
 .UNSPECIFIED.,.F.,.F.,(4,1,4),(0.,0.129929429144931,0.271867255310183),
 .UNSPECIFIED.);
#169=B_SPLINE_CURVE_WITH_KNOTS('',3,(#5108,#5109,#5110,#5111,#5112),
 .UNSPECIFIED.,.F.,.F.,(4,1,4),(-0.271867255310183,-0.129929429144931,0.),
 .UNSPECIFIED.);
#170=B_SPLINE_CURVE_WITH_KNOTS('',3,(#5125,#5126,#5127,#5128,#5129),
 .UNSPECIFIED.,.F.,.F.,(4,1,4),(0.,0.142715670401838,0.286244100981248),
 .UNSPECIFIED.);
#171=B_SPLINE_CURVE_WITH_KNOTS('',3,(#5131,#5132,#5133,#5134,#5135),
 .UNSPECIFIED.,.F.,.F.,(4,1,4),(-0.286244100981248,-0.142715670401838,0.),
 .UNSPECIFIED.);
#172=B_SPLINE_CURVE_WITH_KNOTS('',3,(#5148,#5149,#5150,#5151,#5152),
 .UNSPECIFIED.,.F.,.F.,(4,1,4),(0.,0.134827937693099,0.250920344417483),
 .UNSPECIFIED.);
#173=B_SPLINE_CURVE_WITH_KNOTS('',3,(#5154,#5155,#5156,#5157,#5158),
 .UNSPECIFIED.,.F.,.F.,(4,1,4),(-0.250920344417483,-0.134827937693099,0.),
 .UNSPECIFIED.);
#174=B_SPLINE_CURVE_WITH_KNOTS('',3,(#5183,#5184,#5185,#5186,#5187),
 .UNSPECIFIED.,.F.,.F.,(4,1,4),(0.,0.110379953933953,0.243899619913644),
 .UNSPECIFIED.);
#175=B_SPLINE_CURVE_WITH_KNOTS('',3,(#5189,#5190,#5191,#5192,#5193),
 .UNSPECIFIED.,.F.,.F.,(4,1,4),(-0.243899619913644,-0.110379953933953,0.),
 .UNSPECIFIED.);
#176=B_SPLINE_CURVE_WITH_KNOTS('',3,(#5206,#5207,#5208,#5209,#5210),
 .UNSPECIFIED.,.F.,.F.,(4,1,4),(0.,0.141281489424612,0.277372249550532),
 .UNSPECIFIED.);
#177=B_SPLINE_CURVE_WITH_KNOTS('',3,(#5212,#5213,#5214,#5215,#5216),
 .UNSPECIFIED.,.F.,.F.,(4,1,4),(-0.277372249550532,-0.141281489424612,0.),
 .UNSPECIFIED.);
#178=B_SPLINE_CURVE_WITH_KNOTS('',3,(#5229,#5230,#5231,#5232,#5233),
 .UNSPECIFIED.,.F.,.F.,(4,1,4),(0.,0.0783426831605191,0.158952415809976),
 .UNSPECIFIED.);
#179=B_SPLINE_CURVE_WITH_KNOTS('',3,(#5235,#5236,#5237,#5238,#5239),
 .UNSPECIFIED.,.F.,.F.,(4,1,4),(-0.158952415809976,-0.0783426831605191,
0.),.UNSPECIFIED.);
#180=B_SPLINE_CURVE_WITH_KNOTS('',3,(#5252,#5253,#5254,#5255,#5256),
 .UNSPECIFIED.,.F.,.F.,(4,1,4),(0.,0.0791176307632013,0.155369681517258),
 .UNSPECIFIED.);
#181=B_SPLINE_CURVE_WITH_KNOTS('',3,(#5258,#5259,#5260,#5261,#5262),
 .UNSPECIFIED.,.F.,.F.,(4,1,4),(-0.155369681517258,-0.0791176307632013,
0.),.UNSPECIFIED.);
#182=B_SPLINE_CURVE_WITH_KNOTS('',3,(#5275,#5276,#5277,#5278,#5279),
 .UNSPECIFIED.,.F.,.F.,(4,1,4),(0.,0.0742959798652389,0.147004169352672),
 .UNSPECIFIED.);
#183=B_SPLINE_CURVE_WITH_KNOTS('',3,(#5281,#5282,#5283,#5284,#5285),
 .UNSPECIFIED.,.F.,.F.,(4,1,4),(-0.147004169352672,-0.0742959798652389,
0.),.UNSPECIFIED.);
#184=B_SPLINE_CURVE_WITH_KNOTS('',3,(#5298,#5299,#5300,#5301,#5302),
 .UNSPECIFIED.,.F.,.F.,(4,1,4),(0.,0.0792543818832975,0.174036184615179),
 .UNSPECIFIED.);
#185=B_SPLINE_CURVE_WITH_KNOTS('',3,(#5304,#5305,#5306,#5307,#5308),
 .UNSPECIFIED.,.F.,.F.,(4,1,4),(-0.174036184615179,-0.0792543818832975,
0.),.UNSPECIFIED.);
#186=B_SPLINE_CURVE_WITH_KNOTS('',3,(#5321,#5322,#5323,#5324,#5325),
 .UNSPECIFIED.,.F.,.F.,(4,1,4),(0.,0.0945231765657103,0.173500742404848),
 .UNSPECIFIED.);
#187=B_SPLINE_CURVE_WITH_KNOTS('',3,(#5327,#5328,#5329,#5330,#5331),
 .UNSPECIFIED.,.F.,.F.,(4,1,4),(-0.173500742404848,-0.0945231765657103,
0.),.UNSPECIFIED.);
#188=B_SPLINE_CURVE_WITH_KNOTS('',3,(#5344,#5345,#5346,#5347,#5348),
 .UNSPECIFIED.,.F.,.F.,(4,1,4),(0.,0.0694309454808244,0.135289319503685),
 .UNSPECIFIED.);
#189=B_SPLINE_CURVE_WITH_KNOTS('',3,(#5350,#5351,#5352,#5353,#5354),
 .UNSPECIFIED.,.F.,.F.,(4,1,4),(-0.135289319503685,-0.0694309454808244,
0.),.UNSPECIFIED.);
#190=B_SPLINE_CURVE_WITH_KNOTS('',3,(#5367,#5368,#5369,#5370,#5371),
 .UNSPECIFIED.,.F.,.F.,(4,1,4),(0.,0.0669796629003402,0.138522562454555),
 .UNSPECIFIED.);
#191=B_SPLINE_CURVE_WITH_KNOTS('',3,(#5373,#5374,#5375,#5376,#5377),
 .UNSPECIFIED.,.F.,.F.,(4,1,4),(-0.138522562454555,-0.0669796629003402,
0.),.UNSPECIFIED.);
#192=B_SPLINE_CURVE_WITH_KNOTS('',3,(#5390,#5391,#5392,#5393,#5394),
 .UNSPECIFIED.,.F.,.F.,(4,1,4),(0.,0.0772874095383441,0.159935331445577),
 .UNSPECIFIED.);
#193=B_SPLINE_CURVE_WITH_KNOTS('',3,(#5396,#5397,#5398,#5399,#5400),
 .UNSPECIFIED.,.F.,.F.,(4,1,4),(-0.159935331445577,-0.0772874095383441,
0.),.UNSPECIFIED.);
#194=B_SPLINE_CURVE_WITH_KNOTS('',3,(#5431,#5432,#5433,#5434,#5435),
 .UNSPECIFIED.,.F.,.F.,(4,1,4),(0.,0.157679637018079,0.296095647919115),
 .UNSPECIFIED.);
#195=B_SPLINE_CURVE_WITH_KNOTS('',3,(#5437,#5438,#5439,#5440,#5441),
 .UNSPECIFIED.,.F.,.F.,(4,1,4),(-0.296095647919115,-0.157679637018079,0.),
 .UNSPECIFIED.);
#196=B_SPLINE_CURVE_WITH_KNOTS('',3,(#5454,#5455,#5456,#5457,#5458),
 .UNSPECIFIED.,.F.,.F.,(4,1,4),(0.,0.128898646911429,0.268869776579816),
 .UNSPECIFIED.);
#197=B_SPLINE_CURVE_WITH_KNOTS('',3,(#5460,#5461,#5462,#5463,#5464),
 .UNSPECIFIED.,.F.,.F.,(4,1,4),(-0.268869776579816,-0.128898646911429,0.),
 .UNSPECIFIED.);
#198=B_SPLINE_CURVE_WITH_KNOTS('',3,(#5477,#5478,#5479,#5480,#5481),
 .UNSPECIFIED.,.F.,.F.,(4,1,4),(0.,0.0669658474373553,0.127452825542056),
 .UNSPECIFIED.);
#199=B_SPLINE_CURVE_WITH_KNOTS('',3,(#5483,#5484,#5485,#5486,#5487),
 .UNSPECIFIED.,.F.,.F.,(4,1,4),(-0.127452825542056,-0.0669658474373553,
0.),.UNSPECIFIED.);
#200=B_SPLINE_CURVE_WITH_KNOTS('',3,(#5500,#5501,#5502,#5503,#5504),
 .UNSPECIFIED.,.F.,.F.,(4,1,4),(0.,0.0563914419051515,0.10986892883163),
 .UNSPECIFIED.);
#201=B_SPLINE_CURVE_WITH_KNOTS('',3,(#5506,#5507,#5508,#5509,#5510),
 .UNSPECIFIED.,.F.,.F.,(4,1,4),(-0.10986892883163,-0.0563914419051515,0.),
 .UNSPECIFIED.);
#202=B_SPLINE_CURVE_WITH_KNOTS('',3,(#5523,#5524,#5525,#5526,#5527),
 .UNSPECIFIED.,.F.,.F.,(4,1,4),(0.,0.0583246626264486,0.117316970454351),
 .UNSPECIFIED.);
#203=B_SPLINE_CURVE_WITH_KNOTS('',3,(#5529,#5530,#5531,#5532,#5533),
 .UNSPECIFIED.,.F.,.F.,(4,1,4),(-0.117316970454351,-0.0583246626264486,
0.),.UNSPECIFIED.);
#204=B_SPLINE_CURVE_WITH_KNOTS('',3,(#5546,#5547,#5548,#5549,#5550),
 .UNSPECIFIED.,.F.,.F.,(4,1,4),(0.,0.0614388940343927,0.126038028699685),
 .UNSPECIFIED.);
#205=B_SPLINE_CURVE_WITH_KNOTS('',3,(#5552,#5553,#5554,#5555,#5556),
 .UNSPECIFIED.,.F.,.F.,(4,1,4),(-0.126038028699685,-0.0614388940343927,
0.),.UNSPECIFIED.);
#206=B_SPLINE_CURVE_WITH_KNOTS('',3,(#5569,#5570,#5571,#5572,#5573),
 .UNSPECIFIED.,.F.,.F.,(4,1,4),(0.,0.0691164986158579,0.139223716636726),
 .UNSPECIFIED.);
#207=B_SPLINE_CURVE_WITH_KNOTS('',3,(#5575,#5576,#5577,#5578,#5579),
 .UNSPECIFIED.,.F.,.F.,(4,1,4),(-0.139223716636726,-0.0691164986158579,
0.),.UNSPECIFIED.);
#208=B_SPLINE_CURVE_WITH_KNOTS('',3,(#5592,#5593,#5594,#5595,#5596),
 .UNSPECIFIED.,.F.,.F.,(4,1,4),(0.,0.0709887312755481,0.142321225261056),
 .UNSPECIFIED.);
#209=B_SPLINE_CURVE_WITH_KNOTS('',3,(#5598,#5599,#5600,#5601,#5602),
 .UNSPECIFIED.,.F.,.F.,(4,1,4),(-0.142321225261056,-0.0709887312755481,
0.),.UNSPECIFIED.);
#210=B_SPLINE_CURVE_WITH_KNOTS('',3,(#5615,#5616,#5617,#5618,#5619),
 .UNSPECIFIED.,.F.,.F.,(4,1,4),(0.,0.0630323737693437,0.119510702608642),
 .UNSPECIFIED.);
#211=B_SPLINE_CURVE_WITH_KNOTS('',3,(#5621,#5622,#5623,#5624,#5625),
 .UNSPECIFIED.,.F.,.F.,(4,1,4),(-0.119510702608642,-0.0630323737693437,
0.),.UNSPECIFIED.);
#212=B_SPLINE_CURVE_WITH_KNOTS('',3,(#5637,#5638,#5639,#5640,#5641),
 .UNSPECIFIED.,.F.,.F.,(4,1,4),(0.,0.0508199564448702,0.0965755824305177),
 .UNSPECIFIED.);
#213=B_SPLINE_CURVE_WITH_KNOTS('',3,(#5642,#5643,#5644,#5645,#5646),
 .UNSPECIFIED.,.F.,.F.,(4,1,4),(-0.0965755824305177,-0.0508199564448702,
0.),.UNSPECIFIED.);
#214=B_SPLINE_CURVE_WITH_KNOTS('',3,(#5674,#5675,#5676,#5677,#5678),
 .UNSPECIFIED.,.F.,.F.,(4,1,4),(0.,0.170111606469578,0.331616025011754),
 .UNSPECIFIED.);
#215=B_SPLINE_CURVE_WITH_KNOTS('',3,(#5680,#5681,#5682,#5683,#5684),
 .UNSPECIFIED.,.F.,.F.,(4,1,4),(-0.331616025011754,-0.170111606469578,0.),
 .UNSPECIFIED.);
#216=B_SPLINE_CURVE_WITH_KNOTS('',3,(#5697,#5698,#5699,#5700,#5701),
 .UNSPECIFIED.,.F.,.F.,(4,1,4),(0.,0.157873769675356,0.3172005978464),
 .UNSPECIFIED.);
#217=B_SPLINE_CURVE_WITH_KNOTS('',3,(#5703,#5704,#5705,#5706,#5707),
 .UNSPECIFIED.,.F.,.F.,(4,1,4),(-0.3172005978464,-0.157873769675356,0.),
 .UNSPECIFIED.);
#218=B_SPLINE_CURVE_WITH_KNOTS('',3,(#5720,#5721,#5722,#5723,#5724),
 .UNSPECIFIED.,.F.,.F.,(4,1,4),(0.,0.282233754956603,0.484706824509943),
 .UNSPECIFIED.);
#219=B_SPLINE_CURVE_WITH_KNOTS('',3,(#5726,#5727,#5728,#5729,#5730),
 .UNSPECIFIED.,.F.,.F.,(4,1,4),(-0.484706824509943,-0.282233754956603,0.),
 .UNSPECIFIED.);
#220=B_SPLINE_CURVE_WITH_KNOTS('',3,(#5743,#5744,#5745,#5746,#5747),
 .UNSPECIFIED.,.F.,.F.,(4,1,4),(0.,0.157743115221536,0.309956009883465),
 .UNSPECIFIED.);
#221=B_SPLINE_CURVE_WITH_KNOTS('',3,(#5749,#5750,#5751,#5752,#5753),
 .UNSPECIFIED.,.F.,.F.,(4,1,4),(-0.309956009883465,-0.157743115221536,0.),
 .UNSPECIFIED.);
#222=B_SPLINE_CURVE_WITH_KNOTS('',3,(#5766,#5767,#5768,#5769,#5770),
 .UNSPECIFIED.,.F.,.F.,(4,1,4),(0.,0.0746817041523014,0.142159719907404),
 .UNSPECIFIED.);
#223=B_SPLINE_CURVE_WITH_KNOTS('',3,(#5772,#5773,#5774,#5775,#5776),
 .UNSPECIFIED.,.F.,.F.,(4,1,4),(-0.142159719907404,-0.0746817041523014,
0.),.UNSPECIFIED.);
#224=B_SPLINE_CURVE_WITH_KNOTS('',3,(#5789,#5790,#5791,#5792,#5793),
 .UNSPECIFIED.,.F.,.F.,(4,1,4),(0.,0.062378508212126,0.12158700445554),
 .UNSPECIFIED.);
#225=B_SPLINE_CURVE_WITH_KNOTS('',3,(#5795,#5796,#5797,#5798,#5799),
 .UNSPECIFIED.,.F.,.F.,(4,1,4),(-0.12158700445554,-0.062378508212126,0.),
 .UNSPECIFIED.);
#226=B_SPLINE_CURVE_WITH_KNOTS('',3,(#5812,#5813,#5814,#5815,#5816),
 .UNSPECIFIED.,.F.,.F.,(4,1,4),(0.,0.0587445468951792,0.118970646169729),
 .UNSPECIFIED.);
#227=B_SPLINE_CURVE_WITH_KNOTS('',3,(#5818,#5819,#5820,#5821,#5822),
 .UNSPECIFIED.,.F.,.F.,(4,1,4),(-0.118970646169729,-0.0587445468951792,
0.),.UNSPECIFIED.);
#228=B_SPLINE_CURVE_WITH_KNOTS('',3,(#5835,#5836,#5837,#5838,#5839),
 .UNSPECIFIED.,.F.,.F.,(4,1,4),(0.,0.0632989496769999,0.130863771306236),
 .UNSPECIFIED.);
#229=B_SPLINE_CURVE_WITH_KNOTS('',3,(#5841,#5842,#5843,#5844,#5845),
 .UNSPECIFIED.,.F.,.F.,(4,1,4),(-0.130863771306236,-0.0632989496769999,
0.),.UNSPECIFIED.);
#230=B_SPLINE_CURVE_WITH_KNOTS('',3,(#5858,#5859,#5860,#5861,#5862),
 .UNSPECIFIED.,.F.,.F.,(4,1,4),(0.,0.0683291466471488,0.138680097785707),
 .UNSPECIFIED.);
#231=B_SPLINE_CURVE_WITH_KNOTS('',3,(#5864,#5865,#5866,#5867,#5868),
 .UNSPECIFIED.,.F.,.F.,(4,1,4),(-0.138680097785707,-0.0683291466471488,
0.),.UNSPECIFIED.);
#232=B_SPLINE_CURVE_WITH_KNOTS('',3,(#5881,#5882,#5883,#5884,#5885),
 .UNSPECIFIED.,.F.,.F.,(4,1,4),(0.,0.0708785166863465,0.140287412114631),
 .UNSPECIFIED.);
#233=B_SPLINE_CURVE_WITH_KNOTS('',3,(#5887,#5888,#5889,#5890,#5891),
 .UNSPECIFIED.,.F.,.F.,(4,1,4),(-0.140287412114631,-0.0708785166863465,
0.),.UNSPECIFIED.);
#234=B_SPLINE_CURVE_WITH_KNOTS('',3,(#5904,#5905,#5906,#5907,#5908),
 .UNSPECIFIED.,.F.,.F.,(4,1,4),(0.,0.0578908810000385,0.116091161147032),
 .UNSPECIFIED.);
#235=B_SPLINE_CURVE_WITH_KNOTS('',3,(#5910,#5911,#5912,#5913,#5914),
 .UNSPECIFIED.,.F.,.F.,(4,1,4),(-0.116091161147032,-0.0578908810000385,
0.),.UNSPECIFIED.);
#236=B_SPLINE_CURVE_WITH_KNOTS('',3,(#5927,#5928,#5929,#5930,#5931),
 .UNSPECIFIED.,.F.,.F.,(4,1,4),(0.,0.0532576558747727,0.0960458579831695),
 .UNSPECIFIED.);
#237=B_SPLINE_CURVE_WITH_KNOTS('',3,(#5933,#5934,#5935,#5936,#5937),
 .UNSPECIFIED.,.F.,.F.,(4,1,4),(-0.0960458579831695,-0.0532576558747727,
0.),.UNSPECIFIED.);
#238=B_SPLINE_CURVE_WITH_KNOTS('',3,(#5962,#5963,#5964,#5965,#5966),
 .UNSPECIFIED.,.F.,.F.,(4,1,4),(0.,0.102468171189469,0.233822647067595),
 .UNSPECIFIED.);
#239=B_SPLINE_CURVE_WITH_KNOTS('',3,(#5968,#5969,#5970,#5971,#5972),
 .UNSPECIFIED.,.F.,.F.,(4,1,4),(-0.233822647067595,-0.102468171189469,0.),
 .UNSPECIFIED.);
#240=B_SPLINE_CURVE_WITH_KNOTS('',3,(#5985,#5986,#5987,#5988,#5989),
 .UNSPECIFIED.,.F.,.F.,(4,1,4),(0.,0.140379566571837,0.270878132006391),
 .UNSPECIFIED.);
#241=B_SPLINE_CURVE_WITH_KNOTS('',3,(#5991,#5992,#5993,#5994,#5995),
 .UNSPECIFIED.,.F.,.F.,(4,1,4),(-0.270878132006391,-0.140379566571837,0.),
 .UNSPECIFIED.);
#242=B_SPLINE_CURVE_WITH_KNOTS('',3,(#6008,#6009,#6010,#6011,#6012),
 .UNSPECIFIED.,.F.,.F.,(4,1,4),(0.,0.239612666086302,0.448019903582596),
 .UNSPECIFIED.);
#243=B_SPLINE_CURVE_WITH_KNOTS('',3,(#6014,#6015,#6016,#6017,#6018),
 .UNSPECIFIED.,.F.,.F.,(4,1,4),(-0.448019903582596,-0.239612666086302,0.),
 .UNSPECIFIED.);
#244=B_SPLINE_CURVE_WITH_KNOTS('',3,(#6031,#6032,#6033,#6034,#6035),
 .UNSPECIFIED.,.F.,.F.,(4,1,4),(0.,0.201057198131912,0.420712407280351),
 .UNSPECIFIED.);
#245=B_SPLINE_CURVE_WITH_KNOTS('',3,(#6037,#6038,#6039,#6040,#6041),
 .UNSPECIFIED.,.F.,.F.,(4,1,4),(-0.420712407280351,-0.201057198131912,0.),
 .UNSPECIFIED.);
#246=B_SPLINE_CURVE_WITH_KNOTS('',3,(#6054,#6055,#6056,#6057,#6058),
 .UNSPECIFIED.,.F.,.F.,(4,1,4),(0.,0.107200991165241,0.207833256077047),
 .UNSPECIFIED.);
#247=B_SPLINE_CURVE_WITH_KNOTS('',3,(#6060,#6061,#6062,#6063,#6064),
 .UNSPECIFIED.,.F.,.F.,(4,1,4),(-0.207833256077047,-0.107200991165241,0.),
 .UNSPECIFIED.);
#248=B_SPLINE_CURVE_WITH_KNOTS('',3,(#6077,#6078,#6079,#6080,#6081),
 .UNSPECIFIED.,.F.,.F.,(4,1,4),(0.,0.0962101892096997,0.189704834292675),
 .UNSPECIFIED.);
#249=B_SPLINE_CURVE_WITH_KNOTS('',3,(#6083,#6084,#6085,#6086,#6087),
 .UNSPECIFIED.,.F.,.F.,(4,1,4),(-0.189704834292675,-0.0962101892096997,
0.),.UNSPECIFIED.);
#250=B_SPLINE_CURVE_WITH_KNOTS('',3,(#6100,#6101,#6102,#6103,#6104),
 .UNSPECIFIED.,.F.,.F.,(4,1,4),(0.,0.0977454133758084,0.20040227439105),
 .UNSPECIFIED.);
#251=B_SPLINE_CURVE_WITH_KNOTS('',3,(#6106,#6107,#6108,#6109,#6110),
 .UNSPECIFIED.,.F.,.F.,(4,1,4),(-0.20040227439105,-0.0977454133758084,0.),
 .UNSPECIFIED.);
#252=B_SPLINE_CURVE_WITH_KNOTS('',3,(#6123,#6124,#6125,#6126,#6127),
 .UNSPECIFIED.,.F.,.F.,(4,1,4),(0.,0.106085264523677,0.213728160648044),
 .UNSPECIFIED.);
#253=B_SPLINE_CURVE_WITH_KNOTS('',3,(#6129,#6130,#6131,#6132,#6133),
 .UNSPECIFIED.,.F.,.F.,(4,1,4),(-0.213728160648044,-0.106085264523677,0.),
 .UNSPECIFIED.);
#254=B_SPLINE_CURVE_WITH_KNOTS('',3,(#6146,#6147,#6148,#6149,#6150),
 .UNSPECIFIED.,.F.,.F.,(4,1,4),(0.,0.183779612330073,0.380846723276016),
 .UNSPECIFIED.);
#255=B_SPLINE_CURVE_WITH_KNOTS('',3,(#6152,#6153,#6154,#6155,#6156),
 .UNSPECIFIED.,.F.,.F.,(4,1,4),(-0.380846723276016,-0.183779612330073,0.),
 .UNSPECIFIED.);
#256=B_SPLINE_CURVE_WITH_KNOTS('',3,(#6169,#6170,#6171,#6172,#6173),
 .UNSPECIFIED.,.F.,.F.,(4,1,4),(0.,0.182893295596928,0.324015205277925),
 .UNSPECIFIED.);
#257=B_SPLINE_CURVE_WITH_KNOTS('',3,(#6175,#6176,#6177,#6178,#6179),
 .UNSPECIFIED.,.F.,.F.,(4,1,4),(-0.324015205277925,-0.182893295596928,0.),
 .UNSPECIFIED.);
#258=B_SPLINE_CURVE_WITH_KNOTS('',3,(#6203,#6204,#6205,#6206,#6207),
 .UNSPECIFIED.,.F.,.F.,(4,1,4),(0.,0.178521213760971,0.338005463534746),
 .UNSPECIFIED.);
#259=B_SPLINE_CURVE_WITH_KNOTS('',3,(#6211,#6212,#6213,#6214,#6215),
 .UNSPECIFIED.,.F.,.F.,(4,1,4),(-0.338005463534746,-0.178521213760971,0.),
 .UNSPECIFIED.);
#260=B_SPLINE_CURVE_WITH_KNOTS('',3,(#6228,#6229,#6230,#6231,#6232),
 .UNSPECIFIED.,.F.,.F.,(4,1,4),(0.,0.141984847785176,0.268687476957468),
 .UNSPECIFIED.);
#261=B_SPLINE_CURVE_WITH_KNOTS('',3,(#6234,#6235,#6236,#6237,#6238),
 .UNSPECIFIED.,.F.,.F.,(4,1,4),(-0.268687476957468,-0.141984847785176,0.),
 .UNSPECIFIED.);
#262=B_SPLINE_CURVE_WITH_KNOTS('',3,(#6251,#6252,#6253,#6254,#6255),
 .UNSPECIFIED.,.F.,.F.,(4,1,4),(0.,0.119719870094819,0.236137210282111),
 .UNSPECIFIED.);
#263=B_SPLINE_CURVE_WITH_KNOTS('',3,(#6257,#6258,#6259,#6260,#6261),
 .UNSPECIFIED.,.F.,.F.,(4,1,4),(-0.236137210282111,-0.119719870094819,0.),
 .UNSPECIFIED.);
#264=B_SPLINE_CURVE_WITH_KNOTS('',3,(#6274,#6275,#6276,#6277,#6278),
 .UNSPECIFIED.,.F.,.F.,(4,1,4),(0.,0.119087566572587,0.246009761285786),
 .UNSPECIFIED.);
#265=B_SPLINE_CURVE_WITH_KNOTS('',3,(#6280,#6281,#6282,#6283,#6284),
 .UNSPECIFIED.,.F.,.F.,(4,1,4),(-0.246009761285786,-0.119087566572587,0.),
 .UNSPECIFIED.);
#266=B_SPLINE_CURVE_WITH_KNOTS('',3,(#6297,#6298,#6299,#6300,#6301),
 .UNSPECIFIED.,.F.,.F.,(4,1,4),(0.,0.129753647061914,0.24702672809298),
 .UNSPECIFIED.);
#267=B_SPLINE_CURVE_WITH_KNOTS('',3,(#6303,#6304,#6305,#6306,#6307),
 .UNSPECIFIED.,.F.,.F.,(4,1,4),(-0.24702672809298,-0.129753647061914,0.),
 .UNSPECIFIED.);
#268=B_SPLINE_CURVE_WITH_KNOTS('',3,(#6320,#6321,#6322,#6323,#6324),
 .UNSPECIFIED.,.F.,.F.,(4,1,4),(0.,0.11462375485354,0.236824029132846),
 .UNSPECIFIED.);
#269=B_SPLINE_CURVE_WITH_KNOTS('',3,(#6326,#6327,#6328,#6329,#6330),
 .UNSPECIFIED.,.F.,.F.,(4,1,4),(-0.236824029132846,-0.11462375485354,0.),
 .UNSPECIFIED.);
#270=B_SPLINE_CURVE_WITH_KNOTS('',3,(#6343,#6344,#6345,#6346,#6347),
 .UNSPECIFIED.,.F.,.F.,(4,1,4),(0.,0.128209218954654,0.271338414888187),
 .UNSPECIFIED.);
#271=B_SPLINE_CURVE_WITH_KNOTS('',3,(#6349,#6350,#6351,#6352,#6353),
 .UNSPECIFIED.,.F.,.F.,(4,1,4),(-0.271338414888187,-0.128209218954654,0.),
 .UNSPECIFIED.);
#272=B_SPLINE_CURVE_WITH_KNOTS('',3,(#6366,#6367,#6368,#6369,#6370),
 .UNSPECIFIED.,.F.,.F.,(4,1,4),(0.,0.159392818019356,0.335353826897087),
 .UNSPECIFIED.);
#273=B_SPLINE_CURVE_WITH_KNOTS('',3,(#6372,#6373,#6374,#6375,#6376),
 .UNSPECIFIED.,.F.,.F.,(4,1,4),(-0.335353826897087,-0.159392818019356,0.),
 .UNSPECIFIED.);
#274=B_SPLINE_CURVE_WITH_KNOTS('',3,(#6389,#6390,#6391,#6392,#6393),
 .UNSPECIFIED.,.F.,.F.,(4,1,4),(0.,0.332911257779122,0.603046663800579),
 .UNSPECIFIED.);
#275=B_SPLINE_CURVE_WITH_KNOTS('',3,(#6395,#6396,#6397,#6398,#6399),
 .UNSPECIFIED.,.F.,.F.,(4,1,4),(-0.603046663800579,-0.332911257779122,0.),
 .UNSPECIFIED.);
#276=B_SPLINE_CURVE_WITH_KNOTS('',3,(#6412,#6413,#6414,#6415,#6416),
 .UNSPECIFIED.,.F.,.F.,(4,1,4),(0.,0.237049744241471,0.47985533040724),
 .UNSPECIFIED.);
#277=B_SPLINE_CURVE_WITH_KNOTS('',3,(#6418,#6419,#6420,#6421,#6422),
 .UNSPECIFIED.,.F.,.F.,(4,1,4),(-0.47985533040724,-0.237049744241471,0.),
 .UNSPECIFIED.);
#278=B_SPLINE_CURVE_WITH_KNOTS('',3,(#6435,#6436,#6437,#6438,#6439),
 .UNSPECIFIED.,.F.,.F.,(4,1,4),(0.,0.242649247699753,0.479327393027708),
 .UNSPECIFIED.);
#279=B_SPLINE_CURVE_WITH_KNOTS('',3,(#6441,#6442,#6443,#6444,#6445),
 .UNSPECIFIED.,.F.,.F.,(4,1,4),(-0.479327393027708,-0.242649247699753,0.),
 .UNSPECIFIED.);
#280=B_SPLINE_CURVE_WITH_KNOTS('',3,(#6457,#6458,#6459,#6460,#6461),
 .UNSPECIFIED.,.F.,.F.,(4,1,4),(0.,0.269926690924216,0.602819156516941),
 .UNSPECIFIED.);
#281=B_SPLINE_CURVE_WITH_KNOTS('',3,(#6462,#6463,#6464,#6465,#6466),
 .UNSPECIFIED.,.F.,.F.,(4,1,4),(-0.602819156516941,-0.269926690924216,0.),
 .UNSPECIFIED.);
#282=B_SPLINE_CURVE_WITH_KNOTS('',3,(#6493,#6494,#6495,#6496,#6497),
 .UNSPECIFIED.,.F.,.F.,(4,1,4),(0.,0.0724589287850111,0.14755744643665),
 .UNSPECIFIED.);
#283=B_SPLINE_CURVE_WITH_KNOTS('',3,(#6499,#6500,#6501,#6502,#6503),
 .UNSPECIFIED.,.F.,.F.,(4,1,4),(-0.14755744643665,-0.0724589287850111,0.),
 .UNSPECIFIED.);
#284=B_SPLINE_CURVE_WITH_KNOTS('',3,(#6516,#6517,#6518,#6519,#6520),
 .UNSPECIFIED.,.F.,.F.,(4,1,4),(0.,0.0761547891987303,0.151727341669732),
 .UNSPECIFIED.);
#285=B_SPLINE_CURVE_WITH_KNOTS('',3,(#6522,#6523,#6524,#6525,#6526),
 .UNSPECIFIED.,.F.,.F.,(4,1,4),(-0.151727341669732,-0.0761547891987303,
0.),.UNSPECIFIED.);
#286=B_SPLINE_CURVE_WITH_KNOTS('',3,(#6539,#6540,#6541,#6542,#6543),
 .UNSPECIFIED.,.F.,.F.,(4,1,4),(0.,0.195716784157294,0.373670492840255),
 .UNSPECIFIED.);
#287=B_SPLINE_CURVE_WITH_KNOTS('',3,(#6545,#6546,#6547,#6548,#6549),
 .UNSPECIFIED.,.F.,.F.,(4,1,4),(-0.373670492840255,-0.195716784157294,0.),
 .UNSPECIFIED.);
#288=B_SPLINE_CURVE_WITH_KNOTS('',3,(#6562,#6563,#6564,#6565,#6566),
 .UNSPECIFIED.,.F.,.F.,(4,1,4),(0.,0.178578393515711,0.379967827420626),
 .UNSPECIFIED.);
#289=B_SPLINE_CURVE_WITH_KNOTS('',3,(#6568,#6569,#6570,#6571,#6572),
 .UNSPECIFIED.,.F.,.F.,(4,1,4),(-0.379967827420626,-0.178578393515711,0.),
 .UNSPECIFIED.);
#290=B_SPLINE_CURVE_WITH_KNOTS('',3,(#6578,#6579,#6580,#6581,#6582),
 .UNSPECIFIED.,.F.,.F.,(4,1,4),(-0.0319405794143677,-0.0162896513938904,
0.),.UNSPECIFIED.);
#291=B_SPLINE_CURVE_WITH_KNOTS('',3,(#6584,#6585,#6586,#6587,#6588),
 .UNSPECIFIED.,.F.,.F.,(4,1,4),(-0.0268300771713257,-0.0143731832504272,
0.),.UNSPECIFIED.);
#292=B_SPLINE_CURVE_WITH_KNOTS('',3,(#6601,#6602,#6603,#6604,#6605),
 .UNSPECIFIED.,.F.,.F.,(4,1,4),(0.,0.184234438574877,0.356124123905923),
 .UNSPECIFIED.);
#293=B_SPLINE_CURVE_WITH_KNOTS('',3,(#6607,#6608,#6609,#6610,#6611),
 .UNSPECIFIED.,.F.,.F.,(4,1,4),(-0.356124123905923,-0.184234438574877,0.),
 .UNSPECIFIED.);
#294=B_SPLINE_CURVE_WITH_KNOTS('',3,(#6624,#6625,#6626,#6627,#6628),
 .UNSPECIFIED.,.F.,.F.,(4,1,4),(0.,0.165109152302038,0.329679818442024),
 .UNSPECIFIED.);
#295=B_SPLINE_CURVE_WITH_KNOTS('',3,(#6630,#6631,#6632,#6633,#6634),
 .UNSPECIFIED.,.F.,.F.,(4,1,4),(-0.329679818442024,-0.165109152302038,0.),
 .UNSPECIFIED.);
#296=B_SPLINE_CURVE_WITH_KNOTS('',3,(#6647,#6648,#6649,#6650,#6651),
 .UNSPECIFIED.,.F.,.F.,(4,1,4),(0.,0.171345700840644,0.356306794232332),
 .UNSPECIFIED.);
#297=B_SPLINE_CURVE_WITH_KNOTS('',3,(#6653,#6654,#6655,#6656,#6657),
 .UNSPECIFIED.,.F.,.F.,(4,1,4),(-0.356306794232332,-0.171345700840644,0.),
 .UNSPECIFIED.);
#298=B_SPLINE_CURVE_WITH_KNOTS('',3,(#6670,#6671,#6672,#6673,#6674),
 .UNSPECIFIED.,.F.,.F.,(4,1,4),(0.,0.202254170722121,0.4244082169752),
 .UNSPECIFIED.);
#299=B_SPLINE_CURVE_WITH_KNOTS('',3,(#6676,#6677,#6678,#6679,#6680),
 .UNSPECIFIED.,.F.,.F.,(4,1,4),(-0.4244082169752,-0.202254170722121,0.),
 .UNSPECIFIED.);
#300=B_SPLINE_CURVE_WITH_KNOTS('',3,(#6693,#6694,#6695,#6696,#6697),
 .UNSPECIFIED.,.F.,.F.,(4,1,4),(0.,0.225989053937014,0.427102159682642),
 .UNSPECIFIED.);
#301=B_SPLINE_CURVE_WITH_KNOTS('',3,(#6699,#6700,#6701,#6702,#6703),
 .UNSPECIFIED.,.F.,.F.,(4,1,4),(-0.427102159682642,-0.225989053937014,0.),
 .UNSPECIFIED.);
#302=B_SPLINE_CURVE_WITH_KNOTS('',3,(#6716,#6717,#6718,#6719,#6720),
 .UNSPECIFIED.,.F.,.F.,(4,1,4),(0.,0.183382913717416,0.356400737197592),
 .UNSPECIFIED.);
#303=B_SPLINE_CURVE_WITH_KNOTS('',3,(#6722,#6723,#6724,#6725,#6726),
 .UNSPECIFIED.,.F.,.F.,(4,1,4),(-0.356400737197592,-0.183382913717416,0.),
 .UNSPECIFIED.);
#304=B_SPLINE_CURVE_WITH_KNOTS('',3,(#6739,#6740,#6741,#6742,#6743),
 .UNSPECIFIED.,.F.,.F.,(4,1,4),(0.,0.16457068809088,0.32967981442025),
 .UNSPECIFIED.);
#305=B_SPLINE_CURVE_WITH_KNOTS('',3,(#6745,#6746,#6747,#6748,#6749),
 .UNSPECIFIED.,.F.,.F.,(4,1,4),(-0.32967981442025,-0.16457068809088,0.),
 .UNSPECIFIED.);
#306=B_SPLINE_CURVE_WITH_KNOTS('',3,(#6762,#6763,#6764,#6765,#6766),
 .UNSPECIFIED.,.F.,.F.,(4,1,4),(0.,0.171583752340491,0.354863828255407),
 .UNSPECIFIED.);
#307=B_SPLINE_CURVE_WITH_KNOTS('',3,(#6768,#6769,#6770,#6771,#6772),
 .UNSPECIFIED.,.F.,.F.,(4,1,4),(-0.354863828255407,-0.171583752340491,0.),
 .UNSPECIFIED.);
#308=B_SPLINE_CURVE_WITH_KNOTS('',3,(#6785,#6786,#6787,#6788,#6789),
 .UNSPECIFIED.,.F.,.F.,(4,1,4),(0.,0.185391073789389,0.358462184965622),
 .UNSPECIFIED.);
#309=B_SPLINE_CURVE_WITH_KNOTS('',3,(#6791,#6792,#6793,#6794,#6795),
 .UNSPECIFIED.,.F.,.F.,(4,1,4),(-0.358462184965622,-0.185391073789389,0.),
 .UNSPECIFIED.);
#310=B_SPLINE_CURVE_WITH_KNOTS('',3,(#6808,#6809,#6810,#6811,#6812),
 .UNSPECIFIED.,.F.,.F.,(4,1,4),(0.,0.16520571190388,0.326863181924465),
 .UNSPECIFIED.);
#311=B_SPLINE_CURVE_WITH_KNOTS('',3,(#6814,#6815,#6816,#6817,#6818),
 .UNSPECIFIED.,.F.,.F.,(4,1,4),(-0.326863181924465,-0.16520571190388,0.),
 .UNSPECIFIED.);
#312=B_SPLINE_CURVE_WITH_KNOTS('',3,(#6831,#6832,#6833,#6834,#6835),
 .UNSPECIFIED.,.F.,.F.,(4,1,4),(0.,0.170194147816342,0.355109133344181),
 .UNSPECIFIED.);
#313=B_SPLINE_CURVE_WITH_KNOTS('',3,(#6837,#6838,#6839,#6840,#6841),
 .UNSPECIFIED.,.F.,.F.,(4,1,4),(-0.355109133344181,-0.170194147816342,0.),
 .UNSPECIFIED.);
#314=B_SPLINE_CURVE_WITH_KNOTS('',3,(#6854,#6855,#6856,#6857,#6858),
 .UNSPECIFIED.,.F.,.F.,(4,1,4),(0.,0.203399461829683,0.428442985446469),
 .UNSPECIFIED.);
#315=B_SPLINE_CURVE_WITH_KNOTS('',3,(#6860,#6861,#6862,#6863,#6864),
 .UNSPECIFIED.,.F.,.F.,(4,1,4),(-0.428442985446469,-0.203399461829683,0.),
 .UNSPECIFIED.);
#316=B_SPLINE_CURVE_WITH_KNOTS('',3,(#6877,#6878,#6879,#6880,#6881),
 .UNSPECIFIED.,.F.,.F.,(4,1,4),(0.,0.338900720742408,0.632081223930164),
 .UNSPECIFIED.);
#317=B_SPLINE_CURVE_WITH_KNOTS('',3,(#6883,#6884,#6885,#6886,#6887),
 .UNSPECIFIED.,.F.,.F.,(4,1,4),(-0.632081223930164,-0.338900720742408,0.),
 .UNSPECIFIED.);
#318=B_SPLINE_CURVE_WITH_KNOTS('',3,(#6900,#6901,#6902,#6903,#6904),
 .UNSPECIFIED.,.F.,.F.,(4,1,4),(0.,0.264236971773328,0.520304327284668),
 .UNSPECIFIED.);
#319=B_SPLINE_CURVE_WITH_KNOTS('',3,(#6906,#6907,#6908,#6909,#6910),
 .UNSPECIFIED.,.F.,.F.,(4,1,4),(-0.520304327284668,-0.264236971773328,0.),
 .UNSPECIFIED.);
#320=B_SPLINE_CURVE_WITH_KNOTS('',3,(#6923,#6924,#6925,#6926,#6927),
 .UNSPECIFIED.,.F.,.F.,(4,1,4),(0.,0.0685246353097257,0.13100288815191),
 .UNSPECIFIED.);
#321=B_SPLINE_CURVE_WITH_KNOTS('',3,(#6929,#6930,#6931,#6932,#6933),
 .UNSPECIFIED.,.F.,.F.,(4,1,4),(-0.13100288815191,-0.0685246353097257,0.),
 .UNSPECIFIED.);
#322=B_SPLINE_CURVE_WITH_KNOTS('',3,(#6946,#6947,#6948,#6949,#6950),
 .UNSPECIFIED.,.F.,.F.,(4,1,4),(0.,0.0551957822360923,0.102548318875781),
 .UNSPECIFIED.);
#323=B_SPLINE_CURVE_WITH_KNOTS('',3,(#6952,#6953,#6954,#6955,#6956),
 .UNSPECIFIED.,.F.,.F.,(4,1,4),(-0.102548318875781,-0.0551957822360923,
0.),.UNSPECIFIED.);
#324=B_SPLINE_CURVE_WITH_KNOTS('',3,(#6969,#6970,#6971,#6972,#6973),
 .UNSPECIFIED.,.F.,.F.,(4,1,4),(0.,0.0513404485462019,0.102700678609138),
 .UNSPECIFIED.);
#325=B_SPLINE_CURVE_WITH_KNOTS('',3,(#6975,#6976,#6977,#6978,#6979),
 .UNSPECIFIED.,.F.,.F.,(4,1,4),(-0.102700678609138,-0.0513404485462019,
0.),.UNSPECIFIED.);
#326=B_SPLINE_CURVE_WITH_KNOTS('',3,(#6992,#6993,#6994,#6995,#6996),
 .UNSPECIFIED.,.F.,.F.,(4,1,4),(0.,0.0599245426379115,0.136562295063307),
 .UNSPECIFIED.);
#327=B_SPLINE_CURVE_WITH_KNOTS('',3,(#6998,#6999,#7000,#7001,#7002),
 .UNSPECIFIED.,.F.,.F.,(4,1,4),(-0.136562295063307,-0.0599245426379115,
0.),.UNSPECIFIED.);
#328=B_SPLINE_CURVE_WITH_KNOTS('',3,(#7015,#7016,#7017,#7018,#7019),
 .UNSPECIFIED.,.F.,.F.,(4,1,4),(0.,0.0557199076436136,0.121342275952685),
 .UNSPECIFIED.);
#329=B_SPLINE_CURVE_WITH_KNOTS('',3,(#7021,#7022,#7023,#7024,#7025),
 .UNSPECIFIED.,.F.,.F.,(4,1,4),(-0.121342275952685,-0.0557199076436136,
0.),.UNSPECIFIED.);
#330=B_SPLINE_CURVE_WITH_KNOTS('',3,(#7037,#7038,#7039,#7040,#7041),
 .UNSPECIFIED.,.F.,.F.,(4,1,4),(0.,0.0613162157838167,0.103788963703285),
 .UNSPECIFIED.);
#331=B_SPLINE_CURVE_WITH_KNOTS('',3,(#7042,#7043,#7044,#7045,#7046),
 .UNSPECIFIED.,.F.,.F.,(4,1,4),(-0.103788963703285,-0.0613162157838167,
0.),.UNSPECIFIED.);
#332=PLANE('',#3614);
#333=PLANE('',#3618);
#334=PLANE('',#3619);
#335=PLANE('',#3620);
#336=PLANE('',#3621);
#337=PLANE('',#3625);
#338=PLANE('',#3634);
#339=PLANE('',#3635);
#340=PLANE('',#3636);
#341=PLANE('',#3638);
#342=PLANE('',#3639);
#343=PLANE('',#3640);
#344=PLANE('',#3642);
#345=PLANE('',#3643);
#346=PLANE('',#3644);
#347=PLANE('',#3646);
#348=PLANE('',#3659);
#349=PLANE('',#3661);
#350=PLANE('',#3663);
#351=PLANE('',#3674);
#352=PLANE('',#3675);
#353=PLANE('',#3676);
#354=PLANE('',#3677);
#355=PLANE('',#3678);
#356=PLANE('',#3679);
#357=PLANE('',#3680);
#358=PLANE('',#3683);
#359=PLANE('',#3684);
#360=PLANE('',#3685);
#361=PLANE('',#3688);
#362=PLANE('',#3689);
#363=PLANE('',#3692);
#364=PLANE('',#3694);
#365=PLANE('',#3696);
#366=PLANE('',#3697);
#367=PLANE('',#3699);
#368=PLANE('',#3701);
#369=PLANE('',#3706);
#370=PLANE('',#3707);
#371=PLANE('',#3708);
#372=PLANE('',#3709);
#373=PLANE('',#3710);
#374=PLANE('',#3711);
#375=PLANE('',#3712);
#376=PLANE('',#3713);
#377=PLANE('',#3714);
#378=PLANE('',#3715);
#379=PLANE('',#3716);
#380=PLANE('',#3717);
#381=PLANE('',#3718);
#382=PLANE('',#3719);
#383=PLANE('',#3720);
#384=PLANE('',#3721);
#385=PLANE('',#3722);
#386=PLANE('',#3723);
#387=PLANE('',#3724);
#388=PLANE('',#3725);
#389=PLANE('',#3726);
#390=PLANE('',#3727);
#391=PLANE('',#3728);
#392=PLANE('',#3729);
#393=PLANE('',#3730);
#394=PLANE('',#3731);
#395=PLANE('',#3732);
#396=PLANE('',#3733);
#397=PLANE('',#3738);
#398=PLANE('',#3739);
#399=PLANE('',#3742);
#400=PLANE('',#3744);
#401=PLANE('',#3746);
#402=PLANE('',#3751);
#403=PLANE('',#3752);
#404=FACE_OUTER_BOUND('',#595,.T.);
#405=FACE_OUTER_BOUND('',#596,.T.);
#406=FACE_OUTER_BOUND('',#597,.T.);
#407=FACE_OUTER_BOUND('',#598,.T.);
#408=FACE_OUTER_BOUND('',#599,.T.);
#409=FACE_OUTER_BOUND('',#600,.T.);
#410=FACE_OUTER_BOUND('',#601,.T.);
#411=FACE_OUTER_BOUND('',#602,.T.);
#412=FACE_OUTER_BOUND('',#603,.T.);
#413=FACE_OUTER_BOUND('',#604,.T.);
#414=FACE_OUTER_BOUND('',#605,.T.);
#415=FACE_OUTER_BOUND('',#606,.T.);
#416=FACE_OUTER_BOUND('',#607,.T.);
#417=FACE_OUTER_BOUND('',#608,.T.);
#418=FACE_OUTER_BOUND('',#609,.T.);
#419=FACE_OUTER_BOUND('',#610,.T.);
#420=FACE_OUTER_BOUND('',#611,.T.);
#421=FACE_OUTER_BOUND('',#612,.T.);
#422=FACE_OUTER_BOUND('',#613,.T.);
#423=FACE_OUTER_BOUND('',#614,.T.);
#424=FACE_OUTER_BOUND('',#615,.T.);
#425=FACE_OUTER_BOUND('',#616,.T.);
#426=FACE_OUTER_BOUND('',#617,.T.);
#427=FACE_OUTER_BOUND('',#618,.T.);
#428=FACE_OUTER_BOUND('',#619,.T.);
#429=FACE_OUTER_BOUND('',#620,.T.);
#430=FACE_OUTER_BOUND('',#621,.T.);
#431=FACE_OUTER_BOUND('',#622,.T.);
#432=FACE_OUTER_BOUND('',#623,.T.);
#433=FACE_OUTER_BOUND('',#624,.T.);
#434=FACE_OUTER_BOUND('',#625,.T.);
#435=FACE_OUTER_BOUND('',#626,.T.);
#436=FACE_OUTER_BOUND('',#627,.T.);
#437=FACE_OUTER_BOUND('',#628,.T.);
#438=FACE_OUTER_BOUND('',#630,.T.);
#439=FACE_OUTER_BOUND('',#631,.T.);
#440=FACE_OUTER_BOUND('',#632,.T.);
#441=FACE_OUTER_BOUND('',#633,.T.);
#442=FACE_OUTER_BOUND('',#634,.T.);
#443=FACE_OUTER_BOUND('',#635,.T.);
#444=FACE_OUTER_BOUND('',#636,.T.);
#445=FACE_OUTER_BOUND('',#637,.T.);
#446=FACE_OUTER_BOUND('',#638,.T.);
#447=FACE_OUTER_BOUND('',#639,.T.);
#448=FACE_OUTER_BOUND('',#640,.T.);
#449=FACE_OUTER_BOUND('',#641,.T.);
#450=FACE_OUTER_BOUND('',#642,.T.);
#451=FACE_OUTER_BOUND('',#643,.T.);
#452=FACE_OUTER_BOUND('',#644,.T.);
#453=FACE_OUTER_BOUND('',#645,.T.);
#454=FACE_OUTER_BOUND('',#646,.T.);
#455=FACE_OUTER_BOUND('',#647,.T.);
#456=FACE_OUTER_BOUND('',#648,.T.);
#457=FACE_OUTER_BOUND('',#649,.T.);
#458=FACE_OUTER_BOUND('',#650,.T.);
#459=FACE_OUTER_BOUND('',#651,.T.);
#460=FACE_OUTER_BOUND('',#652,.T.);
#461=FACE_OUTER_BOUND('',#653,.T.);
#462=FACE_OUTER_BOUND('',#654,.T.);
#463=FACE_OUTER_BOUND('',#655,.T.);
#464=FACE_OUTER_BOUND('',#656,.T.);
#465=FACE_OUTER_BOUND('',#657,.T.);
#466=FACE_OUTER_BOUND('',#658,.T.);
#467=FACE_OUTER_BOUND('',#659,.T.);
#468=FACE_OUTER_BOUND('',#660,.T.);
#469=FACE_OUTER_BOUND('',#661,.T.);
#470=FACE_OUTER_BOUND('',#662,.T.);
#471=FACE_OUTER_BOUND('',#663,.T.);
#472=FACE_OUTER_BOUND('',#664,.T.);
#473=FACE_OUTER_BOUND('',#665,.T.);
#474=FACE_OUTER_BOUND('',#666,.T.);
#475=FACE_OUTER_BOUND('',#667,.T.);
#476=FACE_OUTER_BOUND('',#668,.T.);
#477=FACE_OUTER_BOUND('',#669,.T.);
#478=FACE_OUTER_BOUND('',#670,.T.);
#479=FACE_OUTER_BOUND('',#671,.T.);
#480=FACE_OUTER_BOUND('',#672,.T.);
#481=FACE_OUTER_BOUND('',#673,.T.);
#482=FACE_OUTER_BOUND('',#674,.T.);
#483=FACE_OUTER_BOUND('',#675,.T.);
#484=FACE_OUTER_BOUND('',#676,.T.);
#485=FACE_OUTER_BOUND('',#677,.T.);
#486=FACE_OUTER_BOUND('',#678,.T.);
#487=FACE_OUTER_BOUND('',#679,.T.);
#488=FACE_OUTER_BOUND('',#680,.T.);
#489=FACE_OUTER_BOUND('',#681,.T.);
#490=FACE_OUTER_BOUND('',#682,.T.);
#491=FACE_OUTER_BOUND('',#683,.T.);
#492=FACE_OUTER_BOUND('',#684,.T.);
#493=FACE_OUTER_BOUND('',#685,.T.);
#494=FACE_OUTER_BOUND('',#686,.T.);
#495=FACE_OUTER_BOUND('',#687,.T.);
#496=FACE_OUTER_BOUND('',#688,.T.);
#497=FACE_OUTER_BOUND('',#689,.T.);
#498=FACE_OUTER_BOUND('',#690,.T.);
#499=FACE_OUTER_BOUND('',#691,.T.);
#500=FACE_OUTER_BOUND('',#692,.T.);
#501=FACE_OUTER_BOUND('',#693,.T.);
#502=FACE_OUTER_BOUND('',#694,.T.);
#503=FACE_OUTER_BOUND('',#695,.T.);
#504=FACE_OUTER_BOUND('',#696,.T.);
#505=FACE_OUTER_BOUND('',#697,.T.);
#506=FACE_OUTER_BOUND('',#698,.T.);
#507=FACE_OUTER_BOUND('',#699,.T.);
#508=FACE_OUTER_BOUND('',#700,.T.);
#509=FACE_OUTER_BOUND('',#701,.T.);
#510=FACE_OUTER_BOUND('',#702,.T.);
#511=FACE_OUTER_BOUND('',#703,.T.);
#512=FACE_OUTER_BOUND('',#704,.T.);
#513=FACE_OUTER_BOUND('',#705,.T.);
#514=FACE_OUTER_BOUND('',#706,.T.);
#515=FACE_OUTER_BOUND('',#707,.T.);
#516=FACE_OUTER_BOUND('',#708,.T.);
#517=FACE_OUTER_BOUND('',#709,.T.);
#518=FACE_OUTER_BOUND('',#710,.T.);
#519=FACE_OUTER_BOUND('',#711,.T.);
#520=FACE_OUTER_BOUND('',#712,.T.);
#521=FACE_OUTER_BOUND('',#713,.T.);
#522=FACE_OUTER_BOUND('',#714,.T.);
#523=FACE_OUTER_BOUND('',#715,.T.);
#524=FACE_OUTER_BOUND('',#716,.T.);
#525=FACE_OUTER_BOUND('',#717,.T.);
#526=FACE_OUTER_BOUND('',#718,.T.);
#527=FACE_OUTER_BOUND('',#719,.T.);
#528=FACE_OUTER_BOUND('',#720,.T.);
#529=FACE_OUTER_BOUND('',#721,.T.);
#530=FACE_OUTER_BOUND('',#722,.T.);
#531=FACE_OUTER_BOUND('',#723,.T.);
#532=FACE_OUTER_BOUND('',#724,.T.);
#533=FACE_OUTER_BOUND('',#725,.T.);
#534=FACE_OUTER_BOUND('',#726,.T.);
#535=FACE_OUTER_BOUND('',#727,.T.);
#536=FACE_OUTER_BOUND('',#728,.T.);
#537=FACE_OUTER_BOUND('',#729,.T.);
#538=FACE_OUTER_BOUND('',#730,.T.);
#539=FACE_OUTER_BOUND('',#731,.T.);
#540=FACE_OUTER_BOUND('',#732,.T.);
#541=FACE_OUTER_BOUND('',#733,.T.);
#542=FACE_OUTER_BOUND('',#734,.T.);
#543=FACE_OUTER_BOUND('',#735,.T.);
#544=FACE_OUTER_BOUND('',#736,.T.);
#545=FACE_OUTER_BOUND('',#737,.T.);
#546=FACE_OUTER_BOUND('',#738,.T.);
#547=FACE_OUTER_BOUND('',#739,.T.);
#548=FACE_OUTER_BOUND('',#740,.T.);
#549=FACE_OUTER_BOUND('',#741,.T.);
#550=FACE_OUTER_BOUND('',#742,.T.);
#551=FACE_OUTER_BOUND('',#743,.T.);
#552=FACE_OUTER_BOUND('',#744,.T.);
#553=FACE_OUTER_BOUND('',#745,.T.);
#554=FACE_OUTER_BOUND('',#746,.T.);
#555=FACE_OUTER_BOUND('',#747,.T.);
#556=FACE_OUTER_BOUND('',#748,.T.);
#557=FACE_OUTER_BOUND('',#749,.T.);
#558=FACE_OUTER_BOUND('',#750,.T.);
#559=FACE_OUTER_BOUND('',#751,.T.);
#560=FACE_OUTER_BOUND('',#752,.T.);
#561=FACE_OUTER_BOUND('',#753,.T.);
#562=FACE_OUTER_BOUND('',#754,.T.);
#563=FACE_OUTER_BOUND('',#755,.T.);
#564=FACE_OUTER_BOUND('',#756,.T.);
#565=FACE_OUTER_BOUND('',#757,.T.);
#566=FACE_OUTER_BOUND('',#758,.T.);
#567=FACE_OUTER_BOUND('',#759,.T.);
#568=FACE_OUTER_BOUND('',#760,.T.);
#569=FACE_OUTER_BOUND('',#761,.T.);
#570=FACE_OUTER_BOUND('',#762,.T.);
#571=FACE_OUTER_BOUND('',#763,.T.);
#572=FACE_OUTER_BOUND('',#764,.T.);
#573=FACE_OUTER_BOUND('',#765,.T.);
#574=FACE_OUTER_BOUND('',#766,.T.);
#575=FACE_OUTER_BOUND('',#767,.T.);
#576=FACE_OUTER_BOUND('',#768,.T.);
#577=FACE_OUTER_BOUND('',#769,.T.);
#578=FACE_OUTER_BOUND('',#770,.T.);
#579=FACE_OUTER_BOUND('',#771,.T.);
#580=FACE_OUTER_BOUND('',#772,.T.);
#581=FACE_OUTER_BOUND('',#773,.T.);
#582=FACE_OUTER_BOUND('',#774,.T.);
#583=FACE_OUTER_BOUND('',#776,.T.);
#584=FACE_OUTER_BOUND('',#780,.T.);
#585=FACE_OUTER_BOUND('',#781,.T.);
#586=FACE_OUTER_BOUND('',#782,.T.);
#587=FACE_OUTER_BOUND('',#783,.T.);
#588=FACE_OUTER_BOUND('',#784,.T.);
#589=FACE_OUTER_BOUND('',#785,.T.);
#590=FACE_OUTER_BOUND('',#786,.T.);
#591=FACE_OUTER_BOUND('',#787,.T.);
#592=FACE_OUTER_BOUND('',#788,.T.);
#593=FACE_OUTER_BOUND('',#789,.T.);
#594=FACE_OUTER_BOUND('',#790,.T.);
#595=EDGE_LOOP('',(#2303,#2304,#2305,#2306));
#596=EDGE_LOOP('',(#2307,#2308,#2309,#2310));
#597=EDGE_LOOP('',(#2311,#2312,#2313,#2314,#2315,#2316,#2317,#2318));
#598=EDGE_LOOP('',(#2319,#2320,#2321,#2322));
#599=EDGE_LOOP('',(#2323,#2324,#2325,#2326));
#600=EDGE_LOOP('',(#2327,#2328,#2329,#2330,#2331));
#601=EDGE_LOOP('',(#2332,#2333,#2334,#2335));
#602=EDGE_LOOP('',(#2336,#2337,#2338,#2339,#2340,#2341,#2342));
#603=EDGE_LOOP('',(#2343,#2344,#2345,#2346,#2347,#2348));
#604=EDGE_LOOP('',(#2349,#2350,#2351,#2352,#2353,#2354));
#605=EDGE_LOOP('',(#2355,#2356,#2357,#2358));
#606=EDGE_LOOP('',(#2359,#2360,#2361,#2362));
#607=EDGE_LOOP('',(#2363,#2364,#2365,#2366));
#608=EDGE_LOOP('',(#2367,#2368,#2369,#2370));
#609=EDGE_LOOP('',(#2371,#2372,#2373,#2374));
#610=EDGE_LOOP('',(#2375,#2376,#2377,#2378));
#611=EDGE_LOOP('',(#2379,#2380,#2381));
#612=EDGE_LOOP('',(#2382,#2383,#2384,#2385));
#613=EDGE_LOOP('',(#2386,#2387,#2388));
#614=EDGE_LOOP('',(#2389,#2390,#2391));
#615=EDGE_LOOP('',(#2392,#2393,#2394,#2395));
#616=EDGE_LOOP('',(#2396,#2397,#2398,#2399));
#617=EDGE_LOOP('',(#2400,#2401,#2402,#2403));
#618=EDGE_LOOP('',(#2404,#2405,#2406,#2407,#2408));
#619=EDGE_LOOP('',(#2409,#2410,#2411,#2412,#2413));
#620=EDGE_LOOP('',(#2414,#2415,#2416,#2417,#2418));
#621=EDGE_LOOP('',(#2419,#2420,#2421,#2422));
#622=EDGE_LOOP('',(#2423,#2424,#2425,#2426));
#623=EDGE_LOOP('',(#2427,#2428,#2429,#2430));
#624=EDGE_LOOP('',(#2431,#2432,#2433,#2434));
#625=EDGE_LOOP('',(#2435,#2436,#2437,#2438,#2439,#2440,#2441,#2442,#2443,
#2444,#2445));
#626=EDGE_LOOP('',(#2446,#2447,#2448,#2449));
#627=EDGE_LOOP('',(#2450,#2451,#2452));
#628=EDGE_LOOP('',(#2453,#2454,#2455,#2456,#2457,#2458,#2459,#2460,#2461,
#2462,#2463,#2464,#2465,#2466,#2467,#2468,#2469,#2470));
#629=EDGE_LOOP('',(#2471,#2472,#2473,#2474));
#630=EDGE_LOOP('',(#2475,#2476,#2477,#2478));
#631=EDGE_LOOP('',(#2479,#2480,#2481));
#632=EDGE_LOOP('',(#2482,#2483,#2484));
#633=EDGE_LOOP('',(#2485,#2486,#2487));
#634=EDGE_LOOP('',(#2488,#2489,#2490,#2491,#2492));
#635=EDGE_LOOP('',(#2493,#2494,#2495,#2496));
#636=EDGE_LOOP('',(#2497,#2498,#2499,#2500,#2501,#2502,#2503));
#637=EDGE_LOOP('',(#2504,#2505,#2506,#2507));
#638=EDGE_LOOP('',(#2508,#2509,#2510,#2511,#2512,#2513,#2514,#2515,#2516,
#2517,#2518,#2519,#2520,#2521,#2522,#2523,#2524,#2525,#2526,#2527));
#639=EDGE_LOOP('',(#2528,#2529,#2530,#2531,#2532,#2533,#2534));
#640=EDGE_LOOP('',(#2535,#2536,#2537));
#641=EDGE_LOOP('',(#2538,#2539,#2540,#2541));
#642=EDGE_LOOP('',(#2542,#2543,#2544,#2545));
#643=EDGE_LOOP('',(#2546,#2547,#2548,#2549));
#644=EDGE_LOOP('',(#2550,#2551,#2552,#2553,#2554,#2555,#2556));
#645=EDGE_LOOP('',(#2557,#2558,#2559,#2560,#2561,#2562,#2563));
#646=EDGE_LOOP('',(#2564,#2565,#2566,#2567,#2568,#2569,#2570,#2571,#2572,
#2573,#2574,#2575));
#647=EDGE_LOOP('',(#2576,#2577,#2578,#2579,#2580));
#648=EDGE_LOOP('',(#2581,#2582,#2583,#2584,#2585,#2586,#2587));
#649=EDGE_LOOP('',(#2588,#2589,#2590,#2591,#2592));
#650=EDGE_LOOP('',(#2593,#2594,#2595,#2596,#2597));
#651=EDGE_LOOP('',(#2598,#2599,#2600,#2601,#2602));
#652=EDGE_LOOP('',(#2603,#2604,#2605,#2606,#2607,#2608,#2609));
#653=EDGE_LOOP('',(#2610,#2611,#2612,#2613,#2614,#2615,#2616));
#654=EDGE_LOOP('',(#2617,#2618,#2619,#2620));
#655=EDGE_LOOP('',(#2621,#2622,#2623,#2624));
#656=EDGE_LOOP('',(#2625,#2626,#2627,#2628));
#657=EDGE_LOOP('',(#2629,#2630,#2631,#2632));
#658=EDGE_LOOP('',(#2633,#2634,#2635,#2636));
#659=EDGE_LOOP('',(#2637,#2638,#2639,#2640));
#660=EDGE_LOOP('',(#2641,#2642,#2643,#2644));
#661=EDGE_LOOP('',(#2645,#2646,#2647,#2648));
#662=EDGE_LOOP('',(#2649,#2650,#2651,#2652));
#663=EDGE_LOOP('',(#2653,#2654,#2655,#2656));
#664=EDGE_LOOP('',(#2657,#2658,#2659,#2660));
#665=EDGE_LOOP('',(#2661,#2662,#2663,#2664));
#666=EDGE_LOOP('',(#2665,#2666,#2667,#2668));
#667=EDGE_LOOP('',(#2669,#2670,#2671,#2672));
#668=EDGE_LOOP('',(#2673,#2674,#2675,#2676));
#669=EDGE_LOOP('',(#2677,#2678,#2679,#2680));
#670=EDGE_LOOP('',(#2681,#2682,#2683,#2684));
#671=EDGE_LOOP('',(#2685,#2686,#2687,#2688));
#672=EDGE_LOOP('',(#2689,#2690,#2691,#2692));
#673=EDGE_LOOP('',(#2693,#2694,#2695,#2696));
#674=EDGE_LOOP('',(#2697,#2698,#2699,#2700));
#675=EDGE_LOOP('',(#2701,#2702,#2703,#2704));
#676=EDGE_LOOP('',(#2705,#2706,#2707,#2708));
#677=EDGE_LOOP('',(#2709,#2710,#2711,#2712));
#678=EDGE_LOOP('',(#2713,#2714,#2715,#2716));
#679=EDGE_LOOP('',(#2717,#2718,#2719,#2720));
#680=EDGE_LOOP('',(#2721,#2722,#2723,#2724));
#681=EDGE_LOOP('',(#2725,#2726,#2727,#2728));
#682=EDGE_LOOP('',(#2729,#2730,#2731,#2732));
#683=EDGE_LOOP('',(#2733,#2734,#2735,#2736));
#684=EDGE_LOOP('',(#2737,#2738,#2739,#2740));
#685=EDGE_LOOP('',(#2741,#2742,#2743,#2744));
#686=EDGE_LOOP('',(#2745,#2746,#2747,#2748));
#687=EDGE_LOOP('',(#2749,#2750,#2751,#2752));
#688=EDGE_LOOP('',(#2753,#2754,#2755,#2756));
#689=EDGE_LOOP('',(#2757,#2758,#2759,#2760));
#690=EDGE_LOOP('',(#2761,#2762,#2763,#2764));
#691=EDGE_LOOP('',(#2765,#2766,#2767,#2768));
#692=EDGE_LOOP('',(#2769,#2770,#2771,#2772));
#693=EDGE_LOOP('',(#2773,#2774,#2775,#2776));
#694=EDGE_LOOP('',(#2777,#2778,#2779,#2780));
#695=EDGE_LOOP('',(#2781,#2782,#2783,#2784));
#696=EDGE_LOOP('',(#2785,#2786,#2787,#2788));
#697=EDGE_LOOP('',(#2789,#2790,#2791,#2792));
#698=EDGE_LOOP('',(#2793,#2794,#2795,#2796));
#699=EDGE_LOOP('',(#2797,#2798,#2799,#2800));
#700=EDGE_LOOP('',(#2801,#2802,#2803,#2804));
#701=EDGE_LOOP('',(#2805,#2806,#2807,#2808));
#702=EDGE_LOOP('',(#2809,#2810,#2811,#2812));
#703=EDGE_LOOP('',(#2813,#2814,#2815,#2816));
#704=EDGE_LOOP('',(#2817,#2818,#2819,#2820));
#705=EDGE_LOOP('',(#2821,#2822,#2823,#2824,#2825,#2826,#2827,#2828,#2829,
#2830,#2831,#2832,#2833,#2834,#2835,#2836,#2837,#2838,#2839,#2840,#2841,
#2842,#2843,#2844,#2845,#2846,#2847,#2848,#2849,#2850,#2851,#2852,#2853,
#2854,#2855,#2856,#2857,#2858,#2859,#2860,#2861,#2862,#2863,#2864,#2865,
#2866));
#706=EDGE_LOOP('',(#2867,#2868,#2869,#2870));
#707=EDGE_LOOP('',(#2871,#2872,#2873,#2874));
#708=EDGE_LOOP('',(#2875,#2876,#2877,#2878));
#709=EDGE_LOOP('',(#2879,#2880,#2881,#2882));
#710=EDGE_LOOP('',(#2883,#2884,#2885,#2886));
#711=EDGE_LOOP('',(#2887,#2888,#2889,#2890));
#712=EDGE_LOOP('',(#2891,#2892,#2893,#2894));
#713=EDGE_LOOP('',(#2895,#2896,#2897,#2898));
#714=EDGE_LOOP('',(#2899,#2900,#2901,#2902));
#715=EDGE_LOOP('',(#2903,#2904,#2905,#2906));
#716=EDGE_LOOP('',(#2907,#2908,#2909,#2910));
#717=EDGE_LOOP('',(#2911,#2912,#2913,#2914));
#718=EDGE_LOOP('',(#2915,#2916,#2917,#2918));
#719=EDGE_LOOP('',(#2919,#2920,#2921,#2922));
#720=EDGE_LOOP('',(#2923,#2924,#2925,#2926));
#721=EDGE_LOOP('',(#2927,#2928,#2929,#2930));
#722=EDGE_LOOP('',(#2931,#2932,#2933,#2934));
#723=EDGE_LOOP('',(#2935,#2936,#2937,#2938));
#724=EDGE_LOOP('',(#2939,#2940,#2941,#2942));
#725=EDGE_LOOP('',(#2943,#2944,#2945,#2946));
#726=EDGE_LOOP('',(#2947,#2948,#2949,#2950));
#727=EDGE_LOOP('',(#2951,#2952,#2953,#2954));
#728=EDGE_LOOP('',(#2955,#2956,#2957,#2958));
#729=EDGE_LOOP('',(#2959,#2960,#2961,#2962));
#730=EDGE_LOOP('',(#2963,#2964,#2965,#2966));
#731=EDGE_LOOP('',(#2967,#2968,#2969,#2970));
#732=EDGE_LOOP('',(#2971,#2972,#2973,#2974));
#733=EDGE_LOOP('',(#2975,#2976,#2977,#2978));
#734=EDGE_LOOP('',(#2979,#2980,#2981,#2982,#2983,#2984,#2985,#2986,#2987,
#2988,#2989,#2990,#2991,#2992,#2993,#2994,#2995,#2996,#2997,#2998,#2999,
#3000,#3001,#3002,#3003,#3004,#3005,#3006));
#735=EDGE_LOOP('',(#3007,#3008,#3009,#3010));
#736=EDGE_LOOP('',(#3011,#3012,#3013,#3014));
#737=EDGE_LOOP('',(#3015,#3016,#3017,#3018));
#738=EDGE_LOOP('',(#3019,#3020,#3021,#3022));
#739=EDGE_LOOP('',(#3023,#3024,#3025,#3026));
#740=EDGE_LOOP('',(#3027,#3028,#3029,#3030));
#741=EDGE_LOOP('',(#3031,#3032,#3033,#3034));
#742=EDGE_LOOP('',(#3035,#3036,#3037,#3038));
#743=EDGE_LOOP('',(#3039,#3040,#3041,#3042));
#744=EDGE_LOOP('',(#3043,#3044,#3045,#3046));
#745=EDGE_LOOP('',(#3047,#3048,#3049,#3050));
#746=EDGE_LOOP('',(#3051,#3052,#3053,#3054));
#747=EDGE_LOOP('',(#3055,#3056,#3057,#3058));
#748=EDGE_LOOP('',(#3059,#3060,#3061,#3062));
#749=EDGE_LOOP('',(#3063,#3064,#3065,#3066));
#750=EDGE_LOOP('',(#3067,#3068,#3069,#3070));
#751=EDGE_LOOP('',(#3071,#3072,#3073,#3074));
#752=EDGE_LOOP('',(#3075,#3076,#3077,#3078));
#753=EDGE_LOOP('',(#3079,#3080,#3081,#3082,#3083));
#754=EDGE_LOOP('',(#3084,#3085,#3086,#3087));
#755=EDGE_LOOP('',(#3088,#3089,#3090,#3091));
#756=EDGE_LOOP('',(#3092,#3093,#3094,#3095));
#757=EDGE_LOOP('',(#3096,#3097,#3098,#3099));
#758=EDGE_LOOP('',(#3100,#3101,#3102,#3103));
#759=EDGE_LOOP('',(#3104,#3105,#3106,#3107));
#760=EDGE_LOOP('',(#3108,#3109,#3110,#3111));
#761=EDGE_LOOP('',(#3112,#3113,#3114,#3115));
#762=EDGE_LOOP('',(#3116,#3117,#3118,#3119));
#763=EDGE_LOOP('',(#3120,#3121,#3122,#3123));
#764=EDGE_LOOP('',(#3124,#3125,#3126,#3127));
#765=EDGE_LOOP('',(#3128,#3129,#3130,#3131));
#766=EDGE_LOOP('',(#3132,#3133,#3134,#3135));
#767=EDGE_LOOP('',(#3136,#3137,#3138,#3139));
#768=EDGE_LOOP('',(#3140,#3141,#3142,#3143));
#769=EDGE_LOOP('',(#3144,#3145,#3146,#3147));
#770=EDGE_LOOP('',(#3148,#3149,#3150,#3151));
#771=EDGE_LOOP('',(#3152,#3153,#3154,#3155));
#772=EDGE_LOOP('',(#3156,#3157,#3158,#3159));
#773=EDGE_LOOP('',(#3160,#3161,#3162,#3163));
#774=EDGE_LOOP('',(#3164,#3165,#3166,#3167,#3168,#3169,#3170,#3171,#3172,
#3173,#3174,#3175,#3176,#3177,#3178,#3179,#3180,#3181,#3182,#3183,#3184,
#3185,#3186,#3187,#3188,#3189,#3190,#3191));
#775=EDGE_LOOP('',(#3192,#3193,#3194,#3195,#3196,#3197,#3198,#3199,#3200,
#3201,#3202,#3203));
#776=EDGE_LOOP('',(#3204,#3205,#3206,#3207,#3208,#3209,#3210,#3211,#3212,
#3213,#3214,#3215,#3216,#3217));
#777=EDGE_LOOP('',(#3218,#3219,#3220,#3221,#3222,#3223,#3224,#3225,#3226,
#3227,#3228,#3229,#3230,#3231,#3232,#3233,#3234,#3235,#3236,#3237,#3238,
#3239,#3240,#3241,#3242,#3243,#3244,#3245,#3246,#3247,#3248,#3249,#3250,
#3251,#3252,#3253,#3254,#3255,#3256,#3257,#3258,#3259,#3260,#3261,#3262,
#3263));
#778=EDGE_LOOP('',(#3264,#3265,#3266,#3267,#3268,#3269,#3270,#3271,#3272,
#3273,#3274,#3275,#3276,#3277,#3278,#3279,#3280,#3281,#3282,#3283,#3284,
#3285,#3286,#3287,#3288,#3289,#3290,#3291));
#779=EDGE_LOOP('',(#3292,#3293,#3294,#3295,#3296,#3297,#3298,#3299,#3300,
#3301,#3302,#3303,#3304,#3305,#3306,#3307,#3308,#3309,#3310,#3311,#3312,
#3313,#3314,#3315,#3316,#3317,#3318));
#780=EDGE_LOOP('',(#3319,#3320,#3321,#3322));
#781=EDGE_LOOP('',(#3323,#3324,#3325,#3326));
#782=EDGE_LOOP('',(#3327,#3328,#3329,#3330,#3331,#3332,#3333,#3334,#3335,
#3336,#3337,#3338));
#783=EDGE_LOOP('',(#3339,#3340,#3341,#3342));
#784=EDGE_LOOP('',(#3343,#3344,#3345,#3346));
#785=EDGE_LOOP('',(#3347,#3348,#3349,#3350));
#786=EDGE_LOOP('',(#3351,#3352,#3353,#3354));
#787=EDGE_LOOP('',(#3355,#3356,#3357,#3358));
#788=EDGE_LOOP('',(#3359,#3360,#3361,#3362));
#789=EDGE_LOOP('',(#3363,#3364,#3365,#3366));
#790=EDGE_LOOP('',(#3367,#3368,#3369,#3370,#3371,#3372,#3373,#3374,#3375,
#3376,#3377,#3378,#3379,#3380));
#791=LINE('',#4342,#1082);
#792=LINE('',#4345,#1083);
#793=LINE('',#4351,#1084);
#794=LINE('',#4354,#1085);
#795=LINE('',#4357,#1086);
#796=LINE('',#4359,#1087);
#797=LINE('',#4361,#1088);
#798=LINE('',#4363,#1089);
#799=LINE('',#4364,#1090);
#800=LINE('',#4365,#1091);
#801=LINE('',#4371,#1092);
#802=LINE('',#4374,#1093);
#803=LINE('',#4376,#1094);
#804=LINE('',#4377,#1095);
#805=LINE('',#4380,#1096);
#806=LINE('',#4382,#1097);
#807=LINE('',#4383,#1098);
#808=LINE('',#4386,#1099);
#809=LINE('',#4387,#1100);
#810=LINE('',#4390,#1101);
#811=LINE('',#4392,#1102);
#812=LINE('',#4395,#1103);
#813=LINE('',#4411,#1104);
#814=LINE('',#4413,#1105);
#815=LINE('',#4431,#1106);
#816=LINE('',#4433,#1107);
#817=LINE('',#4434,#1108);
#818=LINE('',#4436,#1109);
#819=LINE('',#4437,#1110);
#820=LINE('',#4440,#1111);
#821=LINE('',#4447,#1112);
#822=LINE('',#4449,#1113);
#823=LINE('',#4452,#1114);
#824=LINE('',#4455,#1115);
#825=LINE('',#4457,#1116);
#826=LINE('',#4460,#1117);
#827=LINE('',#4461,#1118);
#828=LINE('',#4464,#1119);
#829=LINE('',#4465,#1120);
#830=LINE('',#4468,#1121);
#831=LINE('',#4470,#1122);
#832=LINE('',#4474,#1123);
#833=LINE('',#4476,#1124);
#834=LINE('',#4477,#1125);
#835=LINE('',#4480,#1126);
#836=LINE('',#4481,#1127);
#837=LINE('',#4486,#1128);
#838=LINE('',#4487,#1129);
#839=LINE('',#4490,#1130);
#840=LINE('',#4492,#1131);
#841=LINE('',#4493,#1132);
#842=LINE('',#4497,#1133);
#843=LINE('',#4499,#1134);
#844=LINE('',#4501,#1135);
#845=LINE('',#4502,#1136);
#846=LINE('',#4507,#1137);
#847=LINE('',#4508,#1138);
#848=LINE('',#4511,#1139);
#849=LINE('',#4513,#1140);
#850=LINE('',#4515,#1141);
#851=LINE('',#4518,#1142);
#852=LINE('',#4523,#1143);
#853=LINE('',#4525,#1144);
#854=LINE('',#4541,#1145);
#855=LINE('',#4552,#1146);
#856=LINE('',#4553,#1147);
#857=LINE('',#4556,#1148);
#858=LINE('',#4558,#1149);
#859=LINE('',#4559,#1150);
#860=LINE('',#4572,#1151);
#861=LINE('',#4576,#1152);
#862=LINE('',#4579,#1153);
#863=LINE('',#4583,#1154);
#864=LINE('',#4587,#1155);
#865=LINE('',#4590,#1156);
#866=LINE('',#4595,#1157);
#867=LINE('',#4599,#1158);
#868=LINE('',#4603,#1159);
#869=LINE('',#4608,#1160);
#870=LINE('',#4609,#1161);
#871=LINE('',#4610,#1162);
#872=LINE('',#4612,#1163);
#873=LINE('',#4614,#1164);
#874=LINE('',#4616,#1165);
#875=LINE('',#4618,#1166);
#876=LINE('',#4622,#1167);
#877=LINE('',#4624,#1168);
#878=LINE('',#4626,#1169);
#879=LINE('',#4627,#1170);
#880=LINE('',#4632,#1171);
#881=LINE('',#4634,#1172);
#882=LINE('',#4635,#1173);
#883=LINE('',#4640,#1174);
#884=LINE('',#4642,#1175);
#885=LINE('',#4643,#1176);
#886=LINE('',#4644,#1177);
#887=LINE('',#4645,#1178);
#888=LINE('',#4647,#1179);
#889=LINE('',#4648,#1180);
#890=LINE('',#4653,#1181);
#891=LINE('',#4654,#1182);
#892=LINE('',#4659,#1183);
#893=LINE('',#4664,#1184);
#894=LINE('',#4665,#1185);
#895=LINE('',#4668,#1186);
#896=LINE('',#4673,#1187);
#897=LINE('',#4674,#1188);
#898=LINE('',#4676,#1189);
#899=LINE('',#4677,#1190);
#900=LINE('',#4678,#1191);
#901=LINE('',#4686,#1192);
#902=LINE('',#4695,#1193);
#903=LINE('',#4697,#1194);
#904=LINE('',#4699,#1195);
#905=LINE('',#4700,#1196);
#906=LINE('',#4704,#1197);
#907=LINE('',#4706,#1198);
#908=LINE('',#4708,#1199);
#909=LINE('',#4709,#1200);
#910=LINE('',#4711,#1201);
#911=LINE('',#4712,#1202);
#912=LINE('',#4715,#1203);
#913=LINE('',#4717,#1204);
#914=LINE('',#4718,#1205);
#915=LINE('',#4721,#1206);
#916=LINE('',#4723,#1207);
#917=LINE('',#4724,#1208);
#918=LINE('',#4728,#1209);
#919=LINE('',#4730,#1210);
#920=LINE('',#4732,#1211);
#921=LINE('',#4733,#1212);
#922=LINE('',#4736,#1213);
#923=LINE('',#4738,#1214);
#924=LINE('',#4739,#1215);
#925=LINE('',#4762,#1216);
#926=LINE('',#4785,#1217);
#927=LINE('',#4808,#1218);
#928=LINE('',#4831,#1219);
#929=LINE('',#4854,#1220);
#930=LINE('',#4877,#1221);
#931=LINE('',#4900,#1222);
#932=LINE('',#4923,#1223);
#933=LINE('',#4926,#1224);
#934=LINE('',#4928,#1225);
#935=LINE('',#4929,#1226);
#936=LINE('',#4952,#1227);
#937=LINE('',#4975,#1228);
#938=LINE('',#4998,#1229);
#939=LINE('',#5021,#1230);
#940=LINE('',#5044,#1231);
#941=LINE('',#5067,#1232);
#942=LINE('',#5090,#1233);
#943=LINE('',#5113,#1234);
#944=LINE('',#5136,#1235);
#945=LINE('',#5159,#1236);
#946=LINE('',#5162,#1237);
#947=LINE('',#5164,#1238);
#948=LINE('',#5165,#1239);
#949=LINE('',#5168,#1240);
#950=LINE('',#5170,#1241);
#951=LINE('',#5171,#1242);
#952=LINE('',#5194,#1243);
#953=LINE('',#5217,#1244);
#954=LINE('',#5240,#1245);
#955=LINE('',#5263,#1246);
#956=LINE('',#5286,#1247);
#957=LINE('',#5309,#1248);
#958=LINE('',#5332,#1249);
#959=LINE('',#5355,#1250);
#960=LINE('',#5378,#1251);
#961=LINE('',#5401,#1252);
#962=LINE('',#5404,#1253);
#963=LINE('',#5406,#1254);
#964=LINE('',#5407,#1255);
#965=LINE('',#5410,#1256);
#966=LINE('',#5412,#1257);
#967=LINE('',#5413,#1258);
#968=LINE('',#5416,#1259);
#969=LINE('',#5418,#1260);
#970=LINE('',#5419,#1261);
#971=LINE('',#5442,#1262);
#972=LINE('',#5465,#1263);
#973=LINE('',#5488,#1264);
#974=LINE('',#5511,#1265);
#975=LINE('',#5534,#1266);
#976=LINE('',#5557,#1267);
#977=LINE('',#5580,#1268);
#978=LINE('',#5603,#1269);
#979=LINE('',#5626,#1270);
#980=LINE('',#5651,#1271);
#981=LINE('',#5653,#1272);
#982=LINE('',#5655,#1273);
#983=LINE('',#5656,#1274);
#984=LINE('',#5659,#1275);
#985=LINE('',#5661,#1276);
#986=LINE('',#5662,#1277);
#987=LINE('',#5685,#1278);
#988=LINE('',#5708,#1279);
#989=LINE('',#5731,#1280);
#990=LINE('',#5754,#1281);
#991=LINE('',#5777,#1282);
#992=LINE('',#5800,#1283);
#993=LINE('',#5823,#1284);
#994=LINE('',#5846,#1285);
#995=LINE('',#5869,#1286);
#996=LINE('',#5892,#1287);
#997=LINE('',#5915,#1288);
#998=LINE('',#5938,#1289);
#999=LINE('',#5941,#1290);
#1000=LINE('',#5943,#1291);
#1001=LINE('',#5944,#1292);
#1002=LINE('',#5947,#1293);
#1003=LINE('',#5949,#1294);
#1004=LINE('',#5950,#1295);
#1005=LINE('',#5973,#1296);
#1006=LINE('',#5996,#1297);
#1007=LINE('',#6019,#1298);
#1008=LINE('',#6042,#1299);
#1009=LINE('',#6065,#1300);
#1010=LINE('',#6088,#1301);
#1011=LINE('',#6111,#1302);
#1012=LINE('',#6134,#1303);
#1013=LINE('',#6157,#1304);
#1014=LINE('',#6180,#1305);
#1015=LINE('',#6183,#1306);
#1016=LINE('',#6185,#1307);
#1017=LINE('',#6186,#1308);
#1018=LINE('',#6188,#1309);
#1019=LINE('',#6189,#1310);
#1020=LINE('',#6209,#1311);
#1021=LINE('',#6216,#1312);
#1022=LINE('',#6239,#1313);
#1023=LINE('',#6262,#1314);
#1024=LINE('',#6285,#1315);
#1025=LINE('',#6308,#1316);
#1026=LINE('',#6331,#1317);
#1027=LINE('',#6354,#1318);
#1028=LINE('',#6377,#1319);
#1029=LINE('',#6400,#1320);
#1030=LINE('',#6423,#1321);
#1031=LINE('',#6446,#1322);
#1032=LINE('',#6470,#1323);
#1033=LINE('',#6472,#1324);
#1034=LINE('',#6474,#1325);
#1035=LINE('',#6475,#1326);
#1036=LINE('',#6478,#1327);
#1037=LINE('',#6480,#1328);
#1038=LINE('',#6481,#1329);
#1039=LINE('',#6504,#1330);
#1040=LINE('',#6527,#1331);
#1041=LINE('',#6550,#1332);
#1042=LINE('',#6573,#1333);
#1043=LINE('',#6576,#1334);
#1044=LINE('',#6589,#1335);
#1045=LINE('',#6612,#1336);
#1046=LINE('',#6635,#1337);
#1047=LINE('',#6658,#1338);
#1048=LINE('',#6681,#1339);
#1049=LINE('',#6704,#1340);
#1050=LINE('',#6727,#1341);
#1051=LINE('',#6750,#1342);
#1052=LINE('',#6773,#1343);
#1053=LINE('',#6796,#1344);
#1054=LINE('',#6819,#1345);
#1055=LINE('',#6842,#1346);
#1056=LINE('',#6865,#1347);
#1057=LINE('',#6888,#1348);
#1058=LINE('',#6911,#1349);
#1059=LINE('',#6934,#1350);
#1060=LINE('',#6957,#1351);
#1061=LINE('',#6980,#1352);
#1062=LINE('',#7003,#1353);
#1063=LINE('',#7026,#1354);
#1064=LINE('',#7053,#1355);
#1065=LINE('',#7055,#1356);
#1066=LINE('',#7056,#1357);
#1067=LINE('',#7058,#1358);
#1068=LINE('',#7060,#1359);
#1069=LINE('',#7062,#1360);
#1070=LINE('',#7065,#1361);
#1071=LINE('',#7068,#1362);
#1072=LINE('',#7071,#1363);
#1073=LINE('',#7074,#1364);
#1074=LINE('',#7075,#1365);
#1075=LINE('',#7079,#1366);
#1076=LINE('',#7084,#1367);
#1077=LINE('',#7087,#1368);
#1078=LINE('',#7092,#1369);
#1079=LINE('',#7094,#1370);
#1080=LINE('',#7098,#1371);
#1081=LINE('',#7100,#1372);
#1082=VECTOR('',#3759,1.6);
#1083=VECTOR('',#3762,1.);
#1084=VECTOR('',#3767,1.);
#1085=VECTOR('',#3770,1.);
#1086=VECTOR('',#3773,1.);
#1087=VECTOR('',#3774,1.);
#1088=VECTOR('',#3775,1.);
#1089=VECTOR('',#3776,1.);
#1090=VECTOR('',#3777,1.);
#1091=VECTOR('',#3778,1.);
#1092=VECTOR('',#3785,1.);
#1093=VECTOR('',#3788,1.);
#1094=VECTOR('',#3789,1.);
#1095=VECTOR('',#3790,1.);
#1096=VECTOR('',#3793,1.);
#1097=VECTOR('',#3794,1.);
#1098=VECTOR('',#3795,1.);
#1099=VECTOR('',#3798,1.);
#1100=VECTOR('',#3799,1.);
#1101=VECTOR('',#3802,1.);
#1102=VECTOR('',#3803,1.);
#1103=VECTOR('',#3806,1.);
#1104=VECTOR('',#3809,1.);
#1105=VECTOR('',#3810,1.);
#1106=VECTOR('',#3815,1.);
#1107=VECTOR('',#3816,1.);
#1108=VECTOR('',#3817,1.);
#1109=VECTOR('',#3818,1.);
#1110=VECTOR('',#3819,1.);
#1111=VECTOR('',#3822,1.);
#1112=VECTOR('',#3829,1.);
#1113=VECTOR('',#3832,1.);
#1114=VECTOR('',#3835,1.);
#1115=VECTOR('',#3838,1.);
#1116=VECTOR('',#3841,1.);
#1117=VECTOR('',#3844,1.);
#1118=VECTOR('',#3845,1.);
#1119=VECTOR('',#3848,1.);
#1120=VECTOR('',#3849,1.);
#1121=VECTOR('',#3852,1.);
#1122=VECTOR('',#3853,1.);
#1123=VECTOR('',#3858,1.);
#1124=VECTOR('',#3859,1.);
#1125=VECTOR('',#3860,1.);
#1126=VECTOR('',#3863,1.);
#1127=VECTOR('',#3864,1.);
#1128=VECTOR('',#3869,1.);
#1129=VECTOR('',#3870,1.);
#1130=VECTOR('',#3873,1.);
#1131=VECTOR('',#3874,1.);
#1132=VECTOR('',#3875,1.);
#1133=VECTOR('',#3878,1.);
#1134=VECTOR('',#3879,1.);
#1135=VECTOR('',#3880,1.);
#1136=VECTOR('',#3881,1.);
#1137=VECTOR('',#3886,1.);
#1138=VECTOR('',#3887,1.);
#1139=VECTOR('',#3890,1.);
#1140=VECTOR('',#3891,1.);
#1141=VECTOR('',#3892,1.);
#1142=VECTOR('',#3895,1.);
#1143=VECTOR('',#3902,1.);
#1144=VECTOR('',#3903,1.);
#1145=VECTOR('',#3910,1.);
#1146=VECTOR('',#3925,1.);
#1147=VECTOR('',#3926,1.);
#1148=VECTOR('',#3929,1.);
#1149=VECTOR('',#3930,1.);
#1150=VECTOR('',#3931,1.);
#1151=VECTOR('',#3934,1.);
#1152=VECTOR('',#3937,1.);
#1153=VECTOR('',#3940,1.);
#1154=VECTOR('',#3943,1.);
#1155=VECTOR('',#3946,1.);
#1156=VECTOR('',#3949,1.);
#1157=VECTOR('',#3956,1.);
#1158=VECTOR('',#3959,1.);
#1159=VECTOR('',#3962,1.);
#1160=VECTOR('',#3967,1.);
#1161=VECTOR('',#3968,1.);
#1162=VECTOR('',#3969,1.);
#1163=VECTOR('',#3972,1.);
#1164=VECTOR('',#3975,1.);
#1165=VECTOR('',#3978,1.);
#1166=VECTOR('',#3981,1.);
#1167=VECTOR('',#3984,1.);
#1168=VECTOR('',#3985,1.);
#1169=VECTOR('',#3986,1.);
#1170=VECTOR('',#3987,1.);
#1171=VECTOR('',#3992,1.);
#1172=VECTOR('',#3993,1.);
#1173=VECTOR('',#3994,1.);
#1174=VECTOR('',#4001,1.);
#1175=VECTOR('',#4002,1.);
#1176=VECTOR('',#4003,1.);
#1177=VECTOR('',#4004,1.);
#1178=VECTOR('',#4005,1.);
#1179=VECTOR('',#4006,1.);
#1180=VECTOR('',#4007,1.);
#1181=VECTOR('',#4012,1.);
#1182=VECTOR('',#4013,1.);
#1183=VECTOR('',#4022,1.);
#1184=VECTOR('',#4029,1.);
#1185=VECTOR('',#4030,1.);
#1186=VECTOR('',#4033,1.);
#1187=VECTOR('',#4038,1.);
#1188=VECTOR('',#4039,1.);
#1189=VECTOR('',#4040,1.);
#1190=VECTOR('',#4041,1.);
#1191=VECTOR('',#4042,1.);
#1192=VECTOR('',#4055,1.);
#1193=VECTOR('',#4068,1.);
#1194=VECTOR('',#4069,1.);
#1195=VECTOR('',#4070,1.);
#1196=VECTOR('',#4071,1.);
#1197=VECTOR('',#4074,1.);
#1198=VECTOR('',#4075,1.);
#1199=VECTOR('',#4076,1.);
#1200=VECTOR('',#4077,1.);
#1201=VECTOR('',#4080,1.);
#1202=VECTOR('',#4081,1.);
#1203=VECTOR('',#4084,1.);
#1204=VECTOR('',#4085,1.);
#1205=VECTOR('',#4086,1.);
#1206=VECTOR('',#4089,1.);
#1207=VECTOR('',#4090,1.);
#1208=VECTOR('',#4091,1.);
#1209=VECTOR('',#4094,1.);
#1210=VECTOR('',#4095,1.);
#1211=VECTOR('',#4096,1.);
#1212=VECTOR('',#4097,1.);
#1213=VECTOR('',#4100,1.);
#1214=VECTOR('',#4101,1.);
#1215=VECTOR('',#4102,1.);
#1216=VECTOR('',#4103,1.);
#1217=VECTOR('',#4104,1.);
#1218=VECTOR('',#4105,1.);
#1219=VECTOR('',#4106,1.);
#1220=VECTOR('',#4107,1.);
#1221=VECTOR('',#4108,1.);
#1222=VECTOR('',#4109,1.);
#1223=VECTOR('',#4110,1.);
#1224=VECTOR('',#4113,1.);
#1225=VECTOR('',#4114,1.);
#1226=VECTOR('',#4115,1.);
#1227=VECTOR('',#4116,1.);
#1228=VECTOR('',#4117,1.);
#1229=VECTOR('',#4118,1.);
#1230=VECTOR('',#4119,1.);
#1231=VECTOR('',#4120,1.);
#1232=VECTOR('',#4121,1.);
#1233=VECTOR('',#4122,1.);
#1234=VECTOR('',#4123,1.);
#1235=VECTOR('',#4124,1.);
#1236=VECTOR('',#4125,1.);
#1237=VECTOR('',#4128,1.);
#1238=VECTOR('',#4129,1.);
#1239=VECTOR('',#4130,1.);
#1240=VECTOR('',#4133,1.);
#1241=VECTOR('',#4134,1.);
#1242=VECTOR('',#4135,1.);
#1243=VECTOR('',#4136,1.);
#1244=VECTOR('',#4137,1.);
#1245=VECTOR('',#4138,1.);
#1246=VECTOR('',#4139,1.);
#1247=VECTOR('',#4140,1.);
#1248=VECTOR('',#4141,1.);
#1249=VECTOR('',#4142,1.);
#1250=VECTOR('',#4143,1.);
#1251=VECTOR('',#4144,1.);
#1252=VECTOR('',#4145,1.);
#1253=VECTOR('',#4148,1.);
#1254=VECTOR('',#4149,1.);
#1255=VECTOR('',#4150,1.);
#1256=VECTOR('',#4153,1.);
#1257=VECTOR('',#4154,1.);
#1258=VECTOR('',#4155,1.);
#1259=VECTOR('',#4158,1.);
#1260=VECTOR('',#4159,1.);
#1261=VECTOR('',#4160,1.);
#1262=VECTOR('',#4161,1.);
#1263=VECTOR('',#4162,1.);
#1264=VECTOR('',#4163,1.);
#1265=VECTOR('',#4164,1.);
#1266=VECTOR('',#4165,1.);
#1267=VECTOR('',#4166,1.);
#1268=VECTOR('',#4167,1.);
#1269=VECTOR('',#4168,1.);
#1270=VECTOR('',#4169,1.);
#1271=VECTOR('',#4174,1.);
#1272=VECTOR('',#4175,1.);
#1273=VECTOR('',#4176,1.);
#1274=VECTOR('',#4177,1.);
#1275=VECTOR('',#4180,1.);
#1276=VECTOR('',#4181,1.);
#1277=VECTOR('',#4182,1.);
#1278=VECTOR('',#4183,1.);
#1279=VECTOR('',#4184,1.);
#1280=VECTOR('',#4185,1.);
#1281=VECTOR('',#4186,1.);
#1282=VECTOR('',#4187,1.);
#1283=VECTOR('',#4188,1.);
#1284=VECTOR('',#4189,1.);
#1285=VECTOR('',#4190,1.);
#1286=VECTOR('',#4191,1.);
#1287=VECTOR('',#4192,1.);
#1288=VECTOR('',#4193,1.);
#1289=VECTOR('',#4194,1.);
#1290=VECTOR('',#4197,1.);
#1291=VECTOR('',#4198,1.);
#1292=VECTOR('',#4199,1.);
#1293=VECTOR('',#4202,1.);
#1294=VECTOR('',#4203,1.);
#1295=VECTOR('',#4204,1.);
#1296=VECTOR('',#4205,1.);
#1297=VECTOR('',#4206,1.);
#1298=VECTOR('',#4207,1.);
#1299=VECTOR('',#4208,1.);
#1300=VECTOR('',#4209,1.);
#1301=VECTOR('',#4210,1.);
#1302=VECTOR('',#4211,1.);
#1303=VECTOR('',#4212,1.);
#1304=VECTOR('',#4213,1.);
#1305=VECTOR('',#4214,1.);
#1306=VECTOR('',#4217,1.);
#1307=VECTOR('',#4218,1.);
#1308=VECTOR('',#4219,1.);
#1309=VECTOR('',#4222,1.);
#1310=VECTOR('',#4223,1.);
#1311=VECTOR('',#4226,1.);
#1312=VECTOR('',#4227,1.);
#1313=VECTOR('',#4228,1.);
#1314=VECTOR('',#4229,1.);
#1315=VECTOR('',#4230,1.);
#1316=VECTOR('',#4231,1.);
#1317=VECTOR('',#4232,1.);
#1318=VECTOR('',#4233,1.);
#1319=VECTOR('',#4234,1.);
#1320=VECTOR('',#4235,1.);
#1321=VECTOR('',#4236,1.);
#1322=VECTOR('',#4237,1.);
#1323=VECTOR('',#4240,1.);
#1324=VECTOR('',#4241,1.);
#1325=VECTOR('',#4242,1.);
#1326=VECTOR('',#4243,1.);
#1327=VECTOR('',#4246,1.);
#1328=VECTOR('',#4247,1.);
#1329=VECTOR('',#4248,1.);
#1330=VECTOR('',#4249,1.);
#1331=VECTOR('',#4250,1.);
#1332=VECTOR('',#4251,1.);
#1333=VECTOR('',#4252,1.);
#1334=VECTOR('',#4255,1.);
#1335=VECTOR('',#4256,1.);
#1336=VECTOR('',#4257,1.);
#1337=VECTOR('',#4258,1.);
#1338=VECTOR('',#4259,1.);
#1339=VECTOR('',#4260,1.);
#1340=VECTOR('',#4261,1.);
#1341=VECTOR('',#4262,1.);
#1342=VECTOR('',#4263,1.);
#1343=VECTOR('',#4264,1.);
#1344=VECTOR('',#4265,1.);
#1345=VECTOR('',#4266,1.);
#1346=VECTOR('',#4267,1.);
#1347=VECTOR('',#4268,1.);
#1348=VECTOR('',#4269,1.);
#1349=VECTOR('',#4270,1.);
#1350=VECTOR('',#4271,1.);
#1351=VECTOR('',#4272,1.);
#1352=VECTOR('',#4273,1.);
#1353=VECTOR('',#4274,1.);
#1354=VECTOR('',#4275,1.);
#1355=VECTOR('',#4282,1.);
#1356=VECTOR('',#4283,1.);
#1357=VECTOR('',#4284,1.);
#1358=VECTOR('',#4285,1.);
#1359=VECTOR('',#4286,1.);
#1360=VECTOR('',#4287,1.);
#1361=VECTOR('',#4290,1.);
#1362=VECTOR('',#4293,1.);
#1363=VECTOR('',#4296,1.);
#1364=VECTOR('',#4299,1.);
#1365=VECTOR('',#4300,1.);
#1366=VECTOR('',#4305,1.);
#1367=VECTOR('',#4312,1.);
#1368=VECTOR('',#4315,1.);
#1369=VECTOR('',#4322,1.);
#1370=VECTOR('',#4325,1.);
#1371=VECTOR('',#4330,1.);
#1372=VECTOR('',#4333,1.);
#1373=CIRCLE('',#3609,1.6);
#1374=CIRCLE('',#3610,1.6);
#1375=CIRCLE('',#3612,1.);
#1376=CIRCLE('',#3613,1.);
#1377=CIRCLE('',#3616,1.);
#1378=CIRCLE('',#3617,1.);
#1379=CIRCLE('',#3622,0.572297546012271);
#1380=CIRCLE('',#3624,0.572297546012271);
#1381=CIRCLE('',#3627,0.1);
#1382=CIRCLE('',#3632,0.1);
#1383=CIRCLE('',#3645,2.08349303135889);
#1384=CIRCLE('',#3649,0.25);
#1385=CIRCLE('',#3651,0.25);
#1386=CIRCLE('',#3653,0.1);
#1387=CIRCLE('',#3655,0.15);
#1388=CIRCLE('',#3657,0.1);
#1389=CIRCLE('',#3658,0.15);
#1390=CIRCLE('',#3660,2.08349303135889);
#1391=CIRCLE('',#3664,2.08349303135889);
#1392=CIRCLE('',#3666,2.08349303135889);
#1393=CIRCLE('',#3667,2.08349303135889);
#1394=CIRCLE('',#3671,2.08349303135889);
#1395=CIRCLE('',#3672,2.08349303135889);
#1396=CIRCLE('',#3673,2.08349303135889);
#1397=CIRCLE('',#3681,4.24529388729309);
#1398=CIRCLE('',#3682,0.0199999999999998);
#1399=CIRCLE('',#3686,0.0199999999999998);
#1400=CIRCLE('',#3687,4.24529388729309);
#1401=CIRCLE('',#3695,2.2);
#1402=CIRCLE('',#3704,2.2);
#1403=CIRCLE('',#3734,0.5);
#1404=CIRCLE('',#3735,0.5);
#1405=CIRCLE('',#3737,0.5);
#1406=CIRCLE('',#3741,0.5);
#1407=CIRCLE('',#3743,2.2);
#1408=CIRCLE('',#3750,2.2);
#1409=VERTEX_POINT('',#4338);
#1410=VERTEX_POINT('',#4339);
#1411=VERTEX_POINT('',#4341);
#1412=VERTEX_POINT('',#4343);
#1413=VERTEX_POINT('',#4347);
#1414=VERTEX_POINT('',#4348);
#1415=VERTEX_POINT('',#4350);
#1416=VERTEX_POINT('',#4352);
#1417=VERTEX_POINT('',#4356);
#1418=VERTEX_POINT('',#4358);
#1419=VERTEX_POINT('',#4360);
#1420=VERTEX_POINT('',#4362);
#1421=VERTEX_POINT('',#4367);
#1422=VERTEX_POINT('',#4369);
#1423=VERTEX_POINT('',#4373);
#1424=VERTEX_POINT('',#4375);
#1425=VERTEX_POINT('',#4379);
#1426=VERTEX_POINT('',#4381);
#1427=VERTEX_POINT('',#4385);
#1428=VERTEX_POINT('',#4389);
#1429=VERTEX_POINT('',#4391);
#1430=VERTEX_POINT('',#4393);
#1431=VERTEX_POINT('',#4397);
#1432=VERTEX_POINT('',#4398);
#1433=VERTEX_POINT('',#4412);
#1434=VERTEX_POINT('',#4414);
#1435=VERTEX_POINT('',#4429);
#1436=VERTEX_POINT('',#4430);
#1437=VERTEX_POINT('',#4432);
#1438=VERTEX_POINT('',#4435);
#1439=VERTEX_POINT('',#4439);
#1440=VERTEX_POINT('',#4443);
#1441=VERTEX_POINT('',#4444);
#1442=VERTEX_POINT('',#4446);
#1443=VERTEX_POINT('',#4451);
#1444=VERTEX_POINT('',#4453);
#1445=VERTEX_POINT('',#4459);
#1446=VERTEX_POINT('',#4463);
#1447=VERTEX_POINT('',#4467);
#1448=VERTEX_POINT('',#4469);
#1449=VERTEX_POINT('',#4473);
#1450=VERTEX_POINT('',#4475);
#1451=VERTEX_POINT('',#4479);
#1452=VERTEX_POINT('',#4483);
#1453=VERTEX_POINT('',#4485);
#1454=VERTEX_POINT('',#4489);
#1455=VERTEX_POINT('',#4491);
#1456=VERTEX_POINT('',#4495);
#1457=VERTEX_POINT('',#4496);
#1458=VERTEX_POINT('',#4498);
#1459=VERTEX_POINT('',#4500);
#1460=VERTEX_POINT('',#4504);
#1461=VERTEX_POINT('',#4506);
#1462=VERTEX_POINT('',#4510);
#1463=VERTEX_POINT('',#4512);
#1464=VERTEX_POINT('',#4514);
#1465=VERTEX_POINT('',#4516);
#1466=VERTEX_POINT('',#4522);
#1467=VERTEX_POINT('',#4524);
#1468=VERTEX_POINT('',#4528);
#1469=VERTEX_POINT('',#4539);
#1470=VERTEX_POINT('',#4545);
#1471=VERTEX_POINT('',#4549);
#1472=VERTEX_POINT('',#4551);
#1473=VERTEX_POINT('',#4555);
#1474=VERTEX_POINT('',#4557);
#1475=VERTEX_POINT('',#4561);
#1476=VERTEX_POINT('',#4574);
#1477=VERTEX_POINT('',#4575);
#1478=VERTEX_POINT('',#4577);
#1479=VERTEX_POINT('',#4581);
#1480=VERTEX_POINT('',#4582);
#1481=VERTEX_POINT('',#4584);
#1482=VERTEX_POINT('',#4586);
#1483=VERTEX_POINT('',#4589);
#1484=VERTEX_POINT('',#4594);
#1485=VERTEX_POINT('',#4597);
#1486=VERTEX_POINT('',#4598);
#1487=VERTEX_POINT('',#4600);
#1488=VERTEX_POINT('',#4602);
#1489=VERTEX_POINT('',#4606);
#1490=VERTEX_POINT('',#4607);
#1491=VERTEX_POINT('',#4620);
#1492=VERTEX_POINT('',#4621);
#1493=VERTEX_POINT('',#4623);
#1494=VERTEX_POINT('',#4625);
#1495=VERTEX_POINT('',#4629);
#1496=VERTEX_POINT('',#4631);
#1497=VERTEX_POINT('',#4633);
#1498=VERTEX_POINT('',#4639);
#1499=VERTEX_POINT('',#4641);
#1500=VERTEX_POINT('',#4646);
#1501=VERTEX_POINT('',#4650);
#1502=VERTEX_POINT('',#4652);
#1503=VERTEX_POINT('',#4662);
#1504=VERTEX_POINT('',#4667);
#1505=VERTEX_POINT('',#4671);
#1506=VERTEX_POINT('',#4672);
#1507=VERTEX_POINT('',#4675);
#1508=VERTEX_POINT('',#4684);
#1509=VERTEX_POINT('',#4693);
#1510=VERTEX_POINT('',#4694);
#1511=VERTEX_POINT('',#4696);
#1512=VERTEX_POINT('',#4698);
#1513=VERTEX_POINT('',#4702);
#1514=VERTEX_POINT('',#4703);
#1515=VERTEX_POINT('',#4705);
#1516=VERTEX_POINT('',#4707);
#1517=VERTEX_POINT('',#4714);
#1518=VERTEX_POINT('',#4716);
#1519=VERTEX_POINT('',#4720);
#1520=VERTEX_POINT('',#4722);
#1521=VERTEX_POINT('',#4726);
#1522=VERTEX_POINT('',#4727);
#1523=VERTEX_POINT('',#4729);
#1524=VERTEX_POINT('',#4731);
#1525=VERTEX_POINT('',#4735);
#1526=VERTEX_POINT('',#4737);
#1527=VERTEX_POINT('',#4750);
#1528=VERTEX_POINT('',#4756);
#1529=VERTEX_POINT('',#4773);
#1530=VERTEX_POINT('',#4779);
#1531=VERTEX_POINT('',#4796);
#1532=VERTEX_POINT('',#4802);
#1533=VERTEX_POINT('',#4819);
#1534=VERTEX_POINT('',#4825);
#1535=VERTEX_POINT('',#4842);
#1536=VERTEX_POINT('',#4848);
#1537=VERTEX_POINT('',#4865);
#1538=VERTEX_POINT('',#4871);
#1539=VERTEX_POINT('',#4888);
#1540=VERTEX_POINT('',#4894);
#1541=VERTEX_POINT('',#4911);
#1542=VERTEX_POINT('',#4917);
#1543=VERTEX_POINT('',#4925);
#1544=VERTEX_POINT('',#4927);
#1545=VERTEX_POINT('',#4940);
#1546=VERTEX_POINT('',#4946);
#1547=VERTEX_POINT('',#4963);
#1548=VERTEX_POINT('',#4969);
#1549=VERTEX_POINT('',#4986);
#1550=VERTEX_POINT('',#4992);
#1551=VERTEX_POINT('',#5009);
#1552=VERTEX_POINT('',#5015);
#1553=VERTEX_POINT('',#5032);
#1554=VERTEX_POINT('',#5038);
#1555=VERTEX_POINT('',#5055);
#1556=VERTEX_POINT('',#5061);
#1557=VERTEX_POINT('',#5078);
#1558=VERTEX_POINT('',#5084);
#1559=VERTEX_POINT('',#5101);
#1560=VERTEX_POINT('',#5107);
#1561=VERTEX_POINT('',#5124);
#1562=VERTEX_POINT('',#5130);
#1563=VERTEX_POINT('',#5147);
#1564=VERTEX_POINT('',#5153);
#1565=VERTEX_POINT('',#5161);
#1566=VERTEX_POINT('',#5163);
#1567=VERTEX_POINT('',#5167);
#1568=VERTEX_POINT('',#5169);
#1569=VERTEX_POINT('',#5182);
#1570=VERTEX_POINT('',#5188);
#1571=VERTEX_POINT('',#5205);
#1572=VERTEX_POINT('',#5211);
#1573=VERTEX_POINT('',#5228);
#1574=VERTEX_POINT('',#5234);
#1575=VERTEX_POINT('',#5251);
#1576=VERTEX_POINT('',#5257);
#1577=VERTEX_POINT('',#5274);
#1578=VERTEX_POINT('',#5280);
#1579=VERTEX_POINT('',#5297);
#1580=VERTEX_POINT('',#5303);
#1581=VERTEX_POINT('',#5320);
#1582=VERTEX_POINT('',#5326);
#1583=VERTEX_POINT('',#5343);
#1584=VERTEX_POINT('',#5349);
#1585=VERTEX_POINT('',#5366);
#1586=VERTEX_POINT('',#5372);
#1587=VERTEX_POINT('',#5389);
#1588=VERTEX_POINT('',#5395);
#1589=VERTEX_POINT('',#5403);
#1590=VERTEX_POINT('',#5405);
#1591=VERTEX_POINT('',#5409);
#1592=VERTEX_POINT('',#5411);
#1593=VERTEX_POINT('',#5415);
#1594=VERTEX_POINT('',#5417);
#1595=VERTEX_POINT('',#5430);
#1596=VERTEX_POINT('',#5436);
#1597=VERTEX_POINT('',#5453);
#1598=VERTEX_POINT('',#5459);
#1599=VERTEX_POINT('',#5476);
#1600=VERTEX_POINT('',#5482);
#1601=VERTEX_POINT('',#5499);
#1602=VERTEX_POINT('',#5505);
#1603=VERTEX_POINT('',#5522);
#1604=VERTEX_POINT('',#5528);
#1605=VERTEX_POINT('',#5545);
#1606=VERTEX_POINT('',#5551);
#1607=VERTEX_POINT('',#5568);
#1608=VERTEX_POINT('',#5574);
#1609=VERTEX_POINT('',#5591);
#1610=VERTEX_POINT('',#5597);
#1611=VERTEX_POINT('',#5614);
#1612=VERTEX_POINT('',#5620);
#1613=VERTEX_POINT('',#5649);
#1614=VERTEX_POINT('',#5650);
#1615=VERTEX_POINT('',#5652);
#1616=VERTEX_POINT('',#5654);
#1617=VERTEX_POINT('',#5658);
#1618=VERTEX_POINT('',#5660);
#1619=VERTEX_POINT('',#5673);
#1620=VERTEX_POINT('',#5679);
#1621=VERTEX_POINT('',#5696);
#1622=VERTEX_POINT('',#5702);
#1623=VERTEX_POINT('',#5719);
#1624=VERTEX_POINT('',#5725);
#1625=VERTEX_POINT('',#5742);
#1626=VERTEX_POINT('',#5748);
#1627=VERTEX_POINT('',#5765);
#1628=VERTEX_POINT('',#5771);
#1629=VERTEX_POINT('',#5788);
#1630=VERTEX_POINT('',#5794);
#1631=VERTEX_POINT('',#5811);
#1632=VERTEX_POINT('',#5817);
#1633=VERTEX_POINT('',#5834);
#1634=VERTEX_POINT('',#5840);
#1635=VERTEX_POINT('',#5857);
#1636=VERTEX_POINT('',#5863);
#1637=VERTEX_POINT('',#5880);
#1638=VERTEX_POINT('',#5886);
#1639=VERTEX_POINT('',#5903);
#1640=VERTEX_POINT('',#5909);
#1641=VERTEX_POINT('',#5926);
#1642=VERTEX_POINT('',#5932);
#1643=VERTEX_POINT('',#5940);
#1644=VERTEX_POINT('',#5942);
#1645=VERTEX_POINT('',#5946);
#1646=VERTEX_POINT('',#5948);
#1647=VERTEX_POINT('',#5961);
#1648=VERTEX_POINT('',#5967);
#1649=VERTEX_POINT('',#5984);
#1650=VERTEX_POINT('',#5990);
#1651=VERTEX_POINT('',#6007);
#1652=VERTEX_POINT('',#6013);
#1653=VERTEX_POINT('',#6030);
#1654=VERTEX_POINT('',#6036);
#1655=VERTEX_POINT('',#6053);
#1656=VERTEX_POINT('',#6059);
#1657=VERTEX_POINT('',#6076);
#1658=VERTEX_POINT('',#6082);
#1659=VERTEX_POINT('',#6099);
#1660=VERTEX_POINT('',#6105);
#1661=VERTEX_POINT('',#6122);
#1662=VERTEX_POINT('',#6128);
#1663=VERTEX_POINT('',#6145);
#1664=VERTEX_POINT('',#6151);
#1665=VERTEX_POINT('',#6168);
#1666=VERTEX_POINT('',#6174);
#1667=VERTEX_POINT('',#6182);
#1668=VERTEX_POINT('',#6184);
#1669=VERTEX_POINT('',#6201);
#1670=VERTEX_POINT('',#6202);
#1671=VERTEX_POINT('',#6208);
#1672=VERTEX_POINT('',#6210);
#1673=VERTEX_POINT('',#6227);
#1674=VERTEX_POINT('',#6233);
#1675=VERTEX_POINT('',#6250);
#1676=VERTEX_POINT('',#6256);
#1677=VERTEX_POINT('',#6273);
#1678=VERTEX_POINT('',#6279);
#1679=VERTEX_POINT('',#6296);
#1680=VERTEX_POINT('',#6302);
#1681=VERTEX_POINT('',#6319);
#1682=VERTEX_POINT('',#6325);
#1683=VERTEX_POINT('',#6342);
#1684=VERTEX_POINT('',#6348);
#1685=VERTEX_POINT('',#6365);
#1686=VERTEX_POINT('',#6371);
#1687=VERTEX_POINT('',#6388);
#1688=VERTEX_POINT('',#6394);
#1689=VERTEX_POINT('',#6411);
#1690=VERTEX_POINT('',#6417);
#1691=VERTEX_POINT('',#6434);
#1692=VERTEX_POINT('',#6440);
#1693=VERTEX_POINT('',#6468);
#1694=VERTEX_POINT('',#6469);
#1695=VERTEX_POINT('',#6471);
#1696=VERTEX_POINT('',#6473);
#1697=VERTEX_POINT('',#6477);
#1698=VERTEX_POINT('',#6479);
#1699=VERTEX_POINT('',#6492);
#1700=VERTEX_POINT('',#6498);
#1701=VERTEX_POINT('',#6515);
#1702=VERTEX_POINT('',#6521);
#1703=VERTEX_POINT('',#6538);
#1704=VERTEX_POINT('',#6544);
#1705=VERTEX_POINT('',#6561);
#1706=VERTEX_POINT('',#6567);
#1707=VERTEX_POINT('',#6575);
#1708=VERTEX_POINT('',#6577);
#1709=VERTEX_POINT('',#6583);
#1710=VERTEX_POINT('',#6600);
#1711=VERTEX_POINT('',#6606);
#1712=VERTEX_POINT('',#6623);
#1713=VERTEX_POINT('',#6629);
#1714=VERTEX_POINT('',#6646);
#1715=VERTEX_POINT('',#6652);
#1716=VERTEX_POINT('',#6669);
#1717=VERTEX_POINT('',#6675);
#1718=VERTEX_POINT('',#6692);
#1719=VERTEX_POINT('',#6698);
#1720=VERTEX_POINT('',#6715);
#1721=VERTEX_POINT('',#6721);
#1722=VERTEX_POINT('',#6738);
#1723=VERTEX_POINT('',#6744);
#1724=VERTEX_POINT('',#6761);
#1725=VERTEX_POINT('',#6767);
#1726=VERTEX_POINT('',#6784);
#1727=VERTEX_POINT('',#6790);
#1728=VERTEX_POINT('',#6807);
#1729=VERTEX_POINT('',#6813);
#1730=VERTEX_POINT('',#6830);
#1731=VERTEX_POINT('',#6836);
#1732=VERTEX_POINT('',#6853);
#1733=VERTEX_POINT('',#6859);
#1734=VERTEX_POINT('',#6876);
#1735=VERTEX_POINT('',#6882);
#1736=VERTEX_POINT('',#6899);
#1737=VERTEX_POINT('',#6905);
#1738=VERTEX_POINT('',#6922);
#1739=VERTEX_POINT('',#6928);
#1740=VERTEX_POINT('',#6945);
#1741=VERTEX_POINT('',#6951);
#1742=VERTEX_POINT('',#6968);
#1743=VERTEX_POINT('',#6974);
#1744=VERTEX_POINT('',#6991);
#1745=VERTEX_POINT('',#6997);
#1746=VERTEX_POINT('',#7014);
#1747=VERTEX_POINT('',#7020);
#1748=VERTEX_POINT('',#7049);
#1749=VERTEX_POINT('',#7050);
#1750=VERTEX_POINT('',#7052);
#1751=VERTEX_POINT('',#7054);
#1752=VERTEX_POINT('',#7057);
#1753=VERTEX_POINT('',#7059);
#1754=VERTEX_POINT('',#7061);
#1755=VERTEX_POINT('',#7063);
#1756=VERTEX_POINT('',#7067);
#1757=VERTEX_POINT('',#7069);
#1758=VERTEX_POINT('',#7073);
#1759=VERTEX_POINT('',#7078);
#1760=VERTEX_POINT('',#7082);
#1761=VERTEX_POINT('',#7086);
#1762=VERTEX_POINT('',#7090);
#1763=VERTEX_POINT('',#7096);
#1764=EDGE_CURVE('',#1409,#1410,#1373,.T.);
#1765=EDGE_CURVE('',#1409,#1411,#791,.T.);
#1766=EDGE_CURVE('',#1411,#1412,#1374,.F.);
#1767=EDGE_CURVE('',#1412,#1410,#792,.T.);
#1768=EDGE_CURVE('',#1413,#1414,#1375,.T.);
#1769=EDGE_CURVE('',#1414,#1415,#793,.T.);
#1770=EDGE_CURVE('',#1415,#1416,#1376,.T.);
#1771=EDGE_CURVE('',#1416,#1413,#794,.T.);
#1772=EDGE_CURVE('',#1417,#1409,#795,.T.);
#1773=EDGE_CURVE('',#1418,#1417,#796,.T.);
#1774=EDGE_CURVE('',#1419,#1418,#797,.T.);
#1775=EDGE_CURVE('',#1420,#1419,#798,.T.);
#1776=EDGE_CURVE('',#1413,#1420,#799,.T.);
#1777=EDGE_CURVE('',#1411,#1416,#800,.T.);
#1778=EDGE_CURVE('',#1418,#1421,#1377,.F.);
#1779=EDGE_CURVE('',#1417,#1422,#1378,.T.);
#1780=EDGE_CURVE('',#1422,#1421,#801,.T.);
#1781=EDGE_CURVE('',#1422,#1423,#802,.T.);
#1782=EDGE_CURVE('',#1423,#1424,#803,.T.);
#1783=EDGE_CURVE('',#1421,#1424,#804,.T.);
#1784=EDGE_CURVE('',#1425,#1420,#805,.T.);
#1785=EDGE_CURVE('',#1425,#1426,#806,.T.);
#1786=EDGE_CURVE('',#1426,#1414,#807,.T.);
#1787=EDGE_CURVE('',#1427,#1419,#808,.T.);
#1788=EDGE_CURVE('',#1425,#1427,#809,.T.);
#1789=EDGE_CURVE('',#1428,#1421,#810,.T.);
#1790=EDGE_CURVE('',#1428,#1429,#811,.T.);
#1791=EDGE_CURVE('',#1429,#1430,#1379,.T.);
#1792=EDGE_CURVE('',#1430,#1427,#812,.T.);
#1793=EDGE_CURVE('',#1431,#1432,#134,.T.);
#1794=EDGE_CURVE('',#1430,#1431,#813,.T.);
#1795=EDGE_CURVE('',#1433,#1429,#814,.T.);
#1796=EDGE_CURVE('',#1434,#1433,#135,.T.);
#1797=EDGE_CURVE('',#1432,#1434,#1380,.T.);
#1798=EDGE_CURVE('',#1435,#1436,#815,.F.);
#1799=EDGE_CURVE('',#1437,#1436,#816,.T.);
#1800=EDGE_CURVE('',#1432,#1437,#817,.T.);
#1801=EDGE_CURVE('',#1438,#1434,#818,.T.);
#1802=EDGE_CURVE('',#1435,#1438,#819,.T.);
#1803=EDGE_CURVE('',#1433,#1439,#820,.T.);
#1804=EDGE_CURVE('',#1439,#1438,#1381,.T.);
#1805=EDGE_CURVE('',#1440,#1441,#120,.F.);
#1806=EDGE_CURVE('',#1441,#1442,#821,.T.);
#1807=EDGE_CURVE('',#1442,#1437,#121,.F.);
#1808=EDGE_CURVE('',#1437,#1440,#822,.T.);
#1809=EDGE_CURVE('',#1440,#1443,#823,.T.);
#1810=EDGE_CURVE('',#1444,#1443,#1382,.T.);
#1811=EDGE_CURVE('',#1444,#1441,#824,.T.);
#1812=EDGE_CURVE('',#1442,#1431,#825,.T.);
#1813=EDGE_CURVE('',#1436,#1445,#826,.F.);
#1814=EDGE_CURVE('',#1440,#1445,#827,.T.);
#1815=EDGE_CURVE('',#1445,#1446,#828,.F.);
#1816=EDGE_CURVE('',#1443,#1446,#829,.T.);
#1817=EDGE_CURVE('',#1447,#1446,#830,.T.);
#1818=EDGE_CURVE('',#1448,#1447,#831,.T.);
#1819=EDGE_CURVE('',#1446,#1448,#122,.T.);
#1820=EDGE_CURVE('',#1414,#1449,#832,.T.);
#1821=EDGE_CURVE('',#1449,#1450,#833,.T.);
#1822=EDGE_CURVE('',#1450,#1415,#834,.T.);
#1823=EDGE_CURVE('',#1446,#1451,#835,.T.);
#1824=EDGE_CURVE('',#1451,#1447,#836,.T.);
#1825=EDGE_CURVE('',#1452,#1435,#123,.T.);
#1826=EDGE_CURVE('',#1453,#1452,#837,.T.);
#1827=EDGE_CURVE('',#1435,#1453,#838,.T.);
#1828=EDGE_CURVE('',#1454,#1452,#839,.T.);
#1829=EDGE_CURVE('',#1454,#1455,#840,.T.);
#1830=EDGE_CURVE('',#1455,#1453,#841,.T.);
#1831=EDGE_CURVE('',#1456,#1457,#842,.T.);
#1832=EDGE_CURVE('',#1456,#1458,#843,.T.);
#1833=EDGE_CURVE('',#1459,#1458,#844,.T.);
#1834=EDGE_CURVE('',#1457,#1459,#845,.T.);
#1835=EDGE_CURVE('',#1456,#1460,#1383,.T.);
#1836=EDGE_CURVE('',#1460,#1461,#846,.T.);
#1837=EDGE_CURVE('',#1458,#1461,#847,.T.);
#1838=EDGE_CURVE('',#1462,#1454,#848,.F.);
#1839=EDGE_CURVE('',#1463,#1454,#849,.T.);
#1840=EDGE_CURVE('',#1464,#1463,#850,.T.);
#1841=EDGE_CURVE('',#1464,#1465,#124,.T.);
#1842=EDGE_CURVE('',#1465,#1462,#851,.T.);
#1843=EDGE_CURVE('',#1463,#1438,#1384,.T.);
#1844=EDGE_CURVE('',#1448,#1466,#852,.T.);
#1845=EDGE_CURVE('',#1466,#1467,#853,.T.);
#1846=EDGE_CURVE('',#1443,#1467,#1385,.T.);
#1847=EDGE_CURVE('',#1468,#1464,#136,.T.);
#1848=EDGE_CURVE('',#1469,#1463,#1386,.T.);
#1849=EDGE_CURVE('',#1469,#1468,#854,.T.);
#1850=EDGE_CURVE('',#1439,#1469,#1387,.T.);
#1851=EDGE_CURVE('',#1470,#1467,#1388,.T.);
#1852=EDGE_CURVE('',#1470,#1444,#1389,.T.);
#1853=EDGE_CURVE('',#1471,#1457,#1390,.T.);
#1854=EDGE_CURVE('',#1472,#1459,#855,.T.);
#1855=EDGE_CURVE('',#1471,#1472,#856,.T.);
#1856=EDGE_CURVE('',#1473,#1470,#857,.T.);
#1857=EDGE_CURVE('',#1473,#1474,#858,.T.);
#1858=EDGE_CURVE('',#1474,#1426,#859,.T.);
#1859=EDGE_CURVE('',#1475,#1473,#137,.T.);
#1860=EDGE_CURVE('',#1467,#1475,#860,.T.);
#1861=EDGE_CURVE('',#1476,#1477,#861,.F.);
#1862=EDGE_CURVE('',#1477,#1478,#1391,.T.);
#1863=EDGE_CURVE('',#1478,#1476,#862,.T.);
#1864=EDGE_CURVE('',#1479,#1480,#863,.T.);
#1865=EDGE_CURVE('',#1481,#1479,#1392,.T.);
#1866=EDGE_CURVE('',#1482,#1481,#864,.T.);
#1867=EDGE_CURVE('',#1465,#1482,#1393,.T.);
#1868=EDGE_CURVE('',#1483,#1468,#865,.T.);
#1869=EDGE_CURVE('',#1460,#1483,#125,.T.);
#1870=EDGE_CURVE('',#1474,#1471,#126,.T.);
#1871=EDGE_CURVE('',#1478,#1475,#127,.T.);
#1872=EDGE_CURVE('',#1484,#1477,#866,.T.);
#1873=EDGE_CURVE('',#1480,#1484,#1394,.T.);
#1874=EDGE_CURVE('',#1485,#1486,#867,.T.);
#1875=EDGE_CURVE('',#1487,#1485,#1395,.T.);
#1876=EDGE_CURVE('',#1488,#1487,#868,.T.);
#1877=EDGE_CURVE('',#1486,#1488,#1396,.T.);
#1878=EDGE_CURVE('',#1489,#1490,#869,.T.);
#1879=EDGE_CURVE('',#1488,#1490,#870,.T.);
#1880=EDGE_CURVE('',#1487,#1489,#871,.T.);
#1881=EDGE_CURVE('',#1482,#1462,#872,.F.);
#1882=EDGE_CURVE('',#1490,#1486,#873,.T.);
#1883=EDGE_CURVE('',#1485,#1489,#874,.T.);
#1884=EDGE_CURVE('',#1466,#1476,#875,.F.);
#1885=EDGE_CURVE('',#1491,#1492,#876,.T.);
#1886=EDGE_CURVE('',#1492,#1493,#877,.T.);
#1887=EDGE_CURVE('',#1494,#1493,#878,.T.);
#1888=EDGE_CURVE('',#1491,#1494,#879,.T.);
#1889=EDGE_CURVE('',#1495,#1491,#1397,.T.);
#1890=EDGE_CURVE('',#1496,#1494,#880,.T.);
#1891=EDGE_CURVE('',#1497,#1496,#881,.T.);
#1892=EDGE_CURVE('',#1497,#1481,#882,.T.);
#1893=EDGE_CURVE('',#1479,#1495,#1398,.T.);
#1894=EDGE_CURVE('',#1498,#1412,#883,.T.);
#1895=EDGE_CURVE('',#1499,#1498,#884,.T.);
#1896=EDGE_CURVE('',#1484,#1499,#885,.T.);
#1897=EDGE_CURVE('',#1451,#1466,#886,.T.);
#1898=EDGE_CURVE('',#1455,#1435,#887,.T.);
#1899=EDGE_CURVE('',#1500,#1497,#888,.T.);
#1900=EDGE_CURVE('',#1410,#1500,#889,.T.);
#1901=EDGE_CURVE('',#1501,#1480,#1399,.T.);
#1902=EDGE_CURVE('',#1499,#1502,#890,.T.);
#1903=EDGE_CURVE('',#1493,#1502,#891,.T.);
#1904=EDGE_CURVE('',#1492,#1501,#1400,.T.);
#1905=EDGE_CURVE('',#1495,#1501,#892,.T.);
#1906=EDGE_CURVE('',#1424,#1503,#128,.T.);
#1907=EDGE_CURVE('',#1461,#1503,#893,.T.);
#1908=EDGE_CURVE('',#1483,#1428,#894,.T.);
#1909=EDGE_CURVE('',#1500,#1504,#895,.T.);
#1910=EDGE_CURVE('',#1504,#1423,#1401,.T.);
#1911=EDGE_CURVE('',#1505,#1506,#896,.T.);
#1912=EDGE_CURVE('',#1505,#1472,#897,.T.);
#1913=EDGE_CURVE('',#1507,#1503,#898,.T.);
#1914=EDGE_CURVE('',#1507,#1496,#899,.T.);
#1915=EDGE_CURVE('',#1502,#1506,#900,.T.);
#1916=EDGE_CURVE('',#1507,#1504,#129,.T.);
#1917=EDGE_CURVE('',#1505,#1449,#130,.T.);
#1918=EDGE_CURVE('',#1508,#1506,#131,.T.);
#1919=EDGE_CURVE('',#1498,#1508,#901,.T.);
#1920=EDGE_CURVE('',#1450,#1508,#1402,.T.);
#1921=EDGE_CURVE('',#1509,#1510,#902,.T.);
#1922=EDGE_CURVE('',#1509,#1511,#903,.T.);
#1923=EDGE_CURVE('',#1512,#1511,#904,.T.);
#1924=EDGE_CURVE('',#1510,#1512,#905,.T.);
#1925=EDGE_CURVE('',#1513,#1514,#906,.T.);
#1926=EDGE_CURVE('',#1513,#1515,#907,.T.);
#1927=EDGE_CURVE('',#1516,#1515,#908,.T.);
#1928=EDGE_CURVE('',#1514,#1516,#909,.T.);
#1929=EDGE_CURVE('',#1511,#1516,#910,.T.);
#1930=EDGE_CURVE('',#1515,#1512,#911,.T.);
#1931=EDGE_CURVE('',#1517,#1510,#912,.T.);
#1932=EDGE_CURVE('',#1517,#1518,#913,.T.);
#1933=EDGE_CURVE('',#1509,#1518,#914,.T.);
#1934=EDGE_CURVE('',#1519,#1514,#915,.T.);
#1935=EDGE_CURVE('',#1519,#1520,#916,.T.);
#1936=EDGE_CURVE('',#1513,#1520,#917,.T.);
#1937=EDGE_CURVE('',#1521,#1522,#918,.T.);
#1938=EDGE_CURVE('',#1521,#1523,#919,.T.);
#1939=EDGE_CURVE('',#1524,#1523,#920,.T.);
#1940=EDGE_CURVE('',#1522,#1524,#921,.T.);
#1941=EDGE_CURVE('',#1522,#1525,#922,.T.);
#1942=EDGE_CURVE('',#1526,#1524,#923,.T.);
#1943=EDGE_CURVE('',#1525,#1526,#924,.T.);
#1944=EDGE_CURVE('',#1525,#1527,#138,.T.);
#1945=EDGE_CURVE('',#1528,#1526,#139,.T.);
#1946=EDGE_CURVE('',#1527,#1528,#925,.T.);
#1947=EDGE_CURVE('',#1527,#1529,#140,.T.);
#1948=EDGE_CURVE('',#1530,#1528,#141,.T.);
#1949=EDGE_CURVE('',#1529,#1530,#926,.T.);
#1950=EDGE_CURVE('',#1529,#1531,#142,.T.);
#1951=EDGE_CURVE('',#1532,#1530,#143,.T.);
#1952=EDGE_CURVE('',#1531,#1532,#927,.T.);
#1953=EDGE_CURVE('',#1531,#1533,#144,.T.);
#1954=EDGE_CURVE('',#1534,#1532,#145,.T.);
#1955=EDGE_CURVE('',#1533,#1534,#928,.T.);
#1956=EDGE_CURVE('',#1533,#1535,#146,.T.);
#1957=EDGE_CURVE('',#1536,#1534,#147,.T.);
#1958=EDGE_CURVE('',#1535,#1536,#929,.T.);
#1959=EDGE_CURVE('',#1535,#1537,#148,.T.);
#1960=EDGE_CURVE('',#1538,#1536,#149,.T.);
#1961=EDGE_CURVE('',#1537,#1538,#930,.T.);
#1962=EDGE_CURVE('',#1537,#1539,#150,.T.);
#1963=EDGE_CURVE('',#1540,#1538,#151,.T.);
#1964=EDGE_CURVE('',#1539,#1540,#931,.T.);
#1965=EDGE_CURVE('',#1539,#1541,#152,.T.);
#1966=EDGE_CURVE('',#1542,#1540,#153,.T.);
#1967=EDGE_CURVE('',#1541,#1542,#932,.T.);
#1968=EDGE_CURVE('',#1541,#1543,#933,.T.);
#1969=EDGE_CURVE('',#1544,#1542,#934,.T.);
#1970=EDGE_CURVE('',#1543,#1544,#935,.T.);
#1971=EDGE_CURVE('',#1543,#1545,#154,.T.);
#1972=EDGE_CURVE('',#1546,#1544,#155,.T.);
#1973=EDGE_CURVE('',#1545,#1546,#936,.T.);
#1974=EDGE_CURVE('',#1545,#1547,#156,.T.);
#1975=EDGE_CURVE('',#1548,#1546,#157,.T.);
#1976=EDGE_CURVE('',#1547,#1548,#937,.T.);
#1977=EDGE_CURVE('',#1547,#1549,#158,.T.);
#1978=EDGE_CURVE('',#1550,#1548,#159,.T.);
#1979=EDGE_CURVE('',#1549,#1550,#938,.T.);
#1980=EDGE_CURVE('',#1549,#1551,#160,.T.);
#1981=EDGE_CURVE('',#1552,#1550,#161,.T.);
#1982=EDGE_CURVE('',#1551,#1552,#939,.T.);
#1983=EDGE_CURVE('',#1551,#1553,#162,.T.);
#1984=EDGE_CURVE('',#1554,#1552,#163,.T.);
#1985=EDGE_CURVE('',#1553,#1554,#940,.T.);
#1986=EDGE_CURVE('',#1553,#1555,#164,.T.);
#1987=EDGE_CURVE('',#1556,#1554,#165,.T.);
#1988=EDGE_CURVE('',#1555,#1556,#941,.T.);
#1989=EDGE_CURVE('',#1555,#1557,#166,.T.);
#1990=EDGE_CURVE('',#1558,#1556,#167,.T.);
#1991=EDGE_CURVE('',#1557,#1558,#942,.T.);
#1992=EDGE_CURVE('',#1557,#1559,#168,.T.);
#1993=EDGE_CURVE('',#1560,#1558,#169,.T.);
#1994=EDGE_CURVE('',#1559,#1560,#943,.T.);
#1995=EDGE_CURVE('',#1559,#1561,#170,.T.);
#1996=EDGE_CURVE('',#1562,#1560,#171,.T.);
#1997=EDGE_CURVE('',#1561,#1562,#944,.T.);
#1998=EDGE_CURVE('',#1561,#1563,#172,.T.);
#1999=EDGE_CURVE('',#1564,#1562,#173,.T.);
#2000=EDGE_CURVE('',#1563,#1564,#945,.T.);
#2001=EDGE_CURVE('',#1563,#1565,#946,.T.);
#2002=EDGE_CURVE('',#1566,#1564,#947,.T.);
#2003=EDGE_CURVE('',#1565,#1566,#948,.T.);
#2004=EDGE_CURVE('',#1565,#1567,#949,.T.);
#2005=EDGE_CURVE('',#1568,#1566,#950,.T.);
#2006=EDGE_CURVE('',#1567,#1568,#951,.T.);
#2007=EDGE_CURVE('',#1567,#1569,#174,.T.);
#2008=EDGE_CURVE('',#1570,#1568,#175,.T.);
#2009=EDGE_CURVE('',#1569,#1570,#952,.T.);
#2010=EDGE_CURVE('',#1569,#1571,#176,.T.);
#2011=EDGE_CURVE('',#1572,#1570,#177,.T.);
#2012=EDGE_CURVE('',#1571,#1572,#953,.T.);
#2013=EDGE_CURVE('',#1571,#1573,#178,.T.);
#2014=EDGE_CURVE('',#1574,#1572,#179,.T.);
#2015=EDGE_CURVE('',#1573,#1574,#954,.T.);
#2016=EDGE_CURVE('',#1573,#1575,#180,.T.);
#2017=EDGE_CURVE('',#1576,#1574,#181,.T.);
#2018=EDGE_CURVE('',#1575,#1576,#955,.T.);
#2019=EDGE_CURVE('',#1575,#1577,#182,.T.);
#2020=EDGE_CURVE('',#1578,#1576,#183,.T.);
#2021=EDGE_CURVE('',#1577,#1578,#956,.T.);
#2022=EDGE_CURVE('',#1577,#1579,#184,.T.);
#2023=EDGE_CURVE('',#1580,#1578,#185,.T.);
#2024=EDGE_CURVE('',#1579,#1580,#957,.T.);
#2025=EDGE_CURVE('',#1579,#1581,#186,.T.);
#2026=EDGE_CURVE('',#1582,#1580,#187,.T.);
#2027=EDGE_CURVE('',#1581,#1582,#958,.T.);
#2028=EDGE_CURVE('',#1581,#1583,#188,.T.);
#2029=EDGE_CURVE('',#1584,#1582,#189,.T.);
#2030=EDGE_CURVE('',#1583,#1584,#959,.T.);
#2031=EDGE_CURVE('',#1583,#1585,#190,.T.);
#2032=EDGE_CURVE('',#1586,#1584,#191,.T.);
#2033=EDGE_CURVE('',#1585,#1586,#960,.T.);
#2034=EDGE_CURVE('',#1585,#1587,#192,.T.);
#2035=EDGE_CURVE('',#1588,#1586,#193,.T.);
#2036=EDGE_CURVE('',#1587,#1588,#961,.T.);
#2037=EDGE_CURVE('',#1587,#1589,#962,.T.);
#2038=EDGE_CURVE('',#1590,#1588,#963,.T.);
#2039=EDGE_CURVE('',#1589,#1590,#964,.T.);
#2040=EDGE_CURVE('',#1589,#1591,#965,.T.);
#2041=EDGE_CURVE('',#1592,#1590,#966,.T.);
#2042=EDGE_CURVE('',#1591,#1592,#967,.T.);
#2043=EDGE_CURVE('',#1591,#1593,#968,.T.);
#2044=EDGE_CURVE('',#1594,#1592,#969,.T.);
#2045=EDGE_CURVE('',#1593,#1594,#970,.T.);
#2046=EDGE_CURVE('',#1593,#1595,#194,.T.);
#2047=EDGE_CURVE('',#1596,#1594,#195,.T.);
#2048=EDGE_CURVE('',#1595,#1596,#971,.T.);
#2049=EDGE_CURVE('',#1595,#1597,#196,.T.);
#2050=EDGE_CURVE('',#1598,#1596,#197,.T.);
#2051=EDGE_CURVE('',#1597,#1598,#972,.T.);
#2052=EDGE_CURVE('',#1597,#1599,#198,.T.);
#2053=EDGE_CURVE('',#1600,#1598,#199,.T.);
#2054=EDGE_CURVE('',#1599,#1600,#973,.T.);
#2055=EDGE_CURVE('',#1599,#1601,#200,.T.);
#2056=EDGE_CURVE('',#1602,#1600,#201,.T.);
#2057=EDGE_CURVE('',#1601,#1602,#974,.T.);
#2058=EDGE_CURVE('',#1601,#1603,#202,.T.);
#2059=EDGE_CURVE('',#1604,#1602,#203,.T.);
#2060=EDGE_CURVE('',#1603,#1604,#975,.T.);
#2061=EDGE_CURVE('',#1603,#1605,#204,.T.);
#2062=EDGE_CURVE('',#1606,#1604,#205,.T.);
#2063=EDGE_CURVE('',#1605,#1606,#976,.T.);
#2064=EDGE_CURVE('',#1605,#1607,#206,.T.);
#2065=EDGE_CURVE('',#1608,#1606,#207,.T.);
#2066=EDGE_CURVE('',#1607,#1608,#977,.T.);
#2067=EDGE_CURVE('',#1607,#1609,#208,.T.);
#2068=EDGE_CURVE('',#1610,#1608,#209,.T.);
#2069=EDGE_CURVE('',#1609,#1610,#978,.T.);
#2070=EDGE_CURVE('',#1609,#1611,#210,.T.);
#2071=EDGE_CURVE('',#1612,#1610,#211,.T.);
#2072=EDGE_CURVE('',#1611,#1612,#979,.T.);
#2073=EDGE_CURVE('',#1611,#1521,#212,.T.);
#2074=EDGE_CURVE('',#1523,#1612,#213,.T.);
#2075=EDGE_CURVE('',#1613,#1614,#980,.T.);
#2076=EDGE_CURVE('',#1613,#1615,#981,.T.);
#2077=EDGE_CURVE('',#1616,#1615,#982,.T.);
#2078=EDGE_CURVE('',#1614,#1616,#983,.T.);
#2079=EDGE_CURVE('',#1614,#1617,#984,.T.);
#2080=EDGE_CURVE('',#1618,#1616,#985,.T.);
#2081=EDGE_CURVE('',#1617,#1618,#986,.T.);
#2082=EDGE_CURVE('',#1617,#1619,#214,.T.);
#2083=EDGE_CURVE('',#1620,#1618,#215,.T.);
#2084=EDGE_CURVE('',#1619,#1620,#987,.T.);
#2085=EDGE_CURVE('',#1619,#1621,#216,.T.);
#2086=EDGE_CURVE('',#1622,#1620,#217,.T.);
#2087=EDGE_CURVE('',#1621,#1622,#988,.T.);
#2088=EDGE_CURVE('',#1621,#1623,#218,.T.);
#2089=EDGE_CURVE('',#1624,#1622,#219,.T.);
#2090=EDGE_CURVE('',#1623,#1624,#989,.T.);
#2091=EDGE_CURVE('',#1623,#1625,#220,.T.);
#2092=EDGE_CURVE('',#1626,#1624,#221,.T.);
#2093=EDGE_CURVE('',#1625,#1626,#990,.T.);
#2094=EDGE_CURVE('',#1625,#1627,#222,.T.);
#2095=EDGE_CURVE('',#1628,#1626,#223,.T.);
#2096=EDGE_CURVE('',#1627,#1628,#991,.T.);
#2097=EDGE_CURVE('',#1627,#1629,#224,.T.);
#2098=EDGE_CURVE('',#1630,#1628,#225,.T.);
#2099=EDGE_CURVE('',#1629,#1630,#992,.T.);
#2100=EDGE_CURVE('',#1629,#1631,#226,.T.);
#2101=EDGE_CURVE('',#1632,#1630,#227,.T.);
#2102=EDGE_CURVE('',#1631,#1632,#993,.T.);
#2103=EDGE_CURVE('',#1631,#1633,#228,.T.);
#2104=EDGE_CURVE('',#1634,#1632,#229,.T.);
#2105=EDGE_CURVE('',#1633,#1634,#994,.T.);
#2106=EDGE_CURVE('',#1633,#1635,#230,.T.);
#2107=EDGE_CURVE('',#1636,#1634,#231,.T.);
#2108=EDGE_CURVE('',#1635,#1636,#995,.T.);
#2109=EDGE_CURVE('',#1635,#1637,#232,.T.);
#2110=EDGE_CURVE('',#1638,#1636,#233,.T.);
#2111=EDGE_CURVE('',#1637,#1638,#996,.T.);
#2112=EDGE_CURVE('',#1637,#1639,#234,.T.);
#2113=EDGE_CURVE('',#1640,#1638,#235,.T.);
#2114=EDGE_CURVE('',#1639,#1640,#997,.T.);
#2115=EDGE_CURVE('',#1639,#1641,#236,.T.);
#2116=EDGE_CURVE('',#1642,#1640,#237,.T.);
#2117=EDGE_CURVE('',#1641,#1642,#998,.T.);
#2118=EDGE_CURVE('',#1641,#1643,#999,.T.);
#2119=EDGE_CURVE('',#1644,#1642,#1000,.T.);
#2120=EDGE_CURVE('',#1643,#1644,#1001,.T.);
#2121=EDGE_CURVE('',#1643,#1645,#1002,.T.);
#2122=EDGE_CURVE('',#1646,#1644,#1003,.T.);
#2123=EDGE_CURVE('',#1645,#1646,#1004,.T.);
#2124=EDGE_CURVE('',#1645,#1647,#238,.T.);
#2125=EDGE_CURVE('',#1648,#1646,#239,.T.);
#2126=EDGE_CURVE('',#1647,#1648,#1005,.T.);
#2127=EDGE_CURVE('',#1647,#1649,#240,.T.);
#2128=EDGE_CURVE('',#1650,#1648,#241,.T.);
#2129=EDGE_CURVE('',#1649,#1650,#1006,.T.);
#2130=EDGE_CURVE('',#1649,#1651,#242,.T.);
#2131=EDGE_CURVE('',#1652,#1650,#243,.T.);
#2132=EDGE_CURVE('',#1651,#1652,#1007,.T.);
#2133=EDGE_CURVE('',#1651,#1653,#244,.T.);
#2134=EDGE_CURVE('',#1654,#1652,#245,.T.);
#2135=EDGE_CURVE('',#1653,#1654,#1008,.T.);
#2136=EDGE_CURVE('',#1653,#1655,#246,.T.);
#2137=EDGE_CURVE('',#1656,#1654,#247,.T.);
#2138=EDGE_CURVE('',#1655,#1656,#1009,.T.);
#2139=EDGE_CURVE('',#1655,#1657,#248,.T.);
#2140=EDGE_CURVE('',#1658,#1656,#249,.T.);
#2141=EDGE_CURVE('',#1657,#1658,#1010,.T.);
#2142=EDGE_CURVE('',#1657,#1659,#250,.T.);
#2143=EDGE_CURVE('',#1660,#1658,#251,.T.);
#2144=EDGE_CURVE('',#1659,#1660,#1011,.T.);
#2145=EDGE_CURVE('',#1659,#1661,#252,.T.);
#2146=EDGE_CURVE('',#1662,#1660,#253,.T.);
#2147=EDGE_CURVE('',#1661,#1662,#1012,.T.);
#2148=EDGE_CURVE('',#1661,#1663,#254,.T.);
#2149=EDGE_CURVE('',#1664,#1662,#255,.T.);
#2150=EDGE_CURVE('',#1663,#1664,#1013,.T.);
#2151=EDGE_CURVE('',#1663,#1665,#256,.T.);
#2152=EDGE_CURVE('',#1666,#1664,#257,.T.);
#2153=EDGE_CURVE('',#1665,#1666,#1014,.T.);
#2154=EDGE_CURVE('',#1665,#1667,#1015,.T.);
#2155=EDGE_CURVE('',#1668,#1666,#1016,.T.);
#2156=EDGE_CURVE('',#1667,#1668,#1017,.T.);
#2157=EDGE_CURVE('',#1667,#1613,#1018,.T.);
#2158=EDGE_CURVE('',#1615,#1668,#1019,.T.);
#2159=EDGE_CURVE('',#1669,#1670,#258,.T.);
#2160=EDGE_CURVE('',#1669,#1671,#1020,.T.);
#2161=EDGE_CURVE('',#1672,#1671,#259,.T.);
#2162=EDGE_CURVE('',#1670,#1672,#1021,.T.);
#2163=EDGE_CURVE('',#1670,#1673,#260,.T.);
#2164=EDGE_CURVE('',#1674,#1672,#261,.T.);
#2165=EDGE_CURVE('',#1673,#1674,#1022,.T.);
#2166=EDGE_CURVE('',#1673,#1675,#262,.T.);
#2167=EDGE_CURVE('',#1676,#1674,#263,.T.);
#2168=EDGE_CURVE('',#1675,#1676,#1023,.T.);
#2169=EDGE_CURVE('',#1675,#1677,#264,.T.);
#2170=EDGE_CURVE('',#1678,#1676,#265,.T.);
#2171=EDGE_CURVE('',#1677,#1678,#1024,.T.);
#2172=EDGE_CURVE('',#1677,#1679,#266,.T.);
#2173=EDGE_CURVE('',#1680,#1678,#267,.T.);
#2174=EDGE_CURVE('',#1679,#1680,#1025,.T.);
#2175=EDGE_CURVE('',#1679,#1681,#268,.T.);
#2176=EDGE_CURVE('',#1682,#1680,#269,.T.);
#2177=EDGE_CURVE('',#1681,#1682,#1026,.T.);
#2178=EDGE_CURVE('',#1681,#1683,#270,.T.);
#2179=EDGE_CURVE('',#1684,#1682,#271,.T.);
#2180=EDGE_CURVE('',#1683,#1684,#1027,.T.);
#2181=EDGE_CURVE('',#1683,#1685,#272,.T.);
#2182=EDGE_CURVE('',#1686,#1684,#273,.T.);
#2183=EDGE_CURVE('',#1685,#1686,#1028,.T.);
#2184=EDGE_CURVE('',#1685,#1687,#274,.T.);
#2185=EDGE_CURVE('',#1688,#1686,#275,.T.);
#2186=EDGE_CURVE('',#1687,#1688,#1029,.T.);
#2187=EDGE_CURVE('',#1687,#1689,#276,.T.);
#2188=EDGE_CURVE('',#1690,#1688,#277,.T.);
#2189=EDGE_CURVE('',#1689,#1690,#1030,.T.);
#2190=EDGE_CURVE('',#1689,#1691,#278,.T.);
#2191=EDGE_CURVE('',#1692,#1690,#279,.T.);
#2192=EDGE_CURVE('',#1691,#1692,#1031,.T.);
#2193=EDGE_CURVE('',#1691,#1669,#280,.T.);
#2194=EDGE_CURVE('',#1671,#1692,#281,.T.);
#2195=EDGE_CURVE('',#1693,#1694,#1032,.T.);
#2196=EDGE_CURVE('',#1693,#1695,#1033,.T.);
#2197=EDGE_CURVE('',#1696,#1695,#1034,.T.);
#2198=EDGE_CURVE('',#1694,#1696,#1035,.T.);
#2199=EDGE_CURVE('',#1694,#1697,#1036,.T.);
#2200=EDGE_CURVE('',#1698,#1696,#1037,.T.);
#2201=EDGE_CURVE('',#1697,#1698,#1038,.T.);
#2202=EDGE_CURVE('',#1697,#1699,#282,.T.);
#2203=EDGE_CURVE('',#1700,#1698,#283,.T.);
#2204=EDGE_CURVE('',#1699,#1700,#1039,.T.);
#2205=EDGE_CURVE('',#1699,#1701,#284,.T.);
#2206=EDGE_CURVE('',#1702,#1700,#285,.T.);
#2207=EDGE_CURVE('',#1701,#1702,#1040,.T.);
#2208=EDGE_CURVE('',#1701,#1703,#286,.T.);
#2209=EDGE_CURVE('',#1704,#1702,#287,.T.);
#2210=EDGE_CURVE('',#1703,#1704,#1041,.T.);
#2211=EDGE_CURVE('',#1703,#1705,#288,.T.);
#2212=EDGE_CURVE('',#1706,#1704,#289,.T.);
#2213=EDGE_CURVE('',#1705,#1706,#1042,.T.);
#2214=EDGE_CURVE('',#1705,#1707,#1043,.T.);
#2215=EDGE_CURVE('',#1708,#1706,#290,.T.);
#2216=EDGE_CURVE('',#1709,#1708,#291,.T.);
#2217=EDGE_CURVE('',#1707,#1709,#1044,.T.);
#2218=EDGE_CURVE('',#1707,#1710,#292,.T.);
#2219=EDGE_CURVE('',#1711,#1709,#293,.T.);
#2220=EDGE_CURVE('',#1710,#1711,#1045,.T.);
#2221=EDGE_CURVE('',#1710,#1712,#294,.T.);
#2222=EDGE_CURVE('',#1713,#1711,#295,.T.);
#2223=EDGE_CURVE('',#1712,#1713,#1046,.T.);
#2224=EDGE_CURVE('',#1712,#1714,#296,.T.);
#2225=EDGE_CURVE('',#1715,#1713,#297,.T.);
#2226=EDGE_CURVE('',#1714,#1715,#1047,.T.);
#2227=EDGE_CURVE('',#1714,#1716,#298,.T.);
#2228=EDGE_CURVE('',#1717,#1715,#299,.T.);
#2229=EDGE_CURVE('',#1716,#1717,#1048,.T.);
#2230=EDGE_CURVE('',#1716,#1718,#300,.T.);
#2231=EDGE_CURVE('',#1719,#1717,#301,.T.);
#2232=EDGE_CURVE('',#1718,#1719,#1049,.T.);
#2233=EDGE_CURVE('',#1718,#1720,#302,.T.);
#2234=EDGE_CURVE('',#1721,#1719,#303,.T.);
#2235=EDGE_CURVE('',#1720,#1721,#1050,.T.);
#2236=EDGE_CURVE('',#1720,#1722,#304,.T.);
#2237=EDGE_CURVE('',#1723,#1721,#305,.T.);
#2238=EDGE_CURVE('',#1722,#1723,#1051,.T.);
#2239=EDGE_CURVE('',#1722,#1724,#306,.T.);
#2240=EDGE_CURVE('',#1725,#1723,#307,.T.);
#2241=EDGE_CURVE('',#1724,#1725,#1052,.T.);
#2242=EDGE_CURVE('',#1724,#1726,#308,.T.);
#2243=EDGE_CURVE('',#1727,#1725,#309,.T.);
#2244=EDGE_CURVE('',#1726,#1727,#1053,.T.);
#2245=EDGE_CURVE('',#1726,#1728,#310,.T.);
#2246=EDGE_CURVE('',#1729,#1727,#311,.T.);
#2247=EDGE_CURVE('',#1728,#1729,#1054,.T.);
#2248=EDGE_CURVE('',#1728,#1730,#312,.T.);
#2249=EDGE_CURVE('',#1731,#1729,#313,.T.);
#2250=EDGE_CURVE('',#1730,#1731,#1055,.T.);
#2251=EDGE_CURVE('',#1730,#1732,#314,.T.);
#2252=EDGE_CURVE('',#1733,#1731,#315,.T.);
#2253=EDGE_CURVE('',#1732,#1733,#1056,.T.);
#2254=EDGE_CURVE('',#1732,#1734,#316,.T.);
#2255=EDGE_CURVE('',#1735,#1733,#317,.T.);
#2256=EDGE_CURVE('',#1734,#1735,#1057,.T.);
#2257=EDGE_CURVE('',#1734,#1736,#318,.T.);
#2258=EDGE_CURVE('',#1737,#1735,#319,.T.);
#2259=EDGE_CURVE('',#1736,#1737,#1058,.T.);
#2260=EDGE_CURVE('',#1736,#1738,#320,.T.);
#2261=EDGE_CURVE('',#1739,#1737,#321,.T.);
#2262=EDGE_CURVE('',#1738,#1739,#1059,.T.);
#2263=EDGE_CURVE('',#1738,#1740,#322,.T.);
#2264=EDGE_CURVE('',#1741,#1739,#323,.T.);
#2265=EDGE_CURVE('',#1740,#1741,#1060,.T.);
#2266=EDGE_CURVE('',#1740,#1742,#324,.T.);
#2267=EDGE_CURVE('',#1743,#1741,#325,.T.);
#2268=EDGE_CURVE('',#1742,#1743,#1061,.T.);
#2269=EDGE_CURVE('',#1742,#1744,#326,.T.);
#2270=EDGE_CURVE('',#1745,#1743,#327,.T.);
#2271=EDGE_CURVE('',#1744,#1745,#1062,.T.);
#2272=EDGE_CURVE('',#1744,#1746,#328,.T.);
#2273=EDGE_CURVE('',#1747,#1745,#329,.T.);
#2274=EDGE_CURVE('',#1746,#1747,#1063,.T.);
#2275=EDGE_CURVE('',#1746,#1693,#330,.T.);
#2276=EDGE_CURVE('',#1695,#1747,#331,.T.);
#2277=EDGE_CURVE('',#1748,#1749,#1403,.T.);
#2278=EDGE_CURVE('',#1748,#1750,#1064,.T.);
#2279=EDGE_CURVE('',#1750,#1751,#1065,.T.);
#2280=EDGE_CURVE('',#1751,#1519,#1066,.T.);
#2281=EDGE_CURVE('',#1518,#1752,#1067,.T.);
#2282=EDGE_CURVE('',#1752,#1753,#1068,.T.);
#2283=EDGE_CURVE('',#1753,#1754,#1069,.F.);
#2284=EDGE_CURVE('',#1755,#1754,#1404,.T.);
#2285=EDGE_CURVE('',#1755,#1749,#1070,.T.);
#2286=EDGE_CURVE('',#1749,#1756,#1071,.T.);
#2287=EDGE_CURVE('',#1756,#1757,#1405,.T.);
#2288=EDGE_CURVE('',#1757,#1748,#1072,.T.);
#2289=EDGE_CURVE('',#1758,#1755,#1073,.T.);
#2290=EDGE_CURVE('',#1756,#1758,#1074,.T.);
#2291=EDGE_CURVE('',#1754,#1759,#1075,.T.);
#2292=EDGE_CURVE('',#1759,#1758,#1406,.T.);
#2293=EDGE_CURVE('',#1753,#1760,#1407,.T.);
#2294=EDGE_CURVE('',#1759,#1760,#1076,.T.);
#2295=EDGE_CURVE('',#1761,#1517,#1077,.T.);
#2296=EDGE_CURVE('',#1752,#1761,#132,.T.);
#2297=EDGE_CURVE('',#1762,#1751,#133,.T.);
#2298=EDGE_CURVE('',#1520,#1762,#1078,.T.);
#2299=EDGE_CURVE('',#1760,#1761,#1079,.T.);
#2300=EDGE_CURVE('',#1763,#1750,#1408,.T.);
#2301=EDGE_CURVE('',#1762,#1763,#1080,.T.);
#2302=EDGE_CURVE('',#1757,#1763,#1081,.T.);
#2303=ORIENTED_EDGE('',*,*,#1764,.F.);
#2304=ORIENTED_EDGE('',*,*,#1765,.T.);
#2305=ORIENTED_EDGE('',*,*,#1766,.T.);
#2306=ORIENTED_EDGE('',*,*,#1767,.T.);
#2307=ORIENTED_EDGE('',*,*,#1768,.T.);
#2308=ORIENTED_EDGE('',*,*,#1769,.T.);
#2309=ORIENTED_EDGE('',*,*,#1770,.T.);
#2310=ORIENTED_EDGE('',*,*,#1771,.T.);
#2311=ORIENTED_EDGE('',*,*,#1772,.F.);
#2312=ORIENTED_EDGE('',*,*,#1773,.F.);
#2313=ORIENTED_EDGE('',*,*,#1774,.F.);
#2314=ORIENTED_EDGE('',*,*,#1775,.F.);
#2315=ORIENTED_EDGE('',*,*,#1776,.F.);
#2316=ORIENTED_EDGE('',*,*,#1771,.F.);
#2317=ORIENTED_EDGE('',*,*,#1777,.F.);
#2318=ORIENTED_EDGE('',*,*,#1765,.F.);
#2319=ORIENTED_EDGE('',*,*,#1778,.F.);
#2320=ORIENTED_EDGE('',*,*,#1773,.T.);
#2321=ORIENTED_EDGE('',*,*,#1779,.T.);
#2322=ORIENTED_EDGE('',*,*,#1780,.T.);
#2323=ORIENTED_EDGE('',*,*,#1780,.F.);
#2324=ORIENTED_EDGE('',*,*,#1781,.T.);
#2325=ORIENTED_EDGE('',*,*,#1782,.T.);
#2326=ORIENTED_EDGE('',*,*,#1783,.F.);
#2327=ORIENTED_EDGE('',*,*,#1776,.T.);
#2328=ORIENTED_EDGE('',*,*,#1784,.F.);
#2329=ORIENTED_EDGE('',*,*,#1785,.T.);
#2330=ORIENTED_EDGE('',*,*,#1786,.T.);
#2331=ORIENTED_EDGE('',*,*,#1768,.F.);
#2332=ORIENTED_EDGE('',*,*,#1775,.T.);
#2333=ORIENTED_EDGE('',*,*,#1787,.F.);
#2334=ORIENTED_EDGE('',*,*,#1788,.F.);
#2335=ORIENTED_EDGE('',*,*,#1784,.T.);
#2336=ORIENTED_EDGE('',*,*,#1774,.T.);
#2337=ORIENTED_EDGE('',*,*,#1778,.T.);
#2338=ORIENTED_EDGE('',*,*,#1789,.F.);
#2339=ORIENTED_EDGE('',*,*,#1790,.T.);
#2340=ORIENTED_EDGE('',*,*,#1791,.T.);
#2341=ORIENTED_EDGE('',*,*,#1792,.T.);
#2342=ORIENTED_EDGE('',*,*,#1787,.T.);
#2343=ORIENTED_EDGE('',*,*,#1793,.F.);
#2344=ORIENTED_EDGE('',*,*,#1794,.F.);
#2345=ORIENTED_EDGE('',*,*,#1791,.F.);
#2346=ORIENTED_EDGE('',*,*,#1795,.F.);
#2347=ORIENTED_EDGE('',*,*,#1796,.F.);
#2348=ORIENTED_EDGE('',*,*,#1797,.F.);
#2349=ORIENTED_EDGE('',*,*,#1798,.T.);
#2350=ORIENTED_EDGE('',*,*,#1799,.F.);
#2351=ORIENTED_EDGE('',*,*,#1800,.F.);
#2352=ORIENTED_EDGE('',*,*,#1797,.T.);
#2353=ORIENTED_EDGE('',*,*,#1801,.F.);
#2354=ORIENTED_EDGE('',*,*,#1802,.F.);
#2355=ORIENTED_EDGE('',*,*,#1796,.T.);
#2356=ORIENTED_EDGE('',*,*,#1803,.T.);
#2357=ORIENTED_EDGE('',*,*,#1804,.T.);
#2358=ORIENTED_EDGE('',*,*,#1801,.T.);
#2359=ORIENTED_EDGE('',*,*,#1805,.T.);
#2360=ORIENTED_EDGE('',*,*,#1806,.T.);
#2361=ORIENTED_EDGE('',*,*,#1807,.T.);
#2362=ORIENTED_EDGE('',*,*,#1808,.T.);
#2363=ORIENTED_EDGE('',*,*,#1809,.T.);
#2364=ORIENTED_EDGE('',*,*,#1810,.F.);
#2365=ORIENTED_EDGE('',*,*,#1811,.T.);
#2366=ORIENTED_EDGE('',*,*,#1805,.F.);
#2367=ORIENTED_EDGE('',*,*,#1793,.T.);
#2368=ORIENTED_EDGE('',*,*,#1800,.T.);
#2369=ORIENTED_EDGE('',*,*,#1807,.F.);
#2370=ORIENTED_EDGE('',*,*,#1812,.T.);
#2371=ORIENTED_EDGE('',*,*,#1813,.T.);
#2372=ORIENTED_EDGE('',*,*,#1814,.F.);
#2373=ORIENTED_EDGE('',*,*,#1808,.F.);
#2374=ORIENTED_EDGE('',*,*,#1799,.T.);
#2375=ORIENTED_EDGE('',*,*,#1815,.T.);
#2376=ORIENTED_EDGE('',*,*,#1816,.F.);
#2377=ORIENTED_EDGE('',*,*,#1809,.F.);
#2378=ORIENTED_EDGE('',*,*,#1814,.T.);
#2379=ORIENTED_EDGE('',*,*,#1817,.F.);
#2380=ORIENTED_EDGE('',*,*,#1818,.F.);
#2381=ORIENTED_EDGE('',*,*,#1819,.F.);
#2382=ORIENTED_EDGE('',*,*,#1769,.F.);
#2383=ORIENTED_EDGE('',*,*,#1820,.T.);
#2384=ORIENTED_EDGE('',*,*,#1821,.T.);
#2385=ORIENTED_EDGE('',*,*,#1822,.T.);
#2386=ORIENTED_EDGE('',*,*,#1817,.T.);
#2387=ORIENTED_EDGE('',*,*,#1823,.T.);
#2388=ORIENTED_EDGE('',*,*,#1824,.T.);
#2389=ORIENTED_EDGE('',*,*,#1825,.F.);
#2390=ORIENTED_EDGE('',*,*,#1826,.F.);
#2391=ORIENTED_EDGE('',*,*,#1827,.F.);
#2392=ORIENTED_EDGE('',*,*,#1826,.T.);
#2393=ORIENTED_EDGE('',*,*,#1828,.F.);
#2394=ORIENTED_EDGE('',*,*,#1829,.T.);
#2395=ORIENTED_EDGE('',*,*,#1830,.T.);
#2396=ORIENTED_EDGE('',*,*,#1831,.F.);
#2397=ORIENTED_EDGE('',*,*,#1832,.T.);
#2398=ORIENTED_EDGE('',*,*,#1833,.F.);
#2399=ORIENTED_EDGE('',*,*,#1834,.F.);
#2400=ORIENTED_EDGE('',*,*,#1835,.T.);
#2401=ORIENTED_EDGE('',*,*,#1836,.T.);
#2402=ORIENTED_EDGE('',*,*,#1837,.F.);
#2403=ORIENTED_EDGE('',*,*,#1832,.F.);
#2404=ORIENTED_EDGE('',*,*,#1838,.T.);
#2405=ORIENTED_EDGE('',*,*,#1839,.F.);
#2406=ORIENTED_EDGE('',*,*,#1840,.F.);
#2407=ORIENTED_EDGE('',*,*,#1841,.T.);
#2408=ORIENTED_EDGE('',*,*,#1842,.T.);
#2409=ORIENTED_EDGE('',*,*,#1825,.T.);
#2410=ORIENTED_EDGE('',*,*,#1802,.T.);
#2411=ORIENTED_EDGE('',*,*,#1843,.F.);
#2412=ORIENTED_EDGE('',*,*,#1839,.T.);
#2413=ORIENTED_EDGE('',*,*,#1828,.T.);
#2414=ORIENTED_EDGE('',*,*,#1819,.T.);
#2415=ORIENTED_EDGE('',*,*,#1844,.T.);
#2416=ORIENTED_EDGE('',*,*,#1845,.T.);
#2417=ORIENTED_EDGE('',*,*,#1846,.F.);
#2418=ORIENTED_EDGE('',*,*,#1816,.T.);
#2419=ORIENTED_EDGE('',*,*,#1847,.T.);
#2420=ORIENTED_EDGE('',*,*,#1840,.T.);
#2421=ORIENTED_EDGE('',*,*,#1848,.F.);
#2422=ORIENTED_EDGE('',*,*,#1849,.T.);
#2423=ORIENTED_EDGE('',*,*,#1848,.T.);
#2424=ORIENTED_EDGE('',*,*,#1843,.T.);
#2425=ORIENTED_EDGE('',*,*,#1804,.F.);
#2426=ORIENTED_EDGE('',*,*,#1850,.T.);
#2427=ORIENTED_EDGE('',*,*,#1810,.T.);
#2428=ORIENTED_EDGE('',*,*,#1846,.T.);
#2429=ORIENTED_EDGE('',*,*,#1851,.F.);
#2430=ORIENTED_EDGE('',*,*,#1852,.T.);
#2431=ORIENTED_EDGE('',*,*,#1853,.T.);
#2432=ORIENTED_EDGE('',*,*,#1834,.T.);
#2433=ORIENTED_EDGE('',*,*,#1854,.F.);
#2434=ORIENTED_EDGE('',*,*,#1855,.F.);
#2435=ORIENTED_EDGE('',*,*,#1852,.F.);
#2436=ORIENTED_EDGE('',*,*,#1856,.F.);
#2437=ORIENTED_EDGE('',*,*,#1857,.T.);
#2438=ORIENTED_EDGE('',*,*,#1858,.T.);
#2439=ORIENTED_EDGE('',*,*,#1785,.F.);
#2440=ORIENTED_EDGE('',*,*,#1788,.T.);
#2441=ORIENTED_EDGE('',*,*,#1792,.F.);
#2442=ORIENTED_EDGE('',*,*,#1794,.T.);
#2443=ORIENTED_EDGE('',*,*,#1812,.F.);
#2444=ORIENTED_EDGE('',*,*,#1806,.F.);
#2445=ORIENTED_EDGE('',*,*,#1811,.F.);
#2446=ORIENTED_EDGE('',*,*,#1859,.T.);
#2447=ORIENTED_EDGE('',*,*,#1856,.T.);
#2448=ORIENTED_EDGE('',*,*,#1851,.T.);
#2449=ORIENTED_EDGE('',*,*,#1860,.T.);
#2450=ORIENTED_EDGE('',*,*,#1861,.T.);
#2451=ORIENTED_EDGE('',*,*,#1862,.T.);
#2452=ORIENTED_EDGE('',*,*,#1863,.T.);
#2453=ORIENTED_EDGE('',*,*,#1864,.F.);
#2454=ORIENTED_EDGE('',*,*,#1865,.F.);
#2455=ORIENTED_EDGE('',*,*,#1866,.F.);
#2456=ORIENTED_EDGE('',*,*,#1867,.F.);
#2457=ORIENTED_EDGE('',*,*,#1841,.F.);
#2458=ORIENTED_EDGE('',*,*,#1847,.F.);
#2459=ORIENTED_EDGE('',*,*,#1868,.F.);
#2460=ORIENTED_EDGE('',*,*,#1869,.F.);
#2461=ORIENTED_EDGE('',*,*,#1835,.F.);
#2462=ORIENTED_EDGE('',*,*,#1831,.T.);
#2463=ORIENTED_EDGE('',*,*,#1853,.F.);
#2464=ORIENTED_EDGE('',*,*,#1870,.F.);
#2465=ORIENTED_EDGE('',*,*,#1857,.F.);
#2466=ORIENTED_EDGE('',*,*,#1859,.F.);
#2467=ORIENTED_EDGE('',*,*,#1871,.F.);
#2468=ORIENTED_EDGE('',*,*,#1862,.F.);
#2469=ORIENTED_EDGE('',*,*,#1872,.F.);
#2470=ORIENTED_EDGE('',*,*,#1873,.F.);
#2471=ORIENTED_EDGE('',*,*,#1874,.F.);
#2472=ORIENTED_EDGE('',*,*,#1875,.F.);
#2473=ORIENTED_EDGE('',*,*,#1876,.F.);
#2474=ORIENTED_EDGE('',*,*,#1877,.F.);
#2475=ORIENTED_EDGE('',*,*,#1878,.T.);
#2476=ORIENTED_EDGE('',*,*,#1879,.F.);
#2477=ORIENTED_EDGE('',*,*,#1876,.T.);
#2478=ORIENTED_EDGE('',*,*,#1880,.T.);
#2479=ORIENTED_EDGE('',*,*,#1881,.T.);
#2480=ORIENTED_EDGE('',*,*,#1842,.F.);
#2481=ORIENTED_EDGE('',*,*,#1867,.T.);
#2482=ORIENTED_EDGE('',*,*,#1882,.T.);
#2483=ORIENTED_EDGE('',*,*,#1877,.T.);
#2484=ORIENTED_EDGE('',*,*,#1879,.T.);
#2485=ORIENTED_EDGE('',*,*,#1883,.T.);
#2486=ORIENTED_EDGE('',*,*,#1880,.F.);
#2487=ORIENTED_EDGE('',*,*,#1875,.T.);
#2488=ORIENTED_EDGE('',*,*,#1884,.T.);
#2489=ORIENTED_EDGE('',*,*,#1863,.F.);
#2490=ORIENTED_EDGE('',*,*,#1871,.T.);
#2491=ORIENTED_EDGE('',*,*,#1860,.F.);
#2492=ORIENTED_EDGE('',*,*,#1845,.F.);
#2493=ORIENTED_EDGE('',*,*,#1885,.T.);
#2494=ORIENTED_EDGE('',*,*,#1886,.T.);
#2495=ORIENTED_EDGE('',*,*,#1887,.F.);
#2496=ORIENTED_EDGE('',*,*,#1888,.F.);
#2497=ORIENTED_EDGE('',*,*,#1889,.T.);
#2498=ORIENTED_EDGE('',*,*,#1888,.T.);
#2499=ORIENTED_EDGE('',*,*,#1890,.F.);
#2500=ORIENTED_EDGE('',*,*,#1891,.F.);
#2501=ORIENTED_EDGE('',*,*,#1892,.T.);
#2502=ORIENTED_EDGE('',*,*,#1865,.T.);
#2503=ORIENTED_EDGE('',*,*,#1893,.T.);
#2504=ORIENTED_EDGE('',*,*,#1874,.T.);
#2505=ORIENTED_EDGE('',*,*,#1882,.F.);
#2506=ORIENTED_EDGE('',*,*,#1878,.F.);
#2507=ORIENTED_EDGE('',*,*,#1883,.F.);
#2508=ORIENTED_EDGE('',*,*,#1894,.F.);
#2509=ORIENTED_EDGE('',*,*,#1895,.F.);
#2510=ORIENTED_EDGE('',*,*,#1896,.F.);
#2511=ORIENTED_EDGE('',*,*,#1872,.T.);
#2512=ORIENTED_EDGE('',*,*,#1861,.F.);
#2513=ORIENTED_EDGE('',*,*,#1884,.F.);
#2514=ORIENTED_EDGE('',*,*,#1897,.F.);
#2515=ORIENTED_EDGE('',*,*,#1823,.F.);
#2516=ORIENTED_EDGE('',*,*,#1815,.F.);
#2517=ORIENTED_EDGE('',*,*,#1813,.F.);
#2518=ORIENTED_EDGE('',*,*,#1798,.F.);
#2519=ORIENTED_EDGE('',*,*,#1898,.F.);
#2520=ORIENTED_EDGE('',*,*,#1829,.F.);
#2521=ORIENTED_EDGE('',*,*,#1838,.F.);
#2522=ORIENTED_EDGE('',*,*,#1881,.F.);
#2523=ORIENTED_EDGE('',*,*,#1866,.T.);
#2524=ORIENTED_EDGE('',*,*,#1892,.F.);
#2525=ORIENTED_EDGE('',*,*,#1899,.F.);
#2526=ORIENTED_EDGE('',*,*,#1900,.F.);
#2527=ORIENTED_EDGE('',*,*,#1767,.F.);
#2528=ORIENTED_EDGE('',*,*,#1901,.T.);
#2529=ORIENTED_EDGE('',*,*,#1873,.T.);
#2530=ORIENTED_EDGE('',*,*,#1896,.T.);
#2531=ORIENTED_EDGE('',*,*,#1902,.T.);
#2532=ORIENTED_EDGE('',*,*,#1903,.F.);
#2533=ORIENTED_EDGE('',*,*,#1886,.F.);
#2534=ORIENTED_EDGE('',*,*,#1904,.T.);
#2535=ORIENTED_EDGE('',*,*,#1827,.T.);
#2536=ORIENTED_EDGE('',*,*,#1830,.F.);
#2537=ORIENTED_EDGE('',*,*,#1898,.T.);
#2538=ORIENTED_EDGE('',*,*,#1818,.T.);
#2539=ORIENTED_EDGE('',*,*,#1824,.F.);
#2540=ORIENTED_EDGE('',*,*,#1897,.T.);
#2541=ORIENTED_EDGE('',*,*,#1844,.F.);
#2542=ORIENTED_EDGE('',*,*,#1889,.F.);
#2543=ORIENTED_EDGE('',*,*,#1905,.T.);
#2544=ORIENTED_EDGE('',*,*,#1904,.F.);
#2545=ORIENTED_EDGE('',*,*,#1885,.F.);
#2546=ORIENTED_EDGE('',*,*,#1893,.F.);
#2547=ORIENTED_EDGE('',*,*,#1864,.T.);
#2548=ORIENTED_EDGE('',*,*,#1901,.F.);
#2549=ORIENTED_EDGE('',*,*,#1905,.F.);
#2550=ORIENTED_EDGE('',*,*,#1906,.T.);
#2551=ORIENTED_EDGE('',*,*,#1907,.F.);
#2552=ORIENTED_EDGE('',*,*,#1836,.F.);
#2553=ORIENTED_EDGE('',*,*,#1869,.T.);
#2554=ORIENTED_EDGE('',*,*,#1908,.T.);
#2555=ORIENTED_EDGE('',*,*,#1789,.T.);
#2556=ORIENTED_EDGE('',*,*,#1783,.T.);
#2557=ORIENTED_EDGE('',*,*,#1900,.T.);
#2558=ORIENTED_EDGE('',*,*,#1909,.T.);
#2559=ORIENTED_EDGE('',*,*,#1910,.T.);
#2560=ORIENTED_EDGE('',*,*,#1781,.F.);
#2561=ORIENTED_EDGE('',*,*,#1779,.F.);
#2562=ORIENTED_EDGE('',*,*,#1772,.T.);
#2563=ORIENTED_EDGE('',*,*,#1764,.T.);
#2564=ORIENTED_EDGE('',*,*,#1911,.F.);
#2565=ORIENTED_EDGE('',*,*,#1912,.T.);
#2566=ORIENTED_EDGE('',*,*,#1854,.T.);
#2567=ORIENTED_EDGE('',*,*,#1833,.T.);
#2568=ORIENTED_EDGE('',*,*,#1837,.T.);
#2569=ORIENTED_EDGE('',*,*,#1907,.T.);
#2570=ORIENTED_EDGE('',*,*,#1913,.F.);
#2571=ORIENTED_EDGE('',*,*,#1914,.T.);
#2572=ORIENTED_EDGE('',*,*,#1890,.T.);
#2573=ORIENTED_EDGE('',*,*,#1887,.T.);
#2574=ORIENTED_EDGE('',*,*,#1903,.T.);
#2575=ORIENTED_EDGE('',*,*,#1915,.T.);
#2576=ORIENTED_EDGE('',*,*,#1916,.T.);
#2577=ORIENTED_EDGE('',*,*,#1909,.F.);
#2578=ORIENTED_EDGE('',*,*,#1899,.T.);
#2579=ORIENTED_EDGE('',*,*,#1891,.T.);
#2580=ORIENTED_EDGE('',*,*,#1914,.F.);
#2581=ORIENTED_EDGE('',*,*,#1917,.T.);
#2582=ORIENTED_EDGE('',*,*,#1820,.F.);
#2583=ORIENTED_EDGE('',*,*,#1786,.F.);
#2584=ORIENTED_EDGE('',*,*,#1858,.F.);
#2585=ORIENTED_EDGE('',*,*,#1870,.T.);
#2586=ORIENTED_EDGE('',*,*,#1855,.T.);
#2587=ORIENTED_EDGE('',*,*,#1912,.F.);
#2588=ORIENTED_EDGE('',*,*,#1918,.T.);
#2589=ORIENTED_EDGE('',*,*,#1915,.F.);
#2590=ORIENTED_EDGE('',*,*,#1902,.F.);
#2591=ORIENTED_EDGE('',*,*,#1895,.T.);
#2592=ORIENTED_EDGE('',*,*,#1919,.T.);
#2593=ORIENTED_EDGE('',*,*,#1918,.F.);
#2594=ORIENTED_EDGE('',*,*,#1920,.F.);
#2595=ORIENTED_EDGE('',*,*,#1821,.F.);
#2596=ORIENTED_EDGE('',*,*,#1917,.F.);
#2597=ORIENTED_EDGE('',*,*,#1911,.T.);
#2598=ORIENTED_EDGE('',*,*,#1916,.F.);
#2599=ORIENTED_EDGE('',*,*,#1913,.T.);
#2600=ORIENTED_EDGE('',*,*,#1906,.F.);
#2601=ORIENTED_EDGE('',*,*,#1782,.F.);
#2602=ORIENTED_EDGE('',*,*,#1910,.F.);
#2603=ORIENTED_EDGE('',*,*,#1908,.F.);
#2604=ORIENTED_EDGE('',*,*,#1868,.T.);
#2605=ORIENTED_EDGE('',*,*,#1849,.F.);
#2606=ORIENTED_EDGE('',*,*,#1850,.F.);
#2607=ORIENTED_EDGE('',*,*,#1803,.F.);
#2608=ORIENTED_EDGE('',*,*,#1795,.T.);
#2609=ORIENTED_EDGE('',*,*,#1790,.F.);
#2610=ORIENTED_EDGE('',*,*,#1822,.F.);
#2611=ORIENTED_EDGE('',*,*,#1920,.T.);
#2612=ORIENTED_EDGE('',*,*,#1919,.F.);
#2613=ORIENTED_EDGE('',*,*,#1894,.T.);
#2614=ORIENTED_EDGE('',*,*,#1766,.F.);
#2615=ORIENTED_EDGE('',*,*,#1777,.T.);
#2616=ORIENTED_EDGE('',*,*,#1770,.F.);
#2617=ORIENTED_EDGE('',*,*,#1921,.F.);
#2618=ORIENTED_EDGE('',*,*,#1922,.T.);
#2619=ORIENTED_EDGE('',*,*,#1923,.F.);
#2620=ORIENTED_EDGE('',*,*,#1924,.F.);
#2621=ORIENTED_EDGE('',*,*,#1925,.F.);
#2622=ORIENTED_EDGE('',*,*,#1926,.T.);
#2623=ORIENTED_EDGE('',*,*,#1927,.F.);
#2624=ORIENTED_EDGE('',*,*,#1928,.F.);
#2625=ORIENTED_EDGE('',*,*,#1929,.T.);
#2626=ORIENTED_EDGE('',*,*,#1927,.T.);
#2627=ORIENTED_EDGE('',*,*,#1930,.T.);
#2628=ORIENTED_EDGE('',*,*,#1923,.T.);
#2629=ORIENTED_EDGE('',*,*,#1921,.T.);
#2630=ORIENTED_EDGE('',*,*,#1931,.F.);
#2631=ORIENTED_EDGE('',*,*,#1932,.T.);
#2632=ORIENTED_EDGE('',*,*,#1933,.F.);
#2633=ORIENTED_EDGE('',*,*,#1925,.T.);
#2634=ORIENTED_EDGE('',*,*,#1934,.F.);
#2635=ORIENTED_EDGE('',*,*,#1935,.T.);
#2636=ORIENTED_EDGE('',*,*,#1936,.F.);
#2637=ORIENTED_EDGE('',*,*,#1937,.F.);
#2638=ORIENTED_EDGE('',*,*,#1938,.T.);
#2639=ORIENTED_EDGE('',*,*,#1939,.F.);
#2640=ORIENTED_EDGE('',*,*,#1940,.F.);
#2641=ORIENTED_EDGE('',*,*,#1941,.F.);
#2642=ORIENTED_EDGE('',*,*,#1940,.T.);
#2643=ORIENTED_EDGE('',*,*,#1942,.F.);
#2644=ORIENTED_EDGE('',*,*,#1943,.F.);
#2645=ORIENTED_EDGE('',*,*,#1944,.F.);
#2646=ORIENTED_EDGE('',*,*,#1943,.T.);
#2647=ORIENTED_EDGE('',*,*,#1945,.F.);
#2648=ORIENTED_EDGE('',*,*,#1946,.F.);
#2649=ORIENTED_EDGE('',*,*,#1947,.F.);
#2650=ORIENTED_EDGE('',*,*,#1946,.T.);
#2651=ORIENTED_EDGE('',*,*,#1948,.F.);
#2652=ORIENTED_EDGE('',*,*,#1949,.F.);
#2653=ORIENTED_EDGE('',*,*,#1950,.F.);
#2654=ORIENTED_EDGE('',*,*,#1949,.T.);
#2655=ORIENTED_EDGE('',*,*,#1951,.F.);
#2656=ORIENTED_EDGE('',*,*,#1952,.F.);
#2657=ORIENTED_EDGE('',*,*,#1953,.F.);
#2658=ORIENTED_EDGE('',*,*,#1952,.T.);
#2659=ORIENTED_EDGE('',*,*,#1954,.F.);
#2660=ORIENTED_EDGE('',*,*,#1955,.F.);
#2661=ORIENTED_EDGE('',*,*,#1956,.F.);
#2662=ORIENTED_EDGE('',*,*,#1955,.T.);
#2663=ORIENTED_EDGE('',*,*,#1957,.F.);
#2664=ORIENTED_EDGE('',*,*,#1958,.F.);
#2665=ORIENTED_EDGE('',*,*,#1959,.F.);
#2666=ORIENTED_EDGE('',*,*,#1958,.T.);
#2667=ORIENTED_EDGE('',*,*,#1960,.F.);
#2668=ORIENTED_EDGE('',*,*,#1961,.F.);
#2669=ORIENTED_EDGE('',*,*,#1962,.F.);
#2670=ORIENTED_EDGE('',*,*,#1961,.T.);
#2671=ORIENTED_EDGE('',*,*,#1963,.F.);
#2672=ORIENTED_EDGE('',*,*,#1964,.F.);
#2673=ORIENTED_EDGE('',*,*,#1965,.F.);
#2674=ORIENTED_EDGE('',*,*,#1964,.T.);
#2675=ORIENTED_EDGE('',*,*,#1966,.F.);
#2676=ORIENTED_EDGE('',*,*,#1967,.F.);
#2677=ORIENTED_EDGE('',*,*,#1968,.F.);
#2678=ORIENTED_EDGE('',*,*,#1967,.T.);
#2679=ORIENTED_EDGE('',*,*,#1969,.F.);
#2680=ORIENTED_EDGE('',*,*,#1970,.F.);
#2681=ORIENTED_EDGE('',*,*,#1971,.F.);
#2682=ORIENTED_EDGE('',*,*,#1970,.T.);
#2683=ORIENTED_EDGE('',*,*,#1972,.F.);
#2684=ORIENTED_EDGE('',*,*,#1973,.F.);
#2685=ORIENTED_EDGE('',*,*,#1974,.F.);
#2686=ORIENTED_EDGE('',*,*,#1973,.T.);
#2687=ORIENTED_EDGE('',*,*,#1975,.F.);
#2688=ORIENTED_EDGE('',*,*,#1976,.F.);
#2689=ORIENTED_EDGE('',*,*,#1977,.F.);
#2690=ORIENTED_EDGE('',*,*,#1976,.T.);
#2691=ORIENTED_EDGE('',*,*,#1978,.F.);
#2692=ORIENTED_EDGE('',*,*,#1979,.F.);
#2693=ORIENTED_EDGE('',*,*,#1980,.F.);
#2694=ORIENTED_EDGE('',*,*,#1979,.T.);
#2695=ORIENTED_EDGE('',*,*,#1981,.F.);
#2696=ORIENTED_EDGE('',*,*,#1982,.F.);
#2697=ORIENTED_EDGE('',*,*,#1983,.F.);
#2698=ORIENTED_EDGE('',*,*,#1982,.T.);
#2699=ORIENTED_EDGE('',*,*,#1984,.F.);
#2700=ORIENTED_EDGE('',*,*,#1985,.F.);
#2701=ORIENTED_EDGE('',*,*,#1986,.F.);
#2702=ORIENTED_EDGE('',*,*,#1985,.T.);
#2703=ORIENTED_EDGE('',*,*,#1987,.F.);
#2704=ORIENTED_EDGE('',*,*,#1988,.F.);
#2705=ORIENTED_EDGE('',*,*,#1989,.F.);
#2706=ORIENTED_EDGE('',*,*,#1988,.T.);
#2707=ORIENTED_EDGE('',*,*,#1990,.F.);
#2708=ORIENTED_EDGE('',*,*,#1991,.F.);
#2709=ORIENTED_EDGE('',*,*,#1992,.F.);
#2710=ORIENTED_EDGE('',*,*,#1991,.T.);
#2711=ORIENTED_EDGE('',*,*,#1993,.F.);
#2712=ORIENTED_EDGE('',*,*,#1994,.F.);
#2713=ORIENTED_EDGE('',*,*,#1995,.F.);
#2714=ORIENTED_EDGE('',*,*,#1994,.T.);
#2715=ORIENTED_EDGE('',*,*,#1996,.F.);
#2716=ORIENTED_EDGE('',*,*,#1997,.F.);
#2717=ORIENTED_EDGE('',*,*,#1998,.F.);
#2718=ORIENTED_EDGE('',*,*,#1997,.T.);
#2719=ORIENTED_EDGE('',*,*,#1999,.F.);
#2720=ORIENTED_EDGE('',*,*,#2000,.F.);
#2721=ORIENTED_EDGE('',*,*,#2001,.F.);
#2722=ORIENTED_EDGE('',*,*,#2000,.T.);
#2723=ORIENTED_EDGE('',*,*,#2002,.F.);
#2724=ORIENTED_EDGE('',*,*,#2003,.F.);
#2725=ORIENTED_EDGE('',*,*,#2004,.F.);
#2726=ORIENTED_EDGE('',*,*,#2003,.T.);
#2727=ORIENTED_EDGE('',*,*,#2005,.F.);
#2728=ORIENTED_EDGE('',*,*,#2006,.F.);
#2729=ORIENTED_EDGE('',*,*,#2007,.F.);
#2730=ORIENTED_EDGE('',*,*,#2006,.T.);
#2731=ORIENTED_EDGE('',*,*,#2008,.F.);
#2732=ORIENTED_EDGE('',*,*,#2009,.F.);
#2733=ORIENTED_EDGE('',*,*,#2010,.F.);
#2734=ORIENTED_EDGE('',*,*,#2009,.T.);
#2735=ORIENTED_EDGE('',*,*,#2011,.F.);
#2736=ORIENTED_EDGE('',*,*,#2012,.F.);
#2737=ORIENTED_EDGE('',*,*,#2013,.F.);
#2738=ORIENTED_EDGE('',*,*,#2012,.T.);
#2739=ORIENTED_EDGE('',*,*,#2014,.F.);
#2740=ORIENTED_EDGE('',*,*,#2015,.F.);
#2741=ORIENTED_EDGE('',*,*,#2016,.F.);
#2742=ORIENTED_EDGE('',*,*,#2015,.T.);
#2743=ORIENTED_EDGE('',*,*,#2017,.F.);
#2744=ORIENTED_EDGE('',*,*,#2018,.F.);
#2745=ORIENTED_EDGE('',*,*,#2019,.F.);
#2746=ORIENTED_EDGE('',*,*,#2018,.T.);
#2747=ORIENTED_EDGE('',*,*,#2020,.F.);
#2748=ORIENTED_EDGE('',*,*,#2021,.F.);
#2749=ORIENTED_EDGE('',*,*,#2022,.F.);
#2750=ORIENTED_EDGE('',*,*,#2021,.T.);
#2751=ORIENTED_EDGE('',*,*,#2023,.F.);
#2752=ORIENTED_EDGE('',*,*,#2024,.F.);
#2753=ORIENTED_EDGE('',*,*,#2025,.F.);
#2754=ORIENTED_EDGE('',*,*,#2024,.T.);
#2755=ORIENTED_EDGE('',*,*,#2026,.F.);
#2756=ORIENTED_EDGE('',*,*,#2027,.F.);
#2757=ORIENTED_EDGE('',*,*,#2028,.F.);
#2758=ORIENTED_EDGE('',*,*,#2027,.T.);
#2759=ORIENTED_EDGE('',*,*,#2029,.F.);
#2760=ORIENTED_EDGE('',*,*,#2030,.F.);
#2761=ORIENTED_EDGE('',*,*,#2031,.F.);
#2762=ORIENTED_EDGE('',*,*,#2030,.T.);
#2763=ORIENTED_EDGE('',*,*,#2032,.F.);
#2764=ORIENTED_EDGE('',*,*,#2033,.F.);
#2765=ORIENTED_EDGE('',*,*,#2034,.F.);
#2766=ORIENTED_EDGE('',*,*,#2033,.T.);
#2767=ORIENTED_EDGE('',*,*,#2035,.F.);
#2768=ORIENTED_EDGE('',*,*,#2036,.F.);
#2769=ORIENTED_EDGE('',*,*,#2037,.F.);
#2770=ORIENTED_EDGE('',*,*,#2036,.T.);
#2771=ORIENTED_EDGE('',*,*,#2038,.F.);
#2772=ORIENTED_EDGE('',*,*,#2039,.F.);
#2773=ORIENTED_EDGE('',*,*,#2040,.F.);
#2774=ORIENTED_EDGE('',*,*,#2039,.T.);
#2775=ORIENTED_EDGE('',*,*,#2041,.F.);
#2776=ORIENTED_EDGE('',*,*,#2042,.F.);
#2777=ORIENTED_EDGE('',*,*,#2043,.F.);
#2778=ORIENTED_EDGE('',*,*,#2042,.T.);
#2779=ORIENTED_EDGE('',*,*,#2044,.F.);
#2780=ORIENTED_EDGE('',*,*,#2045,.F.);
#2781=ORIENTED_EDGE('',*,*,#2046,.F.);
#2782=ORIENTED_EDGE('',*,*,#2045,.T.);
#2783=ORIENTED_EDGE('',*,*,#2047,.F.);
#2784=ORIENTED_EDGE('',*,*,#2048,.F.);
#2785=ORIENTED_EDGE('',*,*,#2049,.F.);
#2786=ORIENTED_EDGE('',*,*,#2048,.T.);
#2787=ORIENTED_EDGE('',*,*,#2050,.F.);
#2788=ORIENTED_EDGE('',*,*,#2051,.F.);
#2789=ORIENTED_EDGE('',*,*,#2052,.F.);
#2790=ORIENTED_EDGE('',*,*,#2051,.T.);
#2791=ORIENTED_EDGE('',*,*,#2053,.F.);
#2792=ORIENTED_EDGE('',*,*,#2054,.F.);
#2793=ORIENTED_EDGE('',*,*,#2055,.F.);
#2794=ORIENTED_EDGE('',*,*,#2054,.T.);
#2795=ORIENTED_EDGE('',*,*,#2056,.F.);
#2796=ORIENTED_EDGE('',*,*,#2057,.F.);
#2797=ORIENTED_EDGE('',*,*,#2058,.F.);
#2798=ORIENTED_EDGE('',*,*,#2057,.T.);
#2799=ORIENTED_EDGE('',*,*,#2059,.F.);
#2800=ORIENTED_EDGE('',*,*,#2060,.F.);
#2801=ORIENTED_EDGE('',*,*,#2061,.F.);
#2802=ORIENTED_EDGE('',*,*,#2060,.T.);
#2803=ORIENTED_EDGE('',*,*,#2062,.F.);
#2804=ORIENTED_EDGE('',*,*,#2063,.F.);
#2805=ORIENTED_EDGE('',*,*,#2064,.F.);
#2806=ORIENTED_EDGE('',*,*,#2063,.T.);
#2807=ORIENTED_EDGE('',*,*,#2065,.F.);
#2808=ORIENTED_EDGE('',*,*,#2066,.F.);
#2809=ORIENTED_EDGE('',*,*,#2067,.F.);
#2810=ORIENTED_EDGE('',*,*,#2066,.T.);
#2811=ORIENTED_EDGE('',*,*,#2068,.F.);
#2812=ORIENTED_EDGE('',*,*,#2069,.F.);
#2813=ORIENTED_EDGE('',*,*,#2070,.F.);
#2814=ORIENTED_EDGE('',*,*,#2069,.T.);
#2815=ORIENTED_EDGE('',*,*,#2071,.F.);
#2816=ORIENTED_EDGE('',*,*,#2072,.F.);
#2817=ORIENTED_EDGE('',*,*,#2073,.F.);
#2818=ORIENTED_EDGE('',*,*,#2072,.T.);
#2819=ORIENTED_EDGE('',*,*,#2074,.F.);
#2820=ORIENTED_EDGE('',*,*,#1938,.F.);
#2821=ORIENTED_EDGE('',*,*,#2074,.T.);
#2822=ORIENTED_EDGE('',*,*,#2071,.T.);
#2823=ORIENTED_EDGE('',*,*,#2068,.T.);
#2824=ORIENTED_EDGE('',*,*,#2065,.T.);
#2825=ORIENTED_EDGE('',*,*,#2062,.T.);
#2826=ORIENTED_EDGE('',*,*,#2059,.T.);
#2827=ORIENTED_EDGE('',*,*,#2056,.T.);
#2828=ORIENTED_EDGE('',*,*,#2053,.T.);
#2829=ORIENTED_EDGE('',*,*,#2050,.T.);
#2830=ORIENTED_EDGE('',*,*,#2047,.T.);
#2831=ORIENTED_EDGE('',*,*,#2044,.T.);
#2832=ORIENTED_EDGE('',*,*,#2041,.T.);
#2833=ORIENTED_EDGE('',*,*,#2038,.T.);
#2834=ORIENTED_EDGE('',*,*,#2035,.T.);
#2835=ORIENTED_EDGE('',*,*,#2032,.T.);
#2836=ORIENTED_EDGE('',*,*,#2029,.T.);
#2837=ORIENTED_EDGE('',*,*,#2026,.T.);
#2838=ORIENTED_EDGE('',*,*,#2023,.T.);
#2839=ORIENTED_EDGE('',*,*,#2020,.T.);
#2840=ORIENTED_EDGE('',*,*,#2017,.T.);
#2841=ORIENTED_EDGE('',*,*,#2014,.T.);
#2842=ORIENTED_EDGE('',*,*,#2011,.T.);
#2843=ORIENTED_EDGE('',*,*,#2008,.T.);
#2844=ORIENTED_EDGE('',*,*,#2005,.T.);
#2845=ORIENTED_EDGE('',*,*,#2002,.T.);
#2846=ORIENTED_EDGE('',*,*,#1999,.T.);
#2847=ORIENTED_EDGE('',*,*,#1996,.T.);
#2848=ORIENTED_EDGE('',*,*,#1993,.T.);
#2849=ORIENTED_EDGE('',*,*,#1990,.T.);
#2850=ORIENTED_EDGE('',*,*,#1987,.T.);
#2851=ORIENTED_EDGE('',*,*,#1984,.T.);
#2852=ORIENTED_EDGE('',*,*,#1981,.T.);
#2853=ORIENTED_EDGE('',*,*,#1978,.T.);
#2854=ORIENTED_EDGE('',*,*,#1975,.T.);
#2855=ORIENTED_EDGE('',*,*,#1972,.T.);
#2856=ORIENTED_EDGE('',*,*,#1969,.T.);
#2857=ORIENTED_EDGE('',*,*,#1966,.T.);
#2858=ORIENTED_EDGE('',*,*,#1963,.T.);
#2859=ORIENTED_EDGE('',*,*,#1960,.T.);
#2860=ORIENTED_EDGE('',*,*,#1957,.T.);
#2861=ORIENTED_EDGE('',*,*,#1954,.T.);
#2862=ORIENTED_EDGE('',*,*,#1951,.T.);
#2863=ORIENTED_EDGE('',*,*,#1948,.T.);
#2864=ORIENTED_EDGE('',*,*,#1945,.T.);
#2865=ORIENTED_EDGE('',*,*,#1942,.T.);
#2866=ORIENTED_EDGE('',*,*,#1939,.T.);
#2867=ORIENTED_EDGE('',*,*,#2075,.F.);
#2868=ORIENTED_EDGE('',*,*,#2076,.T.);
#2869=ORIENTED_EDGE('',*,*,#2077,.F.);
#2870=ORIENTED_EDGE('',*,*,#2078,.F.);
#2871=ORIENTED_EDGE('',*,*,#2079,.F.);
#2872=ORIENTED_EDGE('',*,*,#2078,.T.);
#2873=ORIENTED_EDGE('',*,*,#2080,.F.);
#2874=ORIENTED_EDGE('',*,*,#2081,.F.);
#2875=ORIENTED_EDGE('',*,*,#2082,.F.);
#2876=ORIENTED_EDGE('',*,*,#2081,.T.);
#2877=ORIENTED_EDGE('',*,*,#2083,.F.);
#2878=ORIENTED_EDGE('',*,*,#2084,.F.);
#2879=ORIENTED_EDGE('',*,*,#2085,.F.);
#2880=ORIENTED_EDGE('',*,*,#2084,.T.);
#2881=ORIENTED_EDGE('',*,*,#2086,.F.);
#2882=ORIENTED_EDGE('',*,*,#2087,.F.);
#2883=ORIENTED_EDGE('',*,*,#2088,.F.);
#2884=ORIENTED_EDGE('',*,*,#2087,.T.);
#2885=ORIENTED_EDGE('',*,*,#2089,.F.);
#2886=ORIENTED_EDGE('',*,*,#2090,.F.);
#2887=ORIENTED_EDGE('',*,*,#2091,.F.);
#2888=ORIENTED_EDGE('',*,*,#2090,.T.);
#2889=ORIENTED_EDGE('',*,*,#2092,.F.);
#2890=ORIENTED_EDGE('',*,*,#2093,.F.);
#2891=ORIENTED_EDGE('',*,*,#2094,.F.);
#2892=ORIENTED_EDGE('',*,*,#2093,.T.);
#2893=ORIENTED_EDGE('',*,*,#2095,.F.);
#2894=ORIENTED_EDGE('',*,*,#2096,.F.);
#2895=ORIENTED_EDGE('',*,*,#2097,.F.);
#2896=ORIENTED_EDGE('',*,*,#2096,.T.);
#2897=ORIENTED_EDGE('',*,*,#2098,.F.);
#2898=ORIENTED_EDGE('',*,*,#2099,.F.);
#2899=ORIENTED_EDGE('',*,*,#2100,.F.);
#2900=ORIENTED_EDGE('',*,*,#2099,.T.);
#2901=ORIENTED_EDGE('',*,*,#2101,.F.);
#2902=ORIENTED_EDGE('',*,*,#2102,.F.);
#2903=ORIENTED_EDGE('',*,*,#2103,.F.);
#2904=ORIENTED_EDGE('',*,*,#2102,.T.);
#2905=ORIENTED_EDGE('',*,*,#2104,.F.);
#2906=ORIENTED_EDGE('',*,*,#2105,.F.);
#2907=ORIENTED_EDGE('',*,*,#2106,.F.);
#2908=ORIENTED_EDGE('',*,*,#2105,.T.);
#2909=ORIENTED_EDGE('',*,*,#2107,.F.);
#2910=ORIENTED_EDGE('',*,*,#2108,.F.);
#2911=ORIENTED_EDGE('',*,*,#2109,.F.);
#2912=ORIENTED_EDGE('',*,*,#2108,.T.);
#2913=ORIENTED_EDGE('',*,*,#2110,.F.);
#2914=ORIENTED_EDGE('',*,*,#2111,.F.);
#2915=ORIENTED_EDGE('',*,*,#2112,.F.);
#2916=ORIENTED_EDGE('',*,*,#2111,.T.);
#2917=ORIENTED_EDGE('',*,*,#2113,.F.);
#2918=ORIENTED_EDGE('',*,*,#2114,.F.);
#2919=ORIENTED_EDGE('',*,*,#2115,.F.);
#2920=ORIENTED_EDGE('',*,*,#2114,.T.);
#2921=ORIENTED_EDGE('',*,*,#2116,.F.);
#2922=ORIENTED_EDGE('',*,*,#2117,.F.);
#2923=ORIENTED_EDGE('',*,*,#2118,.F.);
#2924=ORIENTED_EDGE('',*,*,#2117,.T.);
#2925=ORIENTED_EDGE('',*,*,#2119,.F.);
#2926=ORIENTED_EDGE('',*,*,#2120,.F.);
#2927=ORIENTED_EDGE('',*,*,#2121,.F.);
#2928=ORIENTED_EDGE('',*,*,#2120,.T.);
#2929=ORIENTED_EDGE('',*,*,#2122,.F.);
#2930=ORIENTED_EDGE('',*,*,#2123,.F.);
#2931=ORIENTED_EDGE('',*,*,#2124,.F.);
#2932=ORIENTED_EDGE('',*,*,#2123,.T.);
#2933=ORIENTED_EDGE('',*,*,#2125,.F.);
#2934=ORIENTED_EDGE('',*,*,#2126,.F.);
#2935=ORIENTED_EDGE('',*,*,#2127,.F.);
#2936=ORIENTED_EDGE('',*,*,#2126,.T.);
#2937=ORIENTED_EDGE('',*,*,#2128,.F.);
#2938=ORIENTED_EDGE('',*,*,#2129,.F.);
#2939=ORIENTED_EDGE('',*,*,#2130,.F.);
#2940=ORIENTED_EDGE('',*,*,#2129,.T.);
#2941=ORIENTED_EDGE('',*,*,#2131,.F.);
#2942=ORIENTED_EDGE('',*,*,#2132,.F.);
#2943=ORIENTED_EDGE('',*,*,#2133,.F.);
#2944=ORIENTED_EDGE('',*,*,#2132,.T.);
#2945=ORIENTED_EDGE('',*,*,#2134,.F.);
#2946=ORIENTED_EDGE('',*,*,#2135,.F.);
#2947=ORIENTED_EDGE('',*,*,#2136,.F.);
#2948=ORIENTED_EDGE('',*,*,#2135,.T.);
#2949=ORIENTED_EDGE('',*,*,#2137,.F.);
#2950=ORIENTED_EDGE('',*,*,#2138,.F.);
#2951=ORIENTED_EDGE('',*,*,#2139,.F.);
#2952=ORIENTED_EDGE('',*,*,#2138,.T.);
#2953=ORIENTED_EDGE('',*,*,#2140,.F.);
#2954=ORIENTED_EDGE('',*,*,#2141,.F.);
#2955=ORIENTED_EDGE('',*,*,#2142,.F.);
#2956=ORIENTED_EDGE('',*,*,#2141,.T.);
#2957=ORIENTED_EDGE('',*,*,#2143,.F.);
#2958=ORIENTED_EDGE('',*,*,#2144,.F.);
#2959=ORIENTED_EDGE('',*,*,#2145,.F.);
#2960=ORIENTED_EDGE('',*,*,#2144,.T.);
#2961=ORIENTED_EDGE('',*,*,#2146,.F.);
#2962=ORIENTED_EDGE('',*,*,#2147,.F.);
#2963=ORIENTED_EDGE('',*,*,#2148,.F.);
#2964=ORIENTED_EDGE('',*,*,#2147,.T.);
#2965=ORIENTED_EDGE('',*,*,#2149,.F.);
#2966=ORIENTED_EDGE('',*,*,#2150,.F.);
#2967=ORIENTED_EDGE('',*,*,#2151,.F.);
#2968=ORIENTED_EDGE('',*,*,#2150,.T.);
#2969=ORIENTED_EDGE('',*,*,#2152,.F.);
#2970=ORIENTED_EDGE('',*,*,#2153,.F.);
#2971=ORIENTED_EDGE('',*,*,#2154,.F.);
#2972=ORIENTED_EDGE('',*,*,#2153,.T.);
#2973=ORIENTED_EDGE('',*,*,#2155,.F.);
#2974=ORIENTED_EDGE('',*,*,#2156,.F.);
#2975=ORIENTED_EDGE('',*,*,#2157,.F.);
#2976=ORIENTED_EDGE('',*,*,#2156,.T.);
#2977=ORIENTED_EDGE('',*,*,#2158,.F.);
#2978=ORIENTED_EDGE('',*,*,#2076,.F.);
#2979=ORIENTED_EDGE('',*,*,#2158,.T.);
#2980=ORIENTED_EDGE('',*,*,#2155,.T.);
#2981=ORIENTED_EDGE('',*,*,#2152,.T.);
#2982=ORIENTED_EDGE('',*,*,#2149,.T.);
#2983=ORIENTED_EDGE('',*,*,#2146,.T.);
#2984=ORIENTED_EDGE('',*,*,#2143,.T.);
#2985=ORIENTED_EDGE('',*,*,#2140,.T.);
#2986=ORIENTED_EDGE('',*,*,#2137,.T.);
#2987=ORIENTED_EDGE('',*,*,#2134,.T.);
#2988=ORIENTED_EDGE('',*,*,#2131,.T.);
#2989=ORIENTED_EDGE('',*,*,#2128,.T.);
#2990=ORIENTED_EDGE('',*,*,#2125,.T.);
#2991=ORIENTED_EDGE('',*,*,#2122,.T.);
#2992=ORIENTED_EDGE('',*,*,#2119,.T.);
#2993=ORIENTED_EDGE('',*,*,#2116,.T.);
#2994=ORIENTED_EDGE('',*,*,#2113,.T.);
#2995=ORIENTED_EDGE('',*,*,#2110,.T.);
#2996=ORIENTED_EDGE('',*,*,#2107,.T.);
#2997=ORIENTED_EDGE('',*,*,#2104,.T.);
#2998=ORIENTED_EDGE('',*,*,#2101,.T.);
#2999=ORIENTED_EDGE('',*,*,#2098,.T.);
#3000=ORIENTED_EDGE('',*,*,#2095,.T.);
#3001=ORIENTED_EDGE('',*,*,#2092,.T.);
#3002=ORIENTED_EDGE('',*,*,#2089,.T.);
#3003=ORIENTED_EDGE('',*,*,#2086,.T.);
#3004=ORIENTED_EDGE('',*,*,#2083,.T.);
#3005=ORIENTED_EDGE('',*,*,#2080,.T.);
#3006=ORIENTED_EDGE('',*,*,#2077,.T.);
#3007=ORIENTED_EDGE('',*,*,#2159,.F.);
#3008=ORIENTED_EDGE('',*,*,#2160,.T.);
#3009=ORIENTED_EDGE('',*,*,#2161,.F.);
#3010=ORIENTED_EDGE('',*,*,#2162,.F.);
#3011=ORIENTED_EDGE('',*,*,#2163,.F.);
#3012=ORIENTED_EDGE('',*,*,#2162,.T.);
#3013=ORIENTED_EDGE('',*,*,#2164,.F.);
#3014=ORIENTED_EDGE('',*,*,#2165,.F.);
#3015=ORIENTED_EDGE('',*,*,#2166,.F.);
#3016=ORIENTED_EDGE('',*,*,#2165,.T.);
#3017=ORIENTED_EDGE('',*,*,#2167,.F.);
#3018=ORIENTED_EDGE('',*,*,#2168,.F.);
#3019=ORIENTED_EDGE('',*,*,#2169,.F.);
#3020=ORIENTED_EDGE('',*,*,#2168,.T.);
#3021=ORIENTED_EDGE('',*,*,#2170,.F.);
#3022=ORIENTED_EDGE('',*,*,#2171,.F.);
#3023=ORIENTED_EDGE('',*,*,#2172,.F.);
#3024=ORIENTED_EDGE('',*,*,#2171,.T.);
#3025=ORIENTED_EDGE('',*,*,#2173,.F.);
#3026=ORIENTED_EDGE('',*,*,#2174,.F.);
#3027=ORIENTED_EDGE('',*,*,#2175,.F.);
#3028=ORIENTED_EDGE('',*,*,#2174,.T.);
#3029=ORIENTED_EDGE('',*,*,#2176,.F.);
#3030=ORIENTED_EDGE('',*,*,#2177,.F.);
#3031=ORIENTED_EDGE('',*,*,#2178,.F.);
#3032=ORIENTED_EDGE('',*,*,#2177,.T.);
#3033=ORIENTED_EDGE('',*,*,#2179,.F.);
#3034=ORIENTED_EDGE('',*,*,#2180,.F.);
#3035=ORIENTED_EDGE('',*,*,#2181,.F.);
#3036=ORIENTED_EDGE('',*,*,#2180,.T.);
#3037=ORIENTED_EDGE('',*,*,#2182,.F.);
#3038=ORIENTED_EDGE('',*,*,#2183,.F.);
#3039=ORIENTED_EDGE('',*,*,#2184,.F.);
#3040=ORIENTED_EDGE('',*,*,#2183,.T.);
#3041=ORIENTED_EDGE('',*,*,#2185,.F.);
#3042=ORIENTED_EDGE('',*,*,#2186,.F.);
#3043=ORIENTED_EDGE('',*,*,#2187,.F.);
#3044=ORIENTED_EDGE('',*,*,#2186,.T.);
#3045=ORIENTED_EDGE('',*,*,#2188,.F.);
#3046=ORIENTED_EDGE('',*,*,#2189,.F.);
#3047=ORIENTED_EDGE('',*,*,#2190,.F.);
#3048=ORIENTED_EDGE('',*,*,#2189,.T.);
#3049=ORIENTED_EDGE('',*,*,#2191,.F.);
#3050=ORIENTED_EDGE('',*,*,#2192,.F.);
#3051=ORIENTED_EDGE('',*,*,#2193,.F.);
#3052=ORIENTED_EDGE('',*,*,#2192,.T.);
#3053=ORIENTED_EDGE('',*,*,#2194,.F.);
#3054=ORIENTED_EDGE('',*,*,#2160,.F.);
#3055=ORIENTED_EDGE('',*,*,#2195,.F.);
#3056=ORIENTED_EDGE('',*,*,#2196,.T.);
#3057=ORIENTED_EDGE('',*,*,#2197,.F.);
#3058=ORIENTED_EDGE('',*,*,#2198,.F.);
#3059=ORIENTED_EDGE('',*,*,#2199,.F.);
#3060=ORIENTED_EDGE('',*,*,#2198,.T.);
#3061=ORIENTED_EDGE('',*,*,#2200,.F.);
#3062=ORIENTED_EDGE('',*,*,#2201,.F.);
#3063=ORIENTED_EDGE('',*,*,#2202,.F.);
#3064=ORIENTED_EDGE('',*,*,#2201,.T.);
#3065=ORIENTED_EDGE('',*,*,#2203,.F.);
#3066=ORIENTED_EDGE('',*,*,#2204,.F.);
#3067=ORIENTED_EDGE('',*,*,#2205,.F.);
#3068=ORIENTED_EDGE('',*,*,#2204,.T.);
#3069=ORIENTED_EDGE('',*,*,#2206,.F.);
#3070=ORIENTED_EDGE('',*,*,#2207,.F.);
#3071=ORIENTED_EDGE('',*,*,#2208,.F.);
#3072=ORIENTED_EDGE('',*,*,#2207,.T.);
#3073=ORIENTED_EDGE('',*,*,#2209,.F.);
#3074=ORIENTED_EDGE('',*,*,#2210,.F.);
#3075=ORIENTED_EDGE('',*,*,#2211,.F.);
#3076=ORIENTED_EDGE('',*,*,#2210,.T.);
#3077=ORIENTED_EDGE('',*,*,#2212,.F.);
#3078=ORIENTED_EDGE('',*,*,#2213,.F.);
#3079=ORIENTED_EDGE('',*,*,#2214,.F.);
#3080=ORIENTED_EDGE('',*,*,#2213,.T.);
#3081=ORIENTED_EDGE('',*,*,#2215,.F.);
#3082=ORIENTED_EDGE('',*,*,#2216,.F.);
#3083=ORIENTED_EDGE('',*,*,#2217,.F.);
#3084=ORIENTED_EDGE('',*,*,#2218,.F.);
#3085=ORIENTED_EDGE('',*,*,#2217,.T.);
#3086=ORIENTED_EDGE('',*,*,#2219,.F.);
#3087=ORIENTED_EDGE('',*,*,#2220,.F.);
#3088=ORIENTED_EDGE('',*,*,#2221,.F.);
#3089=ORIENTED_EDGE('',*,*,#2220,.T.);
#3090=ORIENTED_EDGE('',*,*,#2222,.F.);
#3091=ORIENTED_EDGE('',*,*,#2223,.F.);
#3092=ORIENTED_EDGE('',*,*,#2224,.F.);
#3093=ORIENTED_EDGE('',*,*,#2223,.T.);
#3094=ORIENTED_EDGE('',*,*,#2225,.F.);
#3095=ORIENTED_EDGE('',*,*,#2226,.F.);
#3096=ORIENTED_EDGE('',*,*,#2227,.F.);
#3097=ORIENTED_EDGE('',*,*,#2226,.T.);
#3098=ORIENTED_EDGE('',*,*,#2228,.F.);
#3099=ORIENTED_EDGE('',*,*,#2229,.F.);
#3100=ORIENTED_EDGE('',*,*,#2230,.F.);
#3101=ORIENTED_EDGE('',*,*,#2229,.T.);
#3102=ORIENTED_EDGE('',*,*,#2231,.F.);
#3103=ORIENTED_EDGE('',*,*,#2232,.F.);
#3104=ORIENTED_EDGE('',*,*,#2233,.F.);
#3105=ORIENTED_EDGE('',*,*,#2232,.T.);
#3106=ORIENTED_EDGE('',*,*,#2234,.F.);
#3107=ORIENTED_EDGE('',*,*,#2235,.F.);
#3108=ORIENTED_EDGE('',*,*,#2236,.F.);
#3109=ORIENTED_EDGE('',*,*,#2235,.T.);
#3110=ORIENTED_EDGE('',*,*,#2237,.F.);
#3111=ORIENTED_EDGE('',*,*,#2238,.F.);
#3112=ORIENTED_EDGE('',*,*,#2239,.F.);
#3113=ORIENTED_EDGE('',*,*,#2238,.T.);
#3114=ORIENTED_EDGE('',*,*,#2240,.F.);
#3115=ORIENTED_EDGE('',*,*,#2241,.F.);
#3116=ORIENTED_EDGE('',*,*,#2242,.F.);
#3117=ORIENTED_EDGE('',*,*,#2241,.T.);
#3118=ORIENTED_EDGE('',*,*,#2243,.F.);
#3119=ORIENTED_EDGE('',*,*,#2244,.F.);
#3120=ORIENTED_EDGE('',*,*,#2245,.F.);
#3121=ORIENTED_EDGE('',*,*,#2244,.T.);
#3122=ORIENTED_EDGE('',*,*,#2246,.F.);
#3123=ORIENTED_EDGE('',*,*,#2247,.F.);
#3124=ORIENTED_EDGE('',*,*,#2248,.F.);
#3125=ORIENTED_EDGE('',*,*,#2247,.T.);
#3126=ORIENTED_EDGE('',*,*,#2249,.F.);
#3127=ORIENTED_EDGE('',*,*,#2250,.F.);
#3128=ORIENTED_EDGE('',*,*,#2251,.F.);
#3129=ORIENTED_EDGE('',*,*,#2250,.T.);
#3130=ORIENTED_EDGE('',*,*,#2252,.F.);
#3131=ORIENTED_EDGE('',*,*,#2253,.F.);
#3132=ORIENTED_EDGE('',*,*,#2254,.F.);
#3133=ORIENTED_EDGE('',*,*,#2253,.T.);
#3134=ORIENTED_EDGE('',*,*,#2255,.F.);
#3135=ORIENTED_EDGE('',*,*,#2256,.F.);
#3136=ORIENTED_EDGE('',*,*,#2257,.F.);
#3137=ORIENTED_EDGE('',*,*,#2256,.T.);
#3138=ORIENTED_EDGE('',*,*,#2258,.F.);
#3139=ORIENTED_EDGE('',*,*,#2259,.F.);
#3140=ORIENTED_EDGE('',*,*,#2260,.F.);
#3141=ORIENTED_EDGE('',*,*,#2259,.T.);
#3142=ORIENTED_EDGE('',*,*,#2261,.F.);
#3143=ORIENTED_EDGE('',*,*,#2262,.F.);
#3144=ORIENTED_EDGE('',*,*,#2263,.F.);
#3145=ORIENTED_EDGE('',*,*,#2262,.T.);
#3146=ORIENTED_EDGE('',*,*,#2264,.F.);
#3147=ORIENTED_EDGE('',*,*,#2265,.F.);
#3148=ORIENTED_EDGE('',*,*,#2266,.F.);
#3149=ORIENTED_EDGE('',*,*,#2265,.T.);
#3150=ORIENTED_EDGE('',*,*,#2267,.F.);
#3151=ORIENTED_EDGE('',*,*,#2268,.F.);
#3152=ORIENTED_EDGE('',*,*,#2269,.F.);
#3153=ORIENTED_EDGE('',*,*,#2268,.T.);
#3154=ORIENTED_EDGE('',*,*,#2270,.F.);
#3155=ORIENTED_EDGE('',*,*,#2271,.F.);
#3156=ORIENTED_EDGE('',*,*,#2272,.F.);
#3157=ORIENTED_EDGE('',*,*,#2271,.T.);
#3158=ORIENTED_EDGE('',*,*,#2273,.F.);
#3159=ORIENTED_EDGE('',*,*,#2274,.F.);
#3160=ORIENTED_EDGE('',*,*,#2275,.F.);
#3161=ORIENTED_EDGE('',*,*,#2274,.T.);
#3162=ORIENTED_EDGE('',*,*,#2276,.F.);
#3163=ORIENTED_EDGE('',*,*,#2196,.F.);
#3164=ORIENTED_EDGE('',*,*,#2276,.T.);
#3165=ORIENTED_EDGE('',*,*,#2273,.T.);
#3166=ORIENTED_EDGE('',*,*,#2270,.T.);
#3167=ORIENTED_EDGE('',*,*,#2267,.T.);
#3168=ORIENTED_EDGE('',*,*,#2264,.T.);
#3169=ORIENTED_EDGE('',*,*,#2261,.T.);
#3170=ORIENTED_EDGE('',*,*,#2258,.T.);
#3171=ORIENTED_EDGE('',*,*,#2255,.T.);
#3172=ORIENTED_EDGE('',*,*,#2252,.T.);
#3173=ORIENTED_EDGE('',*,*,#2249,.T.);
#3174=ORIENTED_EDGE('',*,*,#2246,.T.);
#3175=ORIENTED_EDGE('',*,*,#2243,.T.);
#3176=ORIENTED_EDGE('',*,*,#2240,.T.);
#3177=ORIENTED_EDGE('',*,*,#2237,.T.);
#3178=ORIENTED_EDGE('',*,*,#2234,.T.);
#3179=ORIENTED_EDGE('',*,*,#2231,.T.);
#3180=ORIENTED_EDGE('',*,*,#2228,.T.);
#3181=ORIENTED_EDGE('',*,*,#2225,.T.);
#3182=ORIENTED_EDGE('',*,*,#2222,.T.);
#3183=ORIENTED_EDGE('',*,*,#2219,.T.);
#3184=ORIENTED_EDGE('',*,*,#2216,.T.);
#3185=ORIENTED_EDGE('',*,*,#2215,.T.);
#3186=ORIENTED_EDGE('',*,*,#2212,.T.);
#3187=ORIENTED_EDGE('',*,*,#2209,.T.);
#3188=ORIENTED_EDGE('',*,*,#2206,.T.);
#3189=ORIENTED_EDGE('',*,*,#2203,.T.);
#3190=ORIENTED_EDGE('',*,*,#2200,.T.);
#3191=ORIENTED_EDGE('',*,*,#2197,.T.);
#3192=ORIENTED_EDGE('',*,*,#2194,.T.);
#3193=ORIENTED_EDGE('',*,*,#2191,.T.);
#3194=ORIENTED_EDGE('',*,*,#2188,.T.);
#3195=ORIENTED_EDGE('',*,*,#2185,.T.);
#3196=ORIENTED_EDGE('',*,*,#2182,.T.);
#3197=ORIENTED_EDGE('',*,*,#2179,.T.);
#3198=ORIENTED_EDGE('',*,*,#2176,.T.);
#3199=ORIENTED_EDGE('',*,*,#2173,.T.);
#3200=ORIENTED_EDGE('',*,*,#2170,.T.);
#3201=ORIENTED_EDGE('',*,*,#2167,.T.);
#3202=ORIENTED_EDGE('',*,*,#2164,.T.);
#3203=ORIENTED_EDGE('',*,*,#2161,.T.);
#3204=ORIENTED_EDGE('',*,*,#2277,.F.);
#3205=ORIENTED_EDGE('',*,*,#2278,.T.);
#3206=ORIENTED_EDGE('',*,*,#2279,.T.);
#3207=ORIENTED_EDGE('',*,*,#2280,.T.);
#3208=ORIENTED_EDGE('',*,*,#1934,.T.);
#3209=ORIENTED_EDGE('',*,*,#1928,.T.);
#3210=ORIENTED_EDGE('',*,*,#1929,.F.);
#3211=ORIENTED_EDGE('',*,*,#1922,.F.);
#3212=ORIENTED_EDGE('',*,*,#1933,.T.);
#3213=ORIENTED_EDGE('',*,*,#2281,.T.);
#3214=ORIENTED_EDGE('',*,*,#2282,.T.);
#3215=ORIENTED_EDGE('',*,*,#2283,.T.);
#3216=ORIENTED_EDGE('',*,*,#2284,.F.);
#3217=ORIENTED_EDGE('',*,*,#2285,.T.);
#3218=ORIENTED_EDGE('',*,*,#1937,.T.);
#3219=ORIENTED_EDGE('',*,*,#1941,.T.);
#3220=ORIENTED_EDGE('',*,*,#1944,.T.);
#3221=ORIENTED_EDGE('',*,*,#1947,.T.);
#3222=ORIENTED_EDGE('',*,*,#1950,.T.);
#3223=ORIENTED_EDGE('',*,*,#1953,.T.);
#3224=ORIENTED_EDGE('',*,*,#1956,.T.);
#3225=ORIENTED_EDGE('',*,*,#1959,.T.);
#3226=ORIENTED_EDGE('',*,*,#1962,.T.);
#3227=ORIENTED_EDGE('',*,*,#1965,.T.);
#3228=ORIENTED_EDGE('',*,*,#1968,.T.);
#3229=ORIENTED_EDGE('',*,*,#1971,.T.);
#3230=ORIENTED_EDGE('',*,*,#1974,.T.);
#3231=ORIENTED_EDGE('',*,*,#1977,.T.);
#3232=ORIENTED_EDGE('',*,*,#1980,.T.);
#3233=ORIENTED_EDGE('',*,*,#1983,.T.);
#3234=ORIENTED_EDGE('',*,*,#1986,.T.);
#3235=ORIENTED_EDGE('',*,*,#1989,.T.);
#3236=ORIENTED_EDGE('',*,*,#1992,.T.);
#3237=ORIENTED_EDGE('',*,*,#1995,.T.);
#3238=ORIENTED_EDGE('',*,*,#1998,.T.);
#3239=ORIENTED_EDGE('',*,*,#2001,.T.);
#3240=ORIENTED_EDGE('',*,*,#2004,.T.);
#3241=ORIENTED_EDGE('',*,*,#2007,.T.);
#3242=ORIENTED_EDGE('',*,*,#2010,.T.);
#3243=ORIENTED_EDGE('',*,*,#2013,.T.);
#3244=ORIENTED_EDGE('',*,*,#2016,.T.);
#3245=ORIENTED_EDGE('',*,*,#2019,.T.);
#3246=ORIENTED_EDGE('',*,*,#2022,.T.);
#3247=ORIENTED_EDGE('',*,*,#2025,.T.);
#3248=ORIENTED_EDGE('',*,*,#2028,.T.);
#3249=ORIENTED_EDGE('',*,*,#2031,.T.);
#3250=ORIENTED_EDGE('',*,*,#2034,.T.);
#3251=ORIENTED_EDGE('',*,*,#2037,.T.);
#3252=ORIENTED_EDGE('',*,*,#2040,.T.);
#3253=ORIENTED_EDGE('',*,*,#2043,.T.);
#3254=ORIENTED_EDGE('',*,*,#2046,.T.);
#3255=ORIENTED_EDGE('',*,*,#2049,.T.);
#3256=ORIENTED_EDGE('',*,*,#2052,.T.);
#3257=ORIENTED_EDGE('',*,*,#2055,.T.);
#3258=ORIENTED_EDGE('',*,*,#2058,.T.);
#3259=ORIENTED_EDGE('',*,*,#2061,.T.);
#3260=ORIENTED_EDGE('',*,*,#2064,.T.);
#3261=ORIENTED_EDGE('',*,*,#2067,.T.);
#3262=ORIENTED_EDGE('',*,*,#2070,.T.);
#3263=ORIENTED_EDGE('',*,*,#2073,.T.);
#3264=ORIENTED_EDGE('',*,*,#2075,.T.);
#3265=ORIENTED_EDGE('',*,*,#2079,.T.);
#3266=ORIENTED_EDGE('',*,*,#2082,.T.);
#3267=ORIENTED_EDGE('',*,*,#2085,.T.);
#3268=ORIENTED_EDGE('',*,*,#2088,.T.);
#3269=ORIENTED_EDGE('',*,*,#2091,.T.);
#3270=ORIENTED_EDGE('',*,*,#2094,.T.);
#3271=ORIENTED_EDGE('',*,*,#2097,.T.);
#3272=ORIENTED_EDGE('',*,*,#2100,.T.);
#3273=ORIENTED_EDGE('',*,*,#2103,.T.);
#3274=ORIENTED_EDGE('',*,*,#2106,.T.);
#3275=ORIENTED_EDGE('',*,*,#2109,.T.);
#3276=ORIENTED_EDGE('',*,*,#2112,.T.);
#3277=ORIENTED_EDGE('',*,*,#2115,.T.);
#3278=ORIENTED_EDGE('',*,*,#2118,.T.);
#3279=ORIENTED_EDGE('',*,*,#2121,.T.);
#3280=ORIENTED_EDGE('',*,*,#2124,.T.);
#3281=ORIENTED_EDGE('',*,*,#2127,.T.);
#3282=ORIENTED_EDGE('',*,*,#2130,.T.);
#3283=ORIENTED_EDGE('',*,*,#2133,.T.);
#3284=ORIENTED_EDGE('',*,*,#2136,.T.);
#3285=ORIENTED_EDGE('',*,*,#2139,.T.);
#3286=ORIENTED_EDGE('',*,*,#2142,.T.);
#3287=ORIENTED_EDGE('',*,*,#2145,.T.);
#3288=ORIENTED_EDGE('',*,*,#2148,.T.);
#3289=ORIENTED_EDGE('',*,*,#2151,.T.);
#3290=ORIENTED_EDGE('',*,*,#2154,.T.);
#3291=ORIENTED_EDGE('',*,*,#2157,.T.);
#3292=ORIENTED_EDGE('',*,*,#2195,.T.);
#3293=ORIENTED_EDGE('',*,*,#2199,.T.);
#3294=ORIENTED_EDGE('',*,*,#2202,.T.);
#3295=ORIENTED_EDGE('',*,*,#2205,.T.);
#3296=ORIENTED_EDGE('',*,*,#2208,.T.);
#3297=ORIENTED_EDGE('',*,*,#2211,.T.);
#3298=ORIENTED_EDGE('',*,*,#2214,.T.);
#3299=ORIENTED_EDGE('',*,*,#2218,.T.);
#3300=ORIENTED_EDGE('',*,*,#2221,.T.);
#3301=ORIENTED_EDGE('',*,*,#2224,.T.);
#3302=ORIENTED_EDGE('',*,*,#2227,.T.);
#3303=ORIENTED_EDGE('',*,*,#2230,.T.);
#3304=ORIENTED_EDGE('',*,*,#2233,.T.);
#3305=ORIENTED_EDGE('',*,*,#2236,.T.);
#3306=ORIENTED_EDGE('',*,*,#2239,.T.);
#3307=ORIENTED_EDGE('',*,*,#2242,.T.);
#3308=ORIENTED_EDGE('',*,*,#2245,.T.);
#3309=ORIENTED_EDGE('',*,*,#2248,.T.);
#3310=ORIENTED_EDGE('',*,*,#2251,.T.);
#3311=ORIENTED_EDGE('',*,*,#2254,.T.);
#3312=ORIENTED_EDGE('',*,*,#2257,.T.);
#3313=ORIENTED_EDGE('',*,*,#2260,.T.);
#3314=ORIENTED_EDGE('',*,*,#2263,.T.);
#3315=ORIENTED_EDGE('',*,*,#2266,.T.);
#3316=ORIENTED_EDGE('',*,*,#2269,.T.);
#3317=ORIENTED_EDGE('',*,*,#2272,.T.);
#3318=ORIENTED_EDGE('',*,*,#2275,.T.);
#3319=ORIENTED_EDGE('',*,*,#2277,.T.);
#3320=ORIENTED_EDGE('',*,*,#2286,.T.);
#3321=ORIENTED_EDGE('',*,*,#2287,.T.);
#3322=ORIENTED_EDGE('',*,*,#2288,.T.);
#3323=ORIENTED_EDGE('',*,*,#2286,.F.);
#3324=ORIENTED_EDGE('',*,*,#2285,.F.);
#3325=ORIENTED_EDGE('',*,*,#2289,.F.);
#3326=ORIENTED_EDGE('',*,*,#2290,.F.);
#3327=ORIENTED_EDGE('',*,*,#2159,.T.);
#3328=ORIENTED_EDGE('',*,*,#2163,.T.);
#3329=ORIENTED_EDGE('',*,*,#2166,.T.);
#3330=ORIENTED_EDGE('',*,*,#2169,.T.);
#3331=ORIENTED_EDGE('',*,*,#2172,.T.);
#3332=ORIENTED_EDGE('',*,*,#2175,.T.);
#3333=ORIENTED_EDGE('',*,*,#2178,.T.);
#3334=ORIENTED_EDGE('',*,*,#2181,.T.);
#3335=ORIENTED_EDGE('',*,*,#2184,.T.);
#3336=ORIENTED_EDGE('',*,*,#2187,.T.);
#3337=ORIENTED_EDGE('',*,*,#2190,.T.);
#3338=ORIENTED_EDGE('',*,*,#2193,.T.);
#3339=ORIENTED_EDGE('',*,*,#2284,.T.);
#3340=ORIENTED_EDGE('',*,*,#2291,.T.);
#3341=ORIENTED_EDGE('',*,*,#2292,.T.);
#3342=ORIENTED_EDGE('',*,*,#2289,.T.);
#3343=ORIENTED_EDGE('',*,*,#2291,.F.);
#3344=ORIENTED_EDGE('',*,*,#2283,.F.);
#3345=ORIENTED_EDGE('',*,*,#2293,.T.);
#3346=ORIENTED_EDGE('',*,*,#2294,.F.);
#3347=ORIENTED_EDGE('',*,*,#2295,.F.);
#3348=ORIENTED_EDGE('',*,*,#2296,.F.);
#3349=ORIENTED_EDGE('',*,*,#2281,.F.);
#3350=ORIENTED_EDGE('',*,*,#1932,.F.);
#3351=ORIENTED_EDGE('',*,*,#2280,.F.);
#3352=ORIENTED_EDGE('',*,*,#2297,.F.);
#3353=ORIENTED_EDGE('',*,*,#2298,.F.);
#3354=ORIENTED_EDGE('',*,*,#1935,.F.);
#3355=ORIENTED_EDGE('',*,*,#2293,.F.);
#3356=ORIENTED_EDGE('',*,*,#2282,.F.);
#3357=ORIENTED_EDGE('',*,*,#2296,.T.);
#3358=ORIENTED_EDGE('',*,*,#2299,.F.);
#3359=ORIENTED_EDGE('',*,*,#2279,.F.);
#3360=ORIENTED_EDGE('',*,*,#2300,.F.);
#3361=ORIENTED_EDGE('',*,*,#2301,.F.);
#3362=ORIENTED_EDGE('',*,*,#2297,.T.);
#3363=ORIENTED_EDGE('',*,*,#2288,.F.);
#3364=ORIENTED_EDGE('',*,*,#2302,.T.);
#3365=ORIENTED_EDGE('',*,*,#2300,.T.);
#3366=ORIENTED_EDGE('',*,*,#2278,.F.);
#3367=ORIENTED_EDGE('',*,*,#2287,.F.);
#3368=ORIENTED_EDGE('',*,*,#2290,.T.);
#3369=ORIENTED_EDGE('',*,*,#2292,.F.);
#3370=ORIENTED_EDGE('',*,*,#2294,.T.);
#3371=ORIENTED_EDGE('',*,*,#2299,.T.);
#3372=ORIENTED_EDGE('',*,*,#2295,.T.);
#3373=ORIENTED_EDGE('',*,*,#1931,.T.);
#3374=ORIENTED_EDGE('',*,*,#1924,.T.);
#3375=ORIENTED_EDGE('',*,*,#1930,.F.);
#3376=ORIENTED_EDGE('',*,*,#1926,.F.);
#3377=ORIENTED_EDGE('',*,*,#1936,.T.);
#3378=ORIENTED_EDGE('',*,*,#2298,.T.);
#3379=ORIENTED_EDGE('',*,*,#2301,.T.);
#3380=ORIENTED_EDGE('',*,*,#2302,.F.);
#3381=CYLINDRICAL_SURFACE('',#3608,1.6);
#3382=CYLINDRICAL_SURFACE('',#3611,1.);
#3383=CYLINDRICAL_SURFACE('',#3615,1.);
#3384=CYLINDRICAL_SURFACE('',#3623,0.572297546012271);
#3385=CYLINDRICAL_SURFACE('',#3626,0.1);
#3386=CYLINDRICAL_SURFACE('',#3628,0.1);
#3387=CYLINDRICAL_SURFACE('',#3631,0.1);
#3388=CYLINDRICAL_SURFACE('',#3633,0.1);
#3389=CYLINDRICAL_SURFACE('',#3648,0.25);
#3390=CYLINDRICAL_SURFACE('',#3650,0.25);
#3391=CYLINDRICAL_SURFACE('',#3652,0.1);
#3392=CYLINDRICAL_SURFACE('',#3662,0.1);
#3393=CYLINDRICAL_SURFACE('',#3665,2.08349303135889);
#3394=CYLINDRICAL_SURFACE('',#3690,4.24529388729309);
#3395=CYLINDRICAL_SURFACE('',#3691,0.0199999999999998);
#3396=CYLINDRICAL_SURFACE('',#3703,2.2);
#3397=CYLINDRICAL_SURFACE('',#3705,2.2);
#3398=CYLINDRICAL_SURFACE('',#3736,0.5);
#3399=CYLINDRICAL_SURFACE('',#3740,0.5);
#3400=CYLINDRICAL_SURFACE('',#3748,2.2);
#3401=CYLINDRICAL_SURFACE('',#3749,2.2);
#3402=ADVANCED_FACE('',(#404),#3381,.T.);
#3403=ADVANCED_FACE('',(#405),#3382,.F.);
#3404=ADVANCED_FACE('',(#406),#332,.F.);
#3405=ADVANCED_FACE('',(#407),#3383,.F.);
#3406=ADVANCED_FACE('',(#408),#333,.T.);
#3407=ADVANCED_FACE('',(#409),#334,.T.);
#3408=ADVANCED_FACE('',(#410),#335,.T.);
#3409=ADVANCED_FACE('',(#411),#336,.T.);
#3410=ADVANCED_FACE('',(#412),#3384,.F.);
#3411=ADVANCED_FACE('',(#413),#337,.T.);
#3412=ADVANCED_FACE('',(#414),#3385,.T.);
#3413=ADVANCED_FACE('',(#415),#3386,.T.);
#3414=ADVANCED_FACE('',(#416),#3387,.T.);
#3415=ADVANCED_FACE('',(#417),#3388,.T.);
#3416=ADVANCED_FACE('',(#418),#338,.T.);
#3417=ADVANCED_FACE('',(#419),#339,.T.);
#3418=ADVANCED_FACE('',(#420),#340,.T.);
#3419=ADVANCED_FACE('',(#421),#341,.T.);
#3420=ADVANCED_FACE('',(#422),#342,.T.);
#3421=ADVANCED_FACE('',(#423),#343,.T.);
#3422=ADVANCED_FACE('',(#424),#344,.T.);
#3423=ADVANCED_FACE('',(#425),#345,.T.);
#3424=ADVANCED_FACE('',(#426),#346,.T.);
#3425=ADVANCED_FACE('',(#427),#347,.T.);
#3426=ADVANCED_FACE('',(#428),#3389,.T.);
#3427=ADVANCED_FACE('',(#429),#3390,.T.);
#3428=ADVANCED_FACE('',(#430),#3391,.T.);
#3429=ADVANCED_FACE('',(#431),#118,.T.);
#3430=ADVANCED_FACE('',(#432),#119,.T.);
#3431=ADVANCED_FACE('',(#433),#348,.T.);
#3432=ADVANCED_FACE('',(#434),#349,.F.);
#3433=ADVANCED_FACE('',(#435),#3392,.T.);
#3434=ADVANCED_FACE('',(#436),#350,.T.);
#3435=ADVANCED_FACE('',(#437,#113),#3393,.F.);
#3436=ADVANCED_FACE('',(#438),#351,.T.);
#3437=ADVANCED_FACE('',(#439),#352,.T.);
#3438=ADVANCED_FACE('',(#440),#353,.T.);
#3439=ADVANCED_FACE('',(#441),#354,.T.);
#3440=ADVANCED_FACE('',(#442),#355,.T.);
#3441=ADVANCED_FACE('',(#443),#356,.T.);
#3442=ADVANCED_FACE('',(#444),#357,.T.);
#3443=ADVANCED_FACE('',(#445),#358,.F.);
#3444=ADVANCED_FACE('',(#446),#359,.F.);
#3445=ADVANCED_FACE('',(#447),#360,.T.);
#3446=ADVANCED_FACE('',(#448),#361,.T.);
#3447=ADVANCED_FACE('',(#449),#362,.T.);
#3448=ADVANCED_FACE('',(#450),#3394,.F.);
#3449=ADVANCED_FACE('',(#451),#3395,.T.);
#3450=ADVANCED_FACE('',(#452),#363,.T.);
#3451=ADVANCED_FACE('',(#453),#364,.T.);
#3452=ADVANCED_FACE('',(#454),#365,.T.);
#3453=ADVANCED_FACE('',(#455),#366,.T.);
#3454=ADVANCED_FACE('',(#456),#367,.T.);
#3455=ADVANCED_FACE('',(#457),#368,.T.);
#3456=ADVANCED_FACE('',(#458),#3396,.T.);
#3457=ADVANCED_FACE('',(#459),#3397,.T.);
#3458=ADVANCED_FACE('',(#460),#369,.F.);
#3459=ADVANCED_FACE('',(#461),#370,.T.);
#3460=ADVANCED_FACE('',(#462),#371,.T.);
#3461=ADVANCED_FACE('',(#463),#372,.T.);
#3462=ADVANCED_FACE('',(#464),#373,.T.);
#3463=ADVANCED_FACE('',(#465),#374,.T.);
#3464=ADVANCED_FACE('',(#466),#375,.T.);
#3465=ADVANCED_FACE('',(#467),#376,.T.);
#3466=ADVANCED_FACE('',(#468),#377,.T.);
#3467=ADVANCED_FACE('',(#469),#13,.T.);
#3468=ADVANCED_FACE('',(#470),#14,.T.);
#3469=ADVANCED_FACE('',(#471),#15,.T.);
#3470=ADVANCED_FACE('',(#472),#16,.T.);
#3471=ADVANCED_FACE('',(#473),#17,.T.);
#3472=ADVANCED_FACE('',(#474),#18,.T.);
#3473=ADVANCED_FACE('',(#475),#19,.T.);
#3474=ADVANCED_FACE('',(#476),#20,.T.);
#3475=ADVANCED_FACE('',(#477),#378,.T.);
#3476=ADVANCED_FACE('',(#478),#21,.T.);
#3477=ADVANCED_FACE('',(#479),#22,.T.);
#3478=ADVANCED_FACE('',(#480),#23,.T.);
#3479=ADVANCED_FACE('',(#481),#24,.T.);
#3480=ADVANCED_FACE('',(#482),#25,.T.);
#3481=ADVANCED_FACE('',(#483),#26,.T.);
#3482=ADVANCED_FACE('',(#484),#27,.T.);
#3483=ADVANCED_FACE('',(#485),#28,.T.);
#3484=ADVANCED_FACE('',(#486),#29,.T.);
#3485=ADVANCED_FACE('',(#487),#30,.T.);
#3486=ADVANCED_FACE('',(#488),#379,.T.);
#3487=ADVANCED_FACE('',(#489),#380,.T.);
#3488=ADVANCED_FACE('',(#490),#31,.T.);
#3489=ADVANCED_FACE('',(#491),#32,.T.);
#3490=ADVANCED_FACE('',(#492),#33,.T.);
#3491=ADVANCED_FACE('',(#493),#34,.T.);
#3492=ADVANCED_FACE('',(#494),#35,.T.);
#3493=ADVANCED_FACE('',(#495),#36,.T.);
#3494=ADVANCED_FACE('',(#496),#37,.T.);
#3495=ADVANCED_FACE('',(#497),#38,.T.);
#3496=ADVANCED_FACE('',(#498),#39,.T.);
#3497=ADVANCED_FACE('',(#499),#40,.T.);
#3498=ADVANCED_FACE('',(#500),#381,.T.);
#3499=ADVANCED_FACE('',(#501),#382,.T.);
#3500=ADVANCED_FACE('',(#502),#383,.T.);
#3501=ADVANCED_FACE('',(#503),#41,.T.);
#3502=ADVANCED_FACE('',(#504),#42,.T.);
#3503=ADVANCED_FACE('',(#505),#43,.T.);
#3504=ADVANCED_FACE('',(#506),#44,.T.);
#3505=ADVANCED_FACE('',(#507),#45,.T.);
#3506=ADVANCED_FACE('',(#508),#46,.T.);
#3507=ADVANCED_FACE('',(#509),#47,.T.);
#3508=ADVANCED_FACE('',(#510),#48,.T.);
#3509=ADVANCED_FACE('',(#511),#49,.T.);
#3510=ADVANCED_FACE('',(#512),#50,.T.);
#3511=ADVANCED_FACE('',(#513),#384,.T.);
#3512=ADVANCED_FACE('',(#514),#385,.T.);
#3513=ADVANCED_FACE('',(#515),#386,.T.);
#3514=ADVANCED_FACE('',(#516),#51,.T.);
#3515=ADVANCED_FACE('',(#517),#52,.T.);
#3516=ADVANCED_FACE('',(#518),#53,.T.);
#3517=ADVANCED_FACE('',(#519),#54,.T.);
#3518=ADVANCED_FACE('',(#520),#55,.T.);
#3519=ADVANCED_FACE('',(#521),#56,.T.);
#3520=ADVANCED_FACE('',(#522),#57,.T.);
#3521=ADVANCED_FACE('',(#523),#58,.T.);
#3522=ADVANCED_FACE('',(#524),#59,.T.);
#3523=ADVANCED_FACE('',(#525),#60,.T.);
#3524=ADVANCED_FACE('',(#526),#61,.T.);
#3525=ADVANCED_FACE('',(#527),#62,.T.);
#3526=ADVANCED_FACE('',(#528),#387,.T.);
#3527=ADVANCED_FACE('',(#529),#388,.T.);
#3528=ADVANCED_FACE('',(#530),#63,.T.);
#3529=ADVANCED_FACE('',(#531),#64,.T.);
#3530=ADVANCED_FACE('',(#532),#65,.T.);
#3531=ADVANCED_FACE('',(#533),#66,.T.);
#3532=ADVANCED_FACE('',(#534),#67,.T.);
#3533=ADVANCED_FACE('',(#535),#68,.T.);
#3534=ADVANCED_FACE('',(#536),#69,.T.);
#3535=ADVANCED_FACE('',(#537),#70,.T.);
#3536=ADVANCED_FACE('',(#538),#71,.T.);
#3537=ADVANCED_FACE('',(#539),#72,.T.);
#3538=ADVANCED_FACE('',(#540),#389,.T.);
#3539=ADVANCED_FACE('',(#541),#390,.T.);
#3540=ADVANCED_FACE('',(#542),#391,.T.);
#3541=ADVANCED_FACE('',(#543),#73,.T.);
#3542=ADVANCED_FACE('',(#544),#74,.T.);
#3543=ADVANCED_FACE('',(#545),#75,.T.);
#3544=ADVANCED_FACE('',(#546),#76,.T.);
#3545=ADVANCED_FACE('',(#547),#77,.T.);
#3546=ADVANCED_FACE('',(#548),#78,.T.);
#3547=ADVANCED_FACE('',(#549),#79,.T.);
#3548=ADVANCED_FACE('',(#550),#80,.T.);
#3549=ADVANCED_FACE('',(#551),#81,.T.);
#3550=ADVANCED_FACE('',(#552),#82,.T.);
#3551=ADVANCED_FACE('',(#553),#83,.T.);
#3552=ADVANCED_FACE('',(#554),#84,.T.);
#3553=ADVANCED_FACE('',(#555),#392,.T.);
#3554=ADVANCED_FACE('',(#556),#393,.T.);
#3555=ADVANCED_FACE('',(#557),#85,.T.);
#3556=ADVANCED_FACE('',(#558),#86,.T.);
#3557=ADVANCED_FACE('',(#559),#87,.T.);
#3558=ADVANCED_FACE('',(#560),#88,.T.);
#3559=ADVANCED_FACE('',(#561),#394,.T.);
#3560=ADVANCED_FACE('',(#562),#89,.T.);
#3561=ADVANCED_FACE('',(#563),#90,.T.);
#3562=ADVANCED_FACE('',(#564),#91,.T.);
#3563=ADVANCED_FACE('',(#565),#92,.T.);
#3564=ADVANCED_FACE('',(#566),#93,.T.);
#3565=ADVANCED_FACE('',(#567),#94,.T.);
#3566=ADVANCED_FACE('',(#568),#95,.T.);
#3567=ADVANCED_FACE('',(#569),#96,.T.);
#3568=ADVANCED_FACE('',(#570),#97,.T.);
#3569=ADVANCED_FACE('',(#571),#98,.T.);
#3570=ADVANCED_FACE('',(#572),#99,.T.);
#3571=ADVANCED_FACE('',(#573),#100,.T.);
#3572=ADVANCED_FACE('',(#574),#101,.T.);
#3573=ADVANCED_FACE('',(#575),#102,.T.);
#3574=ADVANCED_FACE('',(#576),#103,.T.);
#3575=ADVANCED_FACE('',(#577),#104,.T.);
#3576=ADVANCED_FACE('',(#578),#105,.T.);
#3577=ADVANCED_FACE('',(#579),#106,.T.);
#3578=ADVANCED_FACE('',(#580),#107,.T.);
#3579=ADVANCED_FACE('',(#581),#108,.T.);
#3580=ADVANCED_FACE('',(#582,#114),#395,.T.);
#3581=ADVANCED_FACE('',(#583,#115,#116,#117),#396,.T.);
#3582=ADVANCED_FACE('',(#584),#3398,.T.);
#3583=ADVANCED_FACE('',(#585),#397,.T.);
#3584=ADVANCED_FACE('',(#586),#398,.T.);
#3585=ADVANCED_FACE('',(#587),#3399,.T.);
#3586=ADVANCED_FACE('',(#588),#399,.T.);
#3587=ADVANCED_FACE('',(#589),#400,.F.);
#3588=ADVANCED_FACE('',(#590),#401,.F.);
#3589=ADVANCED_FACE('',(#591),#3400,.F.);
#3590=ADVANCED_FACE('',(#592),#3401,.F.);
#3591=ADVANCED_FACE('',(#593),#402,.T.);
#3592=ADVANCED_FACE('',(#594),#403,.F.);
#3593=CLOSED_SHELL('',(#3402,#3403,#3404,#3405,#3406,#3407,#3408,#3409,
#3410,#3411,#3412,#3413,#3414,#3415,#3416,#3417,#3418,#3419,#3420,#3421,
#3422,#3423,#3424,#3425,#3426,#3427,#3428,#3429,#3430,#3431,#3432,#3433,
#3434,#3435,#3436,#3437,#3438,#3439,#3440,#3441,#3442,#3443,#3444,#3445,
#3446,#3447,#3448,#3449,#3450,#3451,#3452,#3453,#3454,#3455,#3456,#3457,
#3458,#3459));
#3594=CLOSED_SHELL('',(#3460,#3461,#3462,#3463,#3464,#3465,#3466,#3467,
#3468,#3469,#3470,#3471,#3472,#3473,#3474,#3475,#3476,#3477,#3478,#3479,
#3480,#3481,#3482,#3483,#3484,#3485,#3486,#3487,#3488,#3489,#3490,#3491,
#3492,#3493,#3494,#3495,#3496,#3497,#3498,#3499,#3500,#3501,#3502,#3503,
#3504,#3505,#3506,#3507,#3508,#3509,#3510,#3511,#3512,#3513,#3514,#3515,
#3516,#3517,#3518,#3519,#3520,#3521,#3522,#3523,#3524,#3525,#3526,#3527,
#3528,#3529,#3530,#3531,#3532,#3533,#3534,#3535,#3536,#3537,#3538,#3539,
#3540,#3541,#3542,#3543,#3544,#3545,#3546,#3547,#3548,#3549,#3550,#3551,
#3552,#3553,#3554,#3555,#3556,#3557,#3558,#3559,#3560,#3561,#3562,#3563,
#3564,#3565,#3566,#3567,#3568,#3569,#3570,#3571,#3572,#3573,#3574,#3575,
#3576,#3577,#3578,#3579,#3580,#3581,#3582,#3583,#3584,#3585,#3586,#3587,
#3588,#3589,#3590,#3591,#3592));
#3595=DERIVED_UNIT_ELEMENT(#3597,1.);
#3596=DERIVED_UNIT_ELEMENT(#7107,-3.);
#3597=(
MASS_UNIT()
NAMED_UNIT(*)
SI_UNIT(.KILO.,.GRAM.)
);
#3598=DERIVED_UNIT((#3595,#3596));
#3599=MEASURE_REPRESENTATION_ITEM('density measure',
POSITIVE_RATIO_MEASURE(7850.),#3598);
#3600=PROPERTY_DEFINITION_REPRESENTATION(#3605,#3602);
#3601=PROPERTY_DEFINITION_REPRESENTATION(#3606,#3603);
#3602=REPRESENTATION('material name',(#3604),#7104);
#3603=REPRESENTATION('density',(#3599),#7104);
#3604=DESCRIPTIVE_REPRESENTATION_ITEM('Steel','Steel');
#3605=PROPERTY_DEFINITION('material property','material name',#7114);
#3606=PROPERTY_DEFINITION('material property','density of part',#7114);
#3607=AXIS2_PLACEMENT_3D('placement',#4336,#3753,#3754);
#3608=AXIS2_PLACEMENT_3D('',#4337,#3755,#3756);
#3609=AXIS2_PLACEMENT_3D('',#4340,#3757,#3758);
#3610=AXIS2_PLACEMENT_3D('',#4344,#3760,#3761);
#3611=AXIS2_PLACEMENT_3D('',#4346,#3763,#3764);
#3612=AXIS2_PLACEMENT_3D('',#4349,#3765,#3766);
#3613=AXIS2_PLACEMENT_3D('',#4353,#3768,#3769);
#3614=AXIS2_PLACEMENT_3D('',#4355,#3771,#3772);
#3615=AXIS2_PLACEMENT_3D('',#4366,#3779,#3780);
#3616=AXIS2_PLACEMENT_3D('',#4368,#3781,#3782);
#3617=AXIS2_PLACEMENT_3D('',#4370,#3783,#3784);
#3618=AXIS2_PLACEMENT_3D('',#4372,#3786,#3787);
#3619=AXIS2_PLACEMENT_3D('',#4378,#3791,#3792);
#3620=AXIS2_PLACEMENT_3D('',#4384,#3796,#3797);
#3621=AXIS2_PLACEMENT_3D('',#4388,#3800,#3801);
#3622=AXIS2_PLACEMENT_3D('',#4394,#3804,#3805);
#3623=AXIS2_PLACEMENT_3D('',#4396,#3807,#3808);
#3624=AXIS2_PLACEMENT_3D('',#4427,#3811,#3812);
#3625=AXIS2_PLACEMENT_3D('',#4428,#3813,#3814);
#3626=AXIS2_PLACEMENT_3D('',#4438,#3820,#3821);
#3627=AXIS2_PLACEMENT_3D('',#4441,#3823,#3824);
#3628=AXIS2_PLACEMENT_3D('',#4442,#3825,#3826);
#3629=AXIS2_PLACEMENT_3D('',#4445,#3827,#3828);
#3630=AXIS2_PLACEMENT_3D('',#4448,#3830,#3831);
#3631=AXIS2_PLACEMENT_3D('',#4450,#3833,#3834);
#3632=AXIS2_PLACEMENT_3D('',#4454,#3836,#3837);
#3633=AXIS2_PLACEMENT_3D('',#4456,#3839,#3840);
#3634=AXIS2_PLACEMENT_3D('',#4458,#3842,#3843);
#3635=AXIS2_PLACEMENT_3D('',#4462,#3846,#3847);
#3636=AXIS2_PLACEMENT_3D('',#4466,#3850,#3851);
#3637=AXIS2_PLACEMENT_3D('',#4471,#3854,#3855);
#3638=AXIS2_PLACEMENT_3D('',#4472,#3856,#3857);
#3639=AXIS2_PLACEMENT_3D('',#4478,#3861,#3862);
#3640=AXIS2_PLACEMENT_3D('',#4482,#3865,#3866);
#3641=AXIS2_PLACEMENT_3D('',#4484,#3867,#3868);
#3642=AXIS2_PLACEMENT_3D('',#4488,#3871,#3872);
#3643=AXIS2_PLACEMENT_3D('',#4494,#3876,#3877);
#3644=AXIS2_PLACEMENT_3D('',#4503,#3882,#3883);
#3645=AXIS2_PLACEMENT_3D('',#4505,#3884,#3885);
#3646=AXIS2_PLACEMENT_3D('',#4509,#3888,#3889);
#3647=AXIS2_PLACEMENT_3D('',#4517,#3893,#3894);
#3648=AXIS2_PLACEMENT_3D('',#4519,#3896,#3897);
#3649=AXIS2_PLACEMENT_3D('',#4520,#3898,#3899);
#3650=AXIS2_PLACEMENT_3D('',#4521,#3900,#3901);
#3651=AXIS2_PLACEMENT_3D('',#4526,#3904,#3905);
#3652=AXIS2_PLACEMENT_3D('',#4527,#3906,#3907);
#3653=AXIS2_PLACEMENT_3D('',#4540,#3908,#3909);
#3654=AXIS2_PLACEMENT_3D('',#4542,#3911,#3912);
#3655=AXIS2_PLACEMENT_3D('',#4543,#3913,#3914);
#3656=AXIS2_PLACEMENT_3D('',#4544,#3915,#3916);
#3657=AXIS2_PLACEMENT_3D('',#4546,#3917,#3918);
#3658=AXIS2_PLACEMENT_3D('',#4547,#3919,#3920);
#3659=AXIS2_PLACEMENT_3D('',#4548,#3921,#3922);
#3660=AXIS2_PLACEMENT_3D('',#4550,#3923,#3924);
#3661=AXIS2_PLACEMENT_3D('',#4554,#3927,#3928);
#3662=AXIS2_PLACEMENT_3D('',#4560,#3932,#3933);
#3663=AXIS2_PLACEMENT_3D('',#4573,#3935,#3936);
#3664=AXIS2_PLACEMENT_3D('',#4578,#3938,#3939);
#3665=AXIS2_PLACEMENT_3D('',#4580,#3941,#3942);
#3666=AXIS2_PLACEMENT_3D('',#4585,#3944,#3945);
#3667=AXIS2_PLACEMENT_3D('',#4588,#3947,#3948);
#3668=AXIS2_PLACEMENT_3D('',#4591,#3950,#3951);
#3669=AXIS2_PLACEMENT_3D('',#4592,#3952,#3953);
#3670=AXIS2_PLACEMENT_3D('',#4593,#3954,#3955);
#3671=AXIS2_PLACEMENT_3D('',#4596,#3957,#3958);
#3672=AXIS2_PLACEMENT_3D('',#4601,#3960,#3961);
#3673=AXIS2_PLACEMENT_3D('',#4604,#3963,#3964);
#3674=AXIS2_PLACEMENT_3D('',#4605,#3965,#3966);
#3675=AXIS2_PLACEMENT_3D('',#4611,#3970,#3971);
#3676=AXIS2_PLACEMENT_3D('',#4613,#3973,#3974);
#3677=AXIS2_PLACEMENT_3D('',#4615,#3976,#3977);
#3678=AXIS2_PLACEMENT_3D('',#4617,#3979,#3980);
#3679=AXIS2_PLACEMENT_3D('',#4619,#3982,#3983);
#3680=AXIS2_PLACEMENT_3D('',#4628,#3988,#3989);
#3681=AXIS2_PLACEMENT_3D('',#4630,#3990,#3991);
#3682=AXIS2_PLACEMENT_3D('',#4636,#3995,#3996);
#3683=AXIS2_PLACEMENT_3D('',#4637,#3997,#3998);
#3684=AXIS2_PLACEMENT_3D('',#4638,#3999,#4000);
#3685=AXIS2_PLACEMENT_3D('',#4649,#4008,#4009);
#3686=AXIS2_PLACEMENT_3D('',#4651,#4010,#4011);
#3687=AXIS2_PLACEMENT_3D('',#4655,#4014,#4015);
#3688=AXIS2_PLACEMENT_3D('',#4656,#4016,#4017);
#3689=AXIS2_PLACEMENT_3D('',#4657,#4018,#4019);
#3690=AXIS2_PLACEMENT_3D('',#4658,#4020,#4021);
#3691=AXIS2_PLACEMENT_3D('',#4660,#4023,#4024);
#3692=AXIS2_PLACEMENT_3D('',#4661,#4025,#4026);
#3693=AXIS2_PLACEMENT_3D('',#4663,#4027,#4028);
#3694=AXIS2_PLACEMENT_3D('',#4666,#4031,#4032);
#3695=AXIS2_PLACEMENT_3D('',#4669,#4034,#4035);
#3696=AXIS2_PLACEMENT_3D('',#4670,#4036,#4037);
#3697=AXIS2_PLACEMENT_3D('',#4679,#4043,#4044);
#3698=AXIS2_PLACEMENT_3D('',#4680,#4045,#4046);
#3699=AXIS2_PLACEMENT_3D('',#4681,#4047,#4048);
#3700=AXIS2_PLACEMENT_3D('',#4682,#4049,#4050);
#3701=AXIS2_PLACEMENT_3D('',#4683,#4051,#4052);
#3702=AXIS2_PLACEMENT_3D('',#4685,#4053,#4054);
#3703=AXIS2_PLACEMENT_3D('',#4687,#4056,#4057);
#3704=AXIS2_PLACEMENT_3D('',#4688,#4058,#4059);
#3705=AXIS2_PLACEMENT_3D('',#4689,#4060,#4061);
#3706=AXIS2_PLACEMENT_3D('',#4690,#4062,#4063);
#3707=AXIS2_PLACEMENT_3D('',#4691,#4064,#4065);
#3708=AXIS2_PLACEMENT_3D('',#4692,#4066,#4067);
#3709=AXIS2_PLACEMENT_3D('',#4701,#4072,#4073);
#3710=AXIS2_PLACEMENT_3D('',#4710,#4078,#4079);
#3711=AXIS2_PLACEMENT_3D('',#4713,#4082,#4083);
#3712=AXIS2_PLACEMENT_3D('',#4719,#4087,#4088);
#3713=AXIS2_PLACEMENT_3D('',#4725,#4092,#4093);
#3714=AXIS2_PLACEMENT_3D('',#4734,#4098,#4099);
#3715=AXIS2_PLACEMENT_3D('',#4924,#4111,#4112);
#3716=AXIS2_PLACEMENT_3D('',#5160,#4126,#4127);
#3717=AXIS2_PLACEMENT_3D('',#5166,#4131,#4132);
#3718=AXIS2_PLACEMENT_3D('',#5402,#4146,#4147);
#3719=AXIS2_PLACEMENT_3D('',#5408,#4151,#4152);
#3720=AXIS2_PLACEMENT_3D('',#5414,#4156,#4157);
#3721=AXIS2_PLACEMENT_3D('',#5647,#4170,#4171);
#3722=AXIS2_PLACEMENT_3D('',#5648,#4172,#4173);
#3723=AXIS2_PLACEMENT_3D('',#5657,#4178,#4179);
#3724=AXIS2_PLACEMENT_3D('',#5939,#4195,#4196);
#3725=AXIS2_PLACEMENT_3D('',#5945,#4200,#4201);
#3726=AXIS2_PLACEMENT_3D('',#6181,#4215,#4216);
#3727=AXIS2_PLACEMENT_3D('',#6187,#4220,#4221);
#3728=AXIS2_PLACEMENT_3D('',#6190,#4224,#4225);
#3729=AXIS2_PLACEMENT_3D('',#6467,#4238,#4239);
#3730=AXIS2_PLACEMENT_3D('',#6476,#4244,#4245);
#3731=AXIS2_PLACEMENT_3D('',#6574,#4253,#4254);
#3732=AXIS2_PLACEMENT_3D('',#7047,#4276,#4277);
#3733=AXIS2_PLACEMENT_3D('',#7048,#4278,#4279);
#3734=AXIS2_PLACEMENT_3D('',#7051,#4280,#4281);
#3735=AXIS2_PLACEMENT_3D('',#7064,#4288,#4289);
#3736=AXIS2_PLACEMENT_3D('',#7066,#4291,#4292);
#3737=AXIS2_PLACEMENT_3D('',#7070,#4294,#4295);
#3738=AXIS2_PLACEMENT_3D('',#7072,#4297,#4298);
#3739=AXIS2_PLACEMENT_3D('',#7076,#4301,#4302);
#3740=AXIS2_PLACEMENT_3D('',#7077,#4303,#4304);
#3741=AXIS2_PLACEMENT_3D('',#7080,#4306,#4307);
#3742=AXIS2_PLACEMENT_3D('',#7081,#4308,#4309);
#3743=AXIS2_PLACEMENT_3D('',#7083,#4310,#4311);
#3744=AXIS2_PLACEMENT_3D('',#7085,#4313,#4314);
#3745=AXIS2_PLACEMENT_3D('',#7088,#4316,#4317);
#3746=AXIS2_PLACEMENT_3D('',#7089,#4318,#4319);
#3747=AXIS2_PLACEMENT_3D('',#7091,#4320,#4321);
#3748=AXIS2_PLACEMENT_3D('',#7093,#4323,#4324);
#3749=AXIS2_PLACEMENT_3D('',#7095,#4326,#4327);
#3750=AXIS2_PLACEMENT_3D('',#7097,#4328,#4329);
#3751=AXIS2_PLACEMENT_3D('',#7099,#4331,#4332);
#3752=AXIS2_PLACEMENT_3D('',#7101,#4334,#4335);
#3753=DIRECTION('axis',(0.,0.,1.));
#3754=DIRECTION('refdir',(1.,0.,0.));
#3755=DIRECTION('center_axis',(0.,0.,-1.));
#3756=DIRECTION('ref_axis',(-0.808105870901595,0.589037266575192,0.));
#3757=DIRECTION('center_axis',(0.,0.,1.));
#3758=DIRECTION('ref_axis',(-0.808105870901595,0.589037266575192,0.));
#3759=DIRECTION('',(0.,0.,-1.));
#3760=DIRECTION('center_axis',(0.,0.,-1.));
#3761=DIRECTION('ref_axis',(-0.808105870901595,0.589037266575192,0.));
#3762=DIRECTION('',(0.,0.,1.));
#3763=DIRECTION('center_axis',(0.,0.,-1.));
#3764=DIRECTION('ref_axis',(-0.707106781186548,-0.707106781186548,0.));
#3765=DIRECTION('center_axis',(0.,0.,-1.));
#3766=DIRECTION('ref_axis',(-0.707106781186548,-0.707106781186548,0.));
#3767=DIRECTION('',(0.,0.,1.));
#3768=DIRECTION('center_axis',(0.,0.,1.));
#3769=DIRECTION('ref_axis',(-0.707106781186548,-0.707106781186548,0.));
#3770=DIRECTION('',(0.,0.,-1.));
#3771=DIRECTION('center_axis',(0.,-1.,0.));
#3772=DIRECTION('ref_axis',(0.,0.,-1.));
#3773=DIRECTION('',(1.,0.,0.));
#3774=DIRECTION('',(0.,0.,-1.));
#3775=DIRECTION('',(-1.,0.,0.));
#3776=DIRECTION('',(0.,0.,1.));
#3777=DIRECTION('',(1.,0.,0.));
#3778=DIRECTION('',(-1.,0.,0.));
#3779=DIRECTION('center_axis',(0.,0.,-1.));
#3780=DIRECTION('ref_axis',(-0.707106781186548,-0.707106781186548,0.));
#3781=DIRECTION('center_axis',(0.,0.,1.));
#3782=DIRECTION('ref_axis',(-0.707106781186548,-0.707106781186548,0.));
#3783=DIRECTION('center_axis',(0.,0.,-1.));
#3784=DIRECTION('ref_axis',(-0.707106781186548,-0.707106781186548,0.));
#3785=DIRECTION('',(0.,0.,1.));
#3786=DIRECTION('center_axis',(1.,0.,0.));
#3787=DIRECTION('ref_axis',(0.,0.,-1.));
#3788=DIRECTION('',(0.,1.,0.));
#3789=DIRECTION('',(0.,0.,1.));
#3790=DIRECTION('',(0.,1.,0.));
#3791=DIRECTION('center_axis',(0.,0.,-1.));
#3792=DIRECTION('ref_axis',(-1.,0.,0.));
#3793=DIRECTION('',(0.,1.,0.));
#3794=DIRECTION('',(-1.,0.,0.));
#3795=DIRECTION('',(0.,1.,0.));
#3796=DIRECTION('center_axis',(1.,0.,0.));
#3797=DIRECTION('ref_axis',(0.,0.,-1.));
#3798=DIRECTION('',(0.,1.,0.));
#3799=DIRECTION('',(0.,0.,1.));
#3800=DIRECTION('center_axis',(0.,0.,1.));
#3801=DIRECTION('ref_axis',(1.,0.,0.));
#3802=DIRECTION('',(0.,1.,0.));
#3803=DIRECTION('',(1.,0.,0.));
#3804=DIRECTION('center_axis',(0.,0.,-1.));
#3805=DIRECTION('ref_axis',(0.698937122458715,0.715183122598074,0.));
#3806=DIRECTION('',(1.,0.,0.));
#3807=DIRECTION('center_axis',(0.,0.,-1.));
#3808=DIRECTION('ref_axis',(0.698937122458715,0.715183122598074,0.));
#3809=DIRECTION('',(0.,0.,-1.));
#3810=DIRECTION('',(0.,0.,1.));
#3811=DIRECTION('center_axis',(0.,0.,1.));
#3812=DIRECTION('ref_axis',(0.698937122458715,0.715183122598074,0.));
#3813=DIRECTION('center_axis',(0.,0.,-1.));
#3814=DIRECTION('ref_axis',(-1.,0.,0.));
#3815=DIRECTION('',(-0.997107888004626,0.0759990768296209,0.));
#3816=DIRECTION('',(0.,1.,0.));
#3817=DIRECTION('',(1.,0.,0.));
#3818=DIRECTION('',(1.,0.,0.));
#3819=DIRECTION('',(0.,-1.,0.));
#3820=DIRECTION('center_axis',(-1.,0.,0.));
#3821=DIRECTION('ref_axis',(0.,-0.707106781186555,-0.70710678118654));
#3822=DIRECTION('',(-1.,0.,0.));
#3823=DIRECTION('center_axis',(1.,0.,0.));
#3824=DIRECTION('ref_axis',(0.,-1.,0.));
#3825=DIRECTION('center_axis',(0.,0.,1.));
#3826=DIRECTION('ref_axis',(-0.707106781186553,-0.707106781186543,0.));
#3827=DIRECTION('center_axis',(-0.707106781186549,0.,-0.707106781186546));
#3828=DIRECTION('ref_axis',(-0.707106781186546,-4.90653893338679E-17,0.707106781186549));
#3829=DIRECTION('',(0.,0.,1.));
#3830=DIRECTION('center_axis',(-0.707106781186548,0.,0.707106781186548));
#3831=DIRECTION('ref_axis',(-0.707106781186547,-4.9065389333868E-17,-0.707106781186547));
#3832=DIRECTION('',(0.,0.,-1.));
#3833=DIRECTION('center_axis',(1.,0.,0.));
#3834=DIRECTION('ref_axis',(0.,-0.707106781186547,0.707106781186548));
#3835=DIRECTION('',(-1.,0.,0.));
#3836=DIRECTION('center_axis',(-1.,0.,0.));
#3837=DIRECTION('ref_axis',(0.,-1.,0.));
#3838=DIRECTION('',(1.,0.,0.));
#3839=DIRECTION('center_axis',(-1.,0.,0.));
#3840=DIRECTION('ref_axis',(0.,-0.707106781186555,-0.70710678118654));
#3841=DIRECTION('',(-1.,0.,0.));
#3842=DIRECTION('center_axis',(-1.,0.,0.));
#3843=DIRECTION('ref_axis',(0.,0.,1.));
#3844=DIRECTION('',(0.,0.,1.));
#3845=DIRECTION('',(0.,1.,0.));
#3846=DIRECTION('center_axis',(0.,0.,1.));
#3847=DIRECTION('ref_axis',(1.,0.,0.));
#3848=DIRECTION('',(0.997107888004626,-0.0759990768296209,0.));
#3849=DIRECTION('',(0.,1.,0.));
#3850=DIRECTION('center_axis',(-0.0871557427476582,-0.996194698091746,-2.75690471990276E-16));
#3851=DIRECTION('ref_axis',(0.,-2.76743564805528E-16,1.));
#3852=DIRECTION('',(0.996194698091746,-0.0871557427476582,0.));
#3853=DIRECTION('',(0.95764663154354,-0.0837832239238473,0.275487387156361));
#3854=DIRECTION('center_axis',(-0.0871557427476582,-0.996194698091746,-2.75690471990276E-16));
#3855=DIRECTION('ref_axis',(-0.996194698091746,0.0871557427476582,-1.88019709441264E-15));
#3856=DIRECTION('center_axis',(1.,0.,0.));
#3857=DIRECTION('ref_axis',(0.,0.,-1.));
#3858=DIRECTION('',(0.,1.,0.));
#3859=DIRECTION('',(0.,0.,1.));
#3860=DIRECTION('',(0.,-1.,0.));
#3861=DIRECTION('center_axis',(0.,0.,-1.));
#3862=DIRECTION('ref_axis',(-1.,0.,0.));
#3863=DIRECTION('',(-0.997107888004626,0.0759990768296209,0.));
#3864=DIRECTION('',(0.,1.,0.));
#3865=DIRECTION('center_axis',(-0.0871557427476582,-0.996194698091746,0.));
#3866=DIRECTION('ref_axis',(0.,0.,1.));
#3867=DIRECTION('center_axis',(-0.0871557427476582,-0.996194698091746,0.));
#3868=DIRECTION('ref_axis',(-0.996194698091746,0.0871557427476582,-9.12448589935544E-16));
#3869=DIRECTION('',(-0.95764663154354,0.0837832239238472,0.275487387156361));
#3870=DIRECTION('',(-0.996194698091746,0.0871557427476582,0.));
#3871=DIRECTION('center_axis',(0.276459417200341,0.,0.961025593124995));
#3872=DIRECTION('ref_axis',(0.961025593124995,0.,-0.276459417200341));
#3873=DIRECTION('',(0.,1.,0.));
#3874=DIRECTION('',(0.958457777396549,-0.0730531842527858,-0.275720730483939));
#3875=DIRECTION('',(0.,1.,0.));
#3876=DIRECTION('center_axis',(-1.,0.,0.));
#3877=DIRECTION('ref_axis',(0.,0.,1.));
#3878=DIRECTION('',(0.,0.,-1.));
#3879=DIRECTION('',(0.,1.,0.));
#3880=DIRECTION('',(-2.77555756156289E-17,0.,1.));
#3881=DIRECTION('',(0.,1.,0.));
#3882=DIRECTION('center_axis',(0.,0.,1.));
#3883=DIRECTION('ref_axis',(1.,0.,0.));
#3884=DIRECTION('center_axis',(0.,0.,-1.));
#3885=DIRECTION('ref_axis',(0.950327152622447,0.311252795952923,0.));
#3886=DIRECTION('',(0.,1.,0.));
#3887=DIRECTION('',(1.,0.,0.));
#3888=DIRECTION('center_axis',(-0.276459417200341,0.,-0.961025593124995));
#3889=DIRECTION('ref_axis',(-0.961025593124995,0.,0.276459417200341));
#3890=DIRECTION('',(-0.958457777396549,0.0730531842527858,0.275720730483939));
#3891=DIRECTION('',(0.,1.,0.));
#3892=DIRECTION('',(0.961025593124995,0.,-0.276459417200341));
#3893=DIRECTION('center_axis',(0.276459417200341,0.,0.961025593124995));
#3894=DIRECTION('ref_axis',(0.961025593124995,2.0483922426091E-16,-0.276459417200341));
#3895=DIRECTION('',(0.,1.,0.));
#3896=DIRECTION('center_axis',(0.,1.,0.));
#3897=DIRECTION('ref_axis',(-0.139596573874515,0.,-0.990208461164869));
#3898=DIRECTION('center_axis',(0.,-1.,0.));
#3899=DIRECTION('ref_axis',(-0.139596573874517,0.,-0.990208461164868));
#3900=DIRECTION('center_axis',(0.,1.,0.));
#3901=DIRECTION('ref_axis',(-0.139596573874515,0.,0.990208461164869));
#3902=DIRECTION('',(0.,-1.,0.));
#3903=DIRECTION('',(0.,-1.,0.));
#3904=DIRECTION('center_axis',(0.,-1.,0.));
#3905=DIRECTION('ref_axis',(-0.139596573874513,0.,0.990208461164869));
#3906=DIRECTION('center_axis',(-0.961025593124995,0.,0.276459417200341));
#3907=DIRECTION('ref_axis',(-0.195486328625249,-0.707106781186549,-0.679547713792504));
#3908=DIRECTION('center_axis',(0.961025593124994,0.,-0.276459417200343));
#3909=DIRECTION('ref_axis',(0.,-1.,0.));
#3910=DIRECTION('',(-0.961025593124995,0.,0.276459417200341));
#3911=DIRECTION('center_axis',(0.,1.,0.));
#3912=DIRECTION('ref_axis',(0.,0.,1.));
#3913=DIRECTION('center_axis',(0.,1.,0.));
#3914=DIRECTION('ref_axis',(-0.139596573874517,0.,-0.990208461164868));
#3915=DIRECTION('center_axis',(0.,1.,0.));
#3916=DIRECTION('ref_axis',(0.,0.,1.));
#3917=DIRECTION('center_axis',(-0.961025593124995,0.,-0.27645941720034));
#3918=DIRECTION('ref_axis',(0.,-1.,0.));
#3919=DIRECTION('center_axis',(0.,1.,0.));
#3920=DIRECTION('ref_axis',(-0.139596573874513,0.,0.990208461164869));
#3921=DIRECTION('center_axis',(0.,0.,-1.));
#3922=DIRECTION('ref_axis',(-1.,0.,0.));
#3923=DIRECTION('center_axis',(0.,0.,1.));
#3924=DIRECTION('ref_axis',(0.950327152622447,0.311252795952923,0.));
#3925=DIRECTION('',(-1.,0.,0.));
#3926=DIRECTION('',(0.,1.,0.));
#3927=DIRECTION('center_axis',(0.,1.,0.));
#3928=DIRECTION('ref_axis',(1.,0.,0.));
#3929=DIRECTION('',(0.961025593124995,0.,0.276459417200341));
#3930=DIRECTION('',(0.,0.,-1.));
#3931=DIRECTION('',(0.961025593124995,0.,0.276459417200341));
#3932=DIRECTION('center_axis',(0.961025593124995,0.,0.276459417200341));
#3933=DIRECTION('ref_axis',(-0.195486328625248,-0.707106781186546,0.679547713792508));
#3934=DIRECTION('',(-0.961025593124995,0.,-0.276459417200341));
#3935=DIRECTION('center_axis',(0.,0.,1.));
#3936=DIRECTION('ref_axis',(1.,0.,0.));
#3937=DIRECTION('',(0.997107888004626,-0.0759990768296209,0.));
#3938=DIRECTION('center_axis',(0.,0.,-1.));
#3939=DIRECTION('ref_axis',(0.950327152622447,0.311252795952923,0.));
#3940=DIRECTION('',(0.,1.,0.));
#3941=DIRECTION('center_axis',(0.,0.,1.));
#3942=DIRECTION('ref_axis',(0.950327152622447,0.311252795952923,0.));
#3943=DIRECTION('',(0.,0.,-1.));
#3944=DIRECTION('center_axis',(0.,0.,1.));
#3945=DIRECTION('ref_axis',(0.950327152622447,0.311252795952923,0.));
#3946=DIRECTION('',(0.,0.,-1.));
#3947=DIRECTION('center_axis',(0.,0.,1.));
#3948=DIRECTION('ref_axis',(0.950327152622447,0.311252795952923,0.));
#3949=DIRECTION('',(0.,0.,-1.));
#3950=DIRECTION('center_axis',(-0.276459417200341,0.,-0.961025593124995));
#3951=DIRECTION('ref_axis',(0.961025593124995,3.07258836391366E-16,-0.276459417200341));
#3952=DIRECTION('center_axis',(-0.276459417200341,0.,0.961025593124995));
#3953=DIRECTION('ref_axis',(0.961025593124995,-2.0483922426091E-16,0.276459417200341));
#3954=DIRECTION('center_axis',(0.276459417200341,0.,-0.961025593124995));
#3955=DIRECTION('ref_axis',(0.961025593124995,-2.0483922426091E-16,0.276459417200341));
#3956=DIRECTION('',(0.,0.,-1.));
#3957=DIRECTION('center_axis',(-8.28675686105687E-17,0.,-1.));
#3958=DIRECTION('ref_axis',(0.950327152622447,0.311252795952923,0.));
#3959=DIRECTION('',(0.,0.,1.));
#3960=DIRECTION('center_axis',(0.,0.,-1.));
#3961=DIRECTION('ref_axis',(0.950327152622447,0.311252795952923,0.));
#3962=DIRECTION('',(0.,0.,-1.));
#3963=DIRECTION('center_axis',(0.,0.,1.));
#3964=DIRECTION('ref_axis',(0.950327152622447,0.311252795952923,0.));
#3965=DIRECTION('center_axis',(1.,0.,0.));
#3966=DIRECTION('ref_axis',(0.,0.,-1.));
#3967=DIRECTION('',(0.,0.,1.));
#3968=DIRECTION('',(0.,1.,0.));
#3969=DIRECTION('',(0.,1.,0.));
#3970=DIRECTION('center_axis',(0.,0.,-1.));
#3971=DIRECTION('ref_axis',(-1.,0.,0.));
#3972=DIRECTION('',(-0.997107888004626,0.0759990768296209,0.));
#3973=DIRECTION('center_axis',(0.,0.,-1.));
#3974=DIRECTION('ref_axis',(-1.,0.,0.));
#3975=DIRECTION('',(0.997107888004626,-0.0759990768296209,0.));
#3976=DIRECTION('center_axis',(0.,0.,1.));
#3977=DIRECTION('ref_axis',(1.,0.,0.));
#3978=DIRECTION('',(-0.997107888004626,0.0759990768296209,0.));
#3979=DIRECTION('center_axis',(-0.276459417200341,0.,0.961025593124995));
#3980=DIRECTION('ref_axis',(0.961025593124995,0.,0.276459417200341));
#3981=DIRECTION('',(0.958457777396548,-0.0730531842527858,0.275720730483939));
#3982=DIRECTION('center_axis',(1.,0.,-6.16790569236198E-18));
#3983=DIRECTION('ref_axis',(-6.16790569236198E-18,0.,-1.));
#3984=DIRECTION('',(0.,0.,-1.));
#3985=DIRECTION('',(0.,1.,0.));
#3986=DIRECTION('',(1.91205076463221E-16,0.,-1.));
#3987=DIRECTION('',(0.,1.,0.));
#3988=DIRECTION('center_axis',(0.,0.,-1.));
#3989=DIRECTION('ref_axis',(-1.,0.,0.));
#3990=DIRECTION('center_axis',(0.,0.,-1.));
#3991=DIRECTION('ref_axis',(-0.835271679574285,-0.54983744988965,0.));
#3992=DIRECTION('',(-1.,0.,0.));
#3993=DIRECTION('',(0.,1.,0.));
#3994=DIRECTION('',(-0.997107888004626,0.0759990768296209,0.));
#3995=DIRECTION('center_axis',(0.,0.,1.));
#3996=DIRECTION('ref_axis',(-0.0759990768296479,-0.997107888004624,0.));
#3997=DIRECTION('center_axis',(0.0759990768296209,0.997107888004626,0.));
#3998=DIRECTION('ref_axis',(-0.997107888004626,0.0759990768296209,0.));
#3999=DIRECTION('center_axis',(0.0759990768296209,0.997107888004626,0.));
#4000=DIRECTION('ref_axis',(-0.997107888004626,0.0759990768296209,0.));
#4001=DIRECTION('',(0.997107888004626,-0.0759990768296209,0.));
#4002=DIRECTION('',(0.958457777396548,-0.0730531842527858,0.275720730483939));
#4003=DIRECTION('',(0.997107888004626,-0.0759990768296209,-8.26279063213626E-17));
#4004=DIRECTION('',(-0.958457777396548,0.0730531842527858,-0.275720730483939));
#4005=DIRECTION('',(0.997107888004626,-0.0759990768296209,0.));
#4006=DIRECTION('',(-0.958457777396548,0.0730531842527857,0.27572073048394));
#4007=DIRECTION('',(-0.997107888004626,0.0759990768296209,0.));
#4008=DIRECTION('center_axis',(8.28675686105687E-17,0.,1.));
#4009=DIRECTION('ref_axis',(1.,0.,-8.28675686105687E-17));
#4010=DIRECTION('center_axis',(-8.28675686105687E-17,0.,-1.));
#4011=DIRECTION('ref_axis',(-0.0759990768296479,-0.997107888004624,0.));
#4012=DIRECTION('',(0.,1.,0.));
#4013=DIRECTION('',(1.,0.,0.));
#4014=DIRECTION('center_axis',(8.28675686105687E-17,0.,1.));
#4015=DIRECTION('ref_axis',(-0.835271679574285,-0.54983744988965,0.));
#4016=DIRECTION('center_axis',(0.,0.,1.));
#4017=DIRECTION('ref_axis',(1.,0.,0.));
#4018=DIRECTION('center_axis',(0.276459417200341,0.,-0.961025593124995));
#4019=DIRECTION('ref_axis',(-0.961025593124995,0.,-0.276459417200341));
#4020=DIRECTION('center_axis',(0.,0.,-1.));
#4021=DIRECTION('ref_axis',(-0.835271679574285,-0.54983744988965,0.));
#4022=DIRECTION('',(0.,0.,-1.));
#4023=DIRECTION('center_axis',(0.,0.,-1.));
#4024=DIRECTION('ref_axis',(-0.0759990768296479,-0.997107888004624,0.));
#4025=DIRECTION('center_axis',(0.276459417200341,0.,0.961025593124995));
#4026=DIRECTION('ref_axis',(0.961025593124995,0.,-0.276459417200341));
#4027=DIRECTION('center_axis',(0.276459417200341,0.,0.961025593124995));
#4028=DIRECTION('ref_axis',(0.961025593124995,-3.87982814815061E-16,-0.276459417200341));
#4029=DIRECTION('',(0.961025593124994,0.,-0.276459417200342));
#4030=DIRECTION('',(0.961025593124995,0.,-0.276459417200341));
#4031=DIRECTION('center_axis',(0.,0.,-1.));
#4032=DIRECTION('ref_axis',(-1.,0.,0.));
#4033=DIRECTION('',(0.,1.,0.));
#4034=DIRECTION('center_axis',(0.,0.,-1.));
#4035=DIRECTION('ref_axis',(1.,-4.03717463500057E-16,0.));
#4036=DIRECTION('center_axis',(0.,1.,0.));
#4037=DIRECTION('ref_axis',(0.,0.,1.));
#4038=DIRECTION('',(0.,0.,1.));
#4039=DIRECTION('',(-0.961025593124995,0.,-0.276459417200341));
#4040=DIRECTION('',(0.,0.,1.));
#4041=DIRECTION('',(-0.961025593124994,0.,0.276459417200342));
#4042=DIRECTION('',(0.961025593124995,0.,0.276459417200341));
#4043=DIRECTION('center_axis',(-0.276459417200342,0.,-0.961025593124994));
#4044=DIRECTION('ref_axis',(-0.961025593124994,0.,0.276459417200342));
#4045=DIRECTION('center_axis',(-0.276459417200342,0.,-0.961025593124994));
#4046=DIRECTION('ref_axis',(0.961025593124994,-3.87982814815061E-16,-0.276459417200342));
#4047=DIRECTION('center_axis',(0.276459417200341,0.,-0.961025593124995));
#4048=DIRECTION('ref_axis',(-0.961025593124995,0.,-0.276459417200341));
#4049=DIRECTION('center_axis',(0.276459417200341,0.,-0.961025593124995));
#4050=DIRECTION('ref_axis',(0.961025593124995,-3.87982814815061E-16,0.276459417200341));
#4051=DIRECTION('center_axis',(-0.276459417200341,0.,0.961025593124995));
#4052=DIRECTION('ref_axis',(0.961025593124995,0.,0.276459417200341));
#4053=DIRECTION('center_axis',(-0.276459417200341,0.,0.961025593124995));
#4054=DIRECTION('ref_axis',(0.961025593124995,-3.87982814815061E-16,0.276459417200341));
#4055=DIRECTION('',(0.,1.,0.));
#4056=DIRECTION('center_axis',(0.,0.,-1.));
#4057=DIRECTION('ref_axis',(1.,-4.03717463500057E-16,0.));
#4058=DIRECTION('center_axis',(0.,0.,1.));
#4059=DIRECTION('ref_axis',(1.,-4.03717463500057E-16,0.));
#4060=DIRECTION('center_axis',(0.,0.,-1.));
#4061=DIRECTION('ref_axis',(1.,-4.03717463500057E-16,0.));
#4062=DIRECTION('center_axis',(0.,1.,0.));
#4063=DIRECTION('ref_axis',(1.,0.,0.));
#4064=DIRECTION('center_axis',(0.,0.,1.));
#4065=DIRECTION('ref_axis',(1.,0.,0.));
#4066=DIRECTION('center_axis',(0.,0.,-1.));
#4067=DIRECTION('ref_axis',(1.,0.,0.));
#4068=DIRECTION('',(-1.,0.,0.));
#4069=DIRECTION('',(0.,-1.,0.));
#4070=DIRECTION('',(1.,0.,0.));
#4071=DIRECTION('',(0.,-1.,0.));
#4072=DIRECTION('center_axis',(0.,0.,1.));
#4073=DIRECTION('ref_axis',(-1.,0.,0.));
#4074=DIRECTION('',(1.,0.,0.));
#4075=DIRECTION('',(0.,-1.,0.));
#4076=DIRECTION('',(-1.,0.,0.));
#4077=DIRECTION('',(0.,-1.,0.));
#4078=DIRECTION('center_axis',(0.,-1.,0.));
#4079=DIRECTION('ref_axis',(0.,0.,-1.));
#4080=DIRECTION('',(0.,0.,1.));
#4081=DIRECTION('',(0.,0.,-1.));
#4082=DIRECTION('center_axis',(0.,-1.,0.));
#4083=DIRECTION('ref_axis',(0.,0.,-1.));
#4084=DIRECTION('',(0.,0.,1.));
#4085=DIRECTION('',(0.961025593124995,0.,0.276459417200341));
#4086=DIRECTION('',(0.,0.,-1.));
#4087=DIRECTION('center_axis',(0.,-1.,0.));
#4088=DIRECTION('ref_axis',(0.,0.,-1.));
#4089=DIRECTION('',(0.,0.,-1.));
#4090=DIRECTION('',(-0.961025593124994,0.,0.276459417200342));
#4091=DIRECTION('',(0.,0.,1.));
#4092=DIRECTION('center_axis',(0.,-0.999999708207335,0.000763927512441501));
#4093=DIRECTION('ref_axis',(0.,-0.000763927512441501,-0.999999708207335));
#4094=DIRECTION('',(0.,0.000763927512441501,0.999999708207335));
#4095=DIRECTION('',(1.,0.,0.));
#4096=DIRECTION('',(0.,-0.000763927512441501,-0.999999708207335));
#4097=DIRECTION('',(1.,0.,0.));
#4098=DIRECTION('center_axis',(0.,0.000763927512433479,0.999999708207335));
#4099=DIRECTION('ref_axis',(0.,-0.999999708207335,0.000763927512433479));
#4100=DIRECTION('',(0.,0.999999708207335,-0.000763927512433479));
#4101=DIRECTION('',(0.,-0.999999708207335,0.000763927512433479));
#4102=DIRECTION('',(1.,0.,0.));
#4103=DIRECTION('',(1.,0.,0.));
#4104=DIRECTION('',(1.,0.,0.));
#4105=DIRECTION('',(1.,0.,0.));
#4106=DIRECTION('',(1.,0.,0.));
#4107=DIRECTION('',(1.,0.,0.));
#4108=DIRECTION('',(1.,0.,0.));
#4109=DIRECTION('',(1.,0.,0.));
#4110=DIRECTION('',(1.,0.,0.));
#4111=DIRECTION('center_axis',(0.,-0.000763927512414079,-0.999999708207335));
#4112=DIRECTION('ref_axis',(0.,0.999999708207335,-0.000763927512414079));
#4113=DIRECTION('',(0.,-0.999999708207335,0.000763927512414079));
#4114=DIRECTION('',(0.,0.999999708207335,-0.000763927512414079));
#4115=DIRECTION('',(1.,0.,0.));
#4116=DIRECTION('',(1.,0.,0.));
#4117=DIRECTION('',(1.,0.,0.));
#4118=DIRECTION('',(1.,0.,0.));
#4119=DIRECTION('',(1.,0.,0.));
#4120=DIRECTION('',(1.,0.,0.));
#4121=DIRECTION('',(1.,0.,0.));
#4122=DIRECTION('',(1.,0.,0.));
#4123=DIRECTION('',(1.,0.,0.));
#4124=DIRECTION('',(1.,0.,0.));
#4125=DIRECTION('',(1.,0.,0.));
#4126=DIRECTION('center_axis',(0.,0.000763927512432211,0.999999708207335));
#4127=DIRECTION('ref_axis',(0.,-0.999999708207335,0.000763927512432211));
#4128=DIRECTION('',(0.,0.999999708207335,-0.000763927512432211));
#4129=DIRECTION('',(0.,-0.999999708207335,0.000763927512432211));
#4130=DIRECTION('',(1.,0.,0.));
#4131=DIRECTION('center_axis',(0.,0.999999708207335,-0.000763927512414079));
#4132=DIRECTION('ref_axis',(0.,0.000763927512414079,0.999999708207335));
#4133=DIRECTION('',(0.,-0.000763927512414079,-0.999999708207335));
#4134=DIRECTION('',(0.,0.000763927512414079,0.999999708207335));
#4135=DIRECTION('',(1.,0.,0.));
#4136=DIRECTION('',(1.,0.,0.));
#4137=DIRECTION('',(1.,0.,0.));
#4138=DIRECTION('',(1.,0.,0.));
#4139=DIRECTION('',(1.,0.,0.));
#4140=DIRECTION('',(1.,0.,0.));
#4141=DIRECTION('',(1.,0.,0.));
#4142=DIRECTION('',(1.,0.,0.));
#4143=DIRECTION('',(1.,0.,0.));
#4144=DIRECTION('',(1.,0.,0.));
#4145=DIRECTION('',(1.,0.,0.));
#4146=DIRECTION('center_axis',(0.,-0.999999708207335,0.000763927512431997));
#4147=DIRECTION('ref_axis',(0.,-0.000763927512431997,-0.999999708207335));
#4148=DIRECTION('',(0.,0.000763927512431997,0.999999708207335));
#4149=DIRECTION('',(0.,-0.000763927512431997,-0.999999708207335));
#4150=DIRECTION('',(1.,0.,0.));
#4151=DIRECTION('center_axis',(0.,0.00076392751243316,0.999999708207335));
#4152=DIRECTION('ref_axis',(0.,-0.999999708207335,0.00076392751243316));
#4153=DIRECTION('',(0.,0.999999708207335,-0.00076392751243316));
#4154=DIRECTION('',(0.,-0.999999708207335,0.00076392751243316));
#4155=DIRECTION('',(1.,0.,0.));
#4156=DIRECTION('center_axis',(0.,0.999999708207335,-0.000763927512432165));
#4157=DIRECTION('ref_axis',(0.,0.000763927512432165,0.999999708207335));
#4158=DIRECTION('',(0.,-0.000763927512432165,-0.999999708207335));
#4159=DIRECTION('',(0.,0.000763927512432165,0.999999708207335));
#4160=DIRECTION('',(1.,0.,0.));
#4161=DIRECTION('',(1.,0.,0.));
#4162=DIRECTION('',(1.,0.,0.));
#4163=DIRECTION('',(1.,0.,0.));
#4164=DIRECTION('',(1.,0.,0.));
#4165=DIRECTION('',(1.,0.,0.));
#4166=DIRECTION('',(1.,0.,0.));
#4167=DIRECTION('',(1.,0.,0.));
#4168=DIRECTION('',(1.,0.,0.));
#4169=DIRECTION('',(1.,0.,0.));
#4170=DIRECTION('center_axis',(1.,0.,0.));
#4171=DIRECTION('ref_axis',(0.,0.,-1.));
#4172=DIRECTION('center_axis',(0.,-0.999999708207335,0.000763927512433011));
#4173=DIRECTION('ref_axis',(0.,-0.000763927512433011,-0.999999708207335));
#4174=DIRECTION('',(0.,0.000763927512433011,0.999999708207335));
#4175=DIRECTION('',(1.,0.,0.));
#4176=DIRECTION('',(0.,-0.000763927512433011,-0.999999708207335));
#4177=DIRECTION('',(1.,0.,0.));
#4178=DIRECTION('center_axis',(0.,0.000763927512432294,0.999999708207335));
#4179=DIRECTION('ref_axis',(0.,-0.999999708207335,0.000763927512432294));
#4180=DIRECTION('',(0.,0.999999708207335,-0.000763927512432294));
#4181=DIRECTION('',(0.,-0.999999708207335,0.000763927512432294));
#4182=DIRECTION('',(1.,0.,0.));
#4183=DIRECTION('',(1.,0.,0.));
#4184=DIRECTION('',(1.,0.,0.));
#4185=DIRECTION('',(1.,0.,0.));
#4186=DIRECTION('',(1.,0.,0.));
#4187=DIRECTION('',(1.,0.,0.));
#4188=DIRECTION('',(1.,0.,0.));
#4189=DIRECTION('',(1.,0.,0.));
#4190=DIRECTION('',(1.,0.,0.));
#4191=DIRECTION('',(1.,0.,0.));
#4192=DIRECTION('',(1.,0.,0.));
#4193=DIRECTION('',(1.,0.,0.));
#4194=DIRECTION('',(1.,0.,0.));
#4195=DIRECTION('center_axis',(0.,-0.999999708207335,0.000763927512437109));
#4196=DIRECTION('ref_axis',(0.,-0.000763927512437109,-0.999999708207335));
#4197=DIRECTION('',(0.,0.000763927512437109,0.999999708207335));
#4198=DIRECTION('',(0.,-0.000763927512437109,-0.999999708207335));
#4199=DIRECTION('',(1.,0.,0.));
#4200=DIRECTION('center_axis',(0.,0.000763927512432613,0.999999708207335));
#4201=DIRECTION('ref_axis',(0.,-0.999999708207335,0.000763927512432613));
#4202=DIRECTION('',(0.,0.999999708207335,-0.000763927512432613));
#4203=DIRECTION('',(0.,-0.999999708207335,0.000763927512432613));
#4204=DIRECTION('',(1.,0.,0.));
#4205=DIRECTION('',(1.,0.,0.));
#4206=DIRECTION('',(1.,0.,0.));
#4207=DIRECTION('',(1.,0.,0.));
#4208=DIRECTION('',(1.,0.,0.));
#4209=DIRECTION('',(1.,0.,0.));
#4210=DIRECTION('',(1.,0.,0.));
#4211=DIRECTION('',(1.,0.,0.));
#4212=DIRECTION('',(1.,0.,0.));
#4213=DIRECTION('',(1.,0.,0.));
#4214=DIRECTION('',(1.,0.,0.));
#4215=DIRECTION('center_axis',(0.,0.999999708207335,-0.00076392751243257));
#4216=DIRECTION('ref_axis',(0.,0.00076392751243257,0.999999708207335));
#4217=DIRECTION('',(0.,-0.00076392751243257,-0.999999708207335));
#4218=DIRECTION('',(0.,0.00076392751243257,0.999999708207335));
#4219=DIRECTION('',(1.,0.,0.));
#4220=DIRECTION('center_axis',(0.,-0.000763927512433429,-0.999999708207335));
#4221=DIRECTION('ref_axis',(0.,0.999999708207335,-0.000763927512433429));
#4222=DIRECTION('',(0.,-0.999999708207335,0.000763927512433429));
#4223=DIRECTION('',(0.,0.999999708207335,-0.000763927512433429));
#4224=DIRECTION('center_axis',(1.,0.,0.));
#4225=DIRECTION('ref_axis',(0.,0.,-1.));
#4226=DIRECTION('',(1.,0.,0.));
#4227=DIRECTION('',(1.,0.,0.));
#4228=DIRECTION('',(1.,0.,0.));
#4229=DIRECTION('',(1.,0.,0.));
#4230=DIRECTION('',(1.,0.,0.));
#4231=DIRECTION('',(1.,0.,0.));
#4232=DIRECTION('',(1.,0.,0.));
#4233=DIRECTION('',(1.,0.,0.));
#4234=DIRECTION('',(1.,0.,0.));
#4235=DIRECTION('',(1.,0.,0.));
#4236=DIRECTION('',(1.,0.,0.));
#4237=DIRECTION('',(1.,0.,0.));
#4238=DIRECTION('center_axis',(0.,0.999999708207335,-0.00076392751243009));
#4239=DIRECTION('ref_axis',(0.,0.00076392751243009,0.999999708207335));
#4240=DIRECTION('',(0.,-0.00076392751243009,-0.999999708207335));
#4241=DIRECTION('',(1.,0.,0.));
#4242=DIRECTION('',(0.,0.00076392751243009,0.999999708207335));
#4243=DIRECTION('',(1.,0.,0.));
#4244=DIRECTION('center_axis',(0.,-0.000763927512431679,-0.999999708207335));
#4245=DIRECTION('ref_axis',(0.,0.999999708207335,-0.000763927512431679));
#4246=DIRECTION('',(0.,-0.999999708207335,0.000763927512431679));
#4247=DIRECTION('',(0.,0.999999708207335,-0.000763927512431679));
#4248=DIRECTION('',(1.,0.,0.));
#4249=DIRECTION('',(1.,0.,0.));
#4250=DIRECTION('',(1.,0.,0.));
#4251=DIRECTION('',(1.,0.,0.));
#4252=DIRECTION('',(1.,0.,0.));
#4253=DIRECTION('center_axis',(0.,-0.999999708207335,0.000763927512580898));
#4254=DIRECTION('ref_axis',(0.,-0.000763927512580898,-0.999999708207335));
#4255=DIRECTION('',(0.,0.000763927512580898,0.999999708207335));
#4256=DIRECTION('',(1.,0.,0.));
#4257=DIRECTION('',(1.,0.,0.));
#4258=DIRECTION('',(1.,0.,0.));
#4259=DIRECTION('',(1.,0.,0.));
#4260=DIRECTION('',(1.,0.,0.));
#4261=DIRECTION('',(1.,0.,0.));
#4262=DIRECTION('',(1.,0.,0.));
#4263=DIRECTION('',(1.,0.,0.));
#4264=DIRECTION('',(1.,0.,0.));
#4265=DIRECTION('',(1.,0.,0.));
#4266=DIRECTION('',(1.,0.,0.));
#4267=DIRECTION('',(1.,0.,0.));
#4268=DIRECTION('',(1.,0.,0.));
#4269=DIRECTION('',(1.,0.,0.));
#4270=DIRECTION('',(1.,0.,0.));
#4271=DIRECTION('',(1.,0.,0.));
#4272=DIRECTION('',(1.,0.,0.));
#4273=DIRECTION('',(1.,0.,0.));
#4274=DIRECTION('',(1.,0.,0.));
#4275=DIRECTION('',(1.,0.,0.));
#4276=DIRECTION('center_axis',(1.,0.,0.));
#4277=DIRECTION('ref_axis',(0.,0.,-1.));
#4278=DIRECTION('center_axis',(1.,0.,0.));
#4279=DIRECTION('ref_axis',(0.,0.,-1.));
#4280=DIRECTION('center_axis',(-1.,0.,0.));
#4281=DIRECTION('ref_axis',(0.,0.707106781186548,0.707106781186548));
#4282=DIRECTION('',(0.,-1.,0.));
#4283=DIRECTION('',(0.,0.,-1.));
#4284=DIRECTION('',(0.,-1.,0.));
#4285=DIRECTION('',(0.,1.,0.));
#4286=DIRECTION('',(0.,0.,-1.));
#4287=DIRECTION('',(0.,-1.,0.));
#4288=DIRECTION('center_axis',(-1.,0.,0.));
#4289=DIRECTION('ref_axis',(0.,0.707106781186548,-0.707106781186548));
#4290=DIRECTION('',(0.,0.,1.));
#4291=DIRECTION('center_axis',(1.,0.,0.));
#4292=DIRECTION('ref_axis',(0.,0.707106781186548,0.707106781186548));
#4293=DIRECTION('',(-1.,0.,0.));
#4294=DIRECTION('center_axis',(1.,0.,0.));
#4295=DIRECTION('ref_axis',(0.,0.707106781186548,0.707106781186548));
#4296=DIRECTION('',(1.,0.,0.));
#4297=DIRECTION('center_axis',(0.,1.,0.));
#4298=DIRECTION('ref_axis',(0.,0.,1.));
#4299=DIRECTION('',(1.,0.,0.));
#4300=DIRECTION('',(0.,0.,-1.));
#4301=DIRECTION('center_axis',(1.,0.,0.));
#4302=DIRECTION('ref_axis',(0.,0.,-1.));
#4303=DIRECTION('center_axis',(1.,0.,0.));
#4304=DIRECTION('ref_axis',(0.,0.707106781186548,-0.707106781186548));
#4305=DIRECTION('',(-1.,0.,0.));
#4306=DIRECTION('center_axis',(1.,0.,0.));
#4307=DIRECTION('ref_axis',(0.,0.707106781186548,-0.707106781186548));
#4308=DIRECTION('center_axis',(0.,0.,-1.));
#4309=DIRECTION('ref_axis',(0.,1.,0.));
#4310=DIRECTION('center_axis',(0.,0.,1.));
#4311=DIRECTION('ref_axis',(1.,-4.03717463500057E-16,0.));
#4312=DIRECTION('',(0.,-1.,0.));
#4313=DIRECTION('center_axis',(-0.276459417200341,0.,0.961025593124995));
#4314=DIRECTION('ref_axis',(0.961025593124995,0.,0.276459417200341));
#4315=DIRECTION('',(0.,-1.,0.));
#4316=DIRECTION('center_axis',(-0.276459417200341,0.,0.961025593124995));
#4317=DIRECTION('ref_axis',(0.961025593124995,-3.87982814815061E-16,0.276459417200341));
#4318=DIRECTION('center_axis',(-0.276459417200342,0.,-0.961025593124994));
#4319=DIRECTION('ref_axis',(-0.961025593124994,0.,0.276459417200342));
#4320=DIRECTION('center_axis',(-0.276459417200342,0.,-0.961025593124994));
#4321=DIRECTION('ref_axis',(0.961025593124994,-3.87982814815061E-16,-0.276459417200342));
#4322=DIRECTION('',(0.,1.,0.));
#4323=DIRECTION('center_axis',(0.,0.,-1.));
#4324=DIRECTION('ref_axis',(1.,-4.03717463500057E-16,0.));
#4325=DIRECTION('',(0.,0.,1.));
#4326=DIRECTION('center_axis',(0.,0.,-1.));
#4327=DIRECTION('ref_axis',(1.,-4.03717463500057E-16,0.));
#4328=DIRECTION('center_axis',(0.,0.,-1.));
#4329=DIRECTION('ref_axis',(1.,-4.03717463500057E-16,0.));
#4330=DIRECTION('',(0.,0.,1.));
#4331=DIRECTION('center_axis',(0.,0.,1.));
#4332=DIRECTION('ref_axis',(0.,-1.,0.));
#4333=DIRECTION('',(0.,-1.,0.));
#4334=DIRECTION('center_axis',(1.,0.,0.));
#4335=DIRECTION('ref_axis',(0.,0.,-1.));
#4336=CARTESIAN_POINT('',(0.,0.,0.));
#4337=CARTESIAN_POINT('Origin',(9.80296939344255,-0.2,0.775));
#4338=CARTESIAN_POINT('',(9.80296939344255,1.4,8.45));
#4339=CARTESIAN_POINT('',(8.51,0.742459626520307,8.45));
#4340=CARTESIAN_POINT('Origin',(9.80296939344255,-0.2,8.45));
#4341=CARTESIAN_POINT('',(9.80296939344255,1.4,1.55));
#4342=CARTESIAN_POINT('',(9.80296939344255,1.4,0.775));
#4343=CARTESIAN_POINT('',(8.51,0.742459626520307,1.55));
#4344=CARTESIAN_POINT('Origin',(9.80296939344255,-0.2,1.55));
#4345=CARTESIAN_POINT('',(8.51,0.742459626520307,0.775));
#4346=CARTESIAN_POINT('Origin',(7.9,2.4,3.275));
#4347=CARTESIAN_POINT('',(7.9,1.4,1.05));
#4348=CARTESIAN_POINT('',(6.9,2.4,1.05));
#4349=CARTESIAN_POINT('Origin',(7.9,2.4,1.05));
#4350=CARTESIAN_POINT('',(6.9,2.4,1.55));
#4351=CARTESIAN_POINT('',(6.9,2.4,3.275));
#4352=CARTESIAN_POINT('',(7.9,1.4,1.55));
#4353=CARTESIAN_POINT('Origin',(7.9,2.4,1.55));
#4354=CARTESIAN_POINT('',(7.9,1.4,3.275));
#4355=CARTESIAN_POINT('Origin',(8.505,1.4,5.));
#4356=CARTESIAN_POINT('',(7.9,1.4,8.45));
#4357=CARTESIAN_POINT('',(9.0575,1.4,8.45));
#4358=CARTESIAN_POINT('',(7.9,1.4,8.95));
#4359=CARTESIAN_POINT('',(7.9,1.4,6.975));
#4360=CARTESIAN_POINT('',(10.11,1.4,8.95));
#4361=CARTESIAN_POINT('',(7.7025,1.4,8.95));
#4362=CARTESIAN_POINT('',(10.11,1.4,1.05));
#4363=CARTESIAN_POINT('',(10.11,1.4,6.975));
#4364=CARTESIAN_POINT('',(9.3075,1.4,1.05));
#4365=CARTESIAN_POINT('',(7.66725576119843,1.4,1.55));
#4366=CARTESIAN_POINT('Origin',(7.9,2.4,6.975));
#4367=CARTESIAN_POINT('',(6.9,2.4,8.95));
#4368=CARTESIAN_POINT('Origin',(7.9,2.4,8.95));
#4369=CARTESIAN_POINT('',(6.9,2.4,8.45));
#4370=CARTESIAN_POINT('Origin',(7.9,2.4,8.45));
#4371=CARTESIAN_POINT('',(6.9,2.4,6.975));
#4372=CARTESIAN_POINT('Origin',(6.9,2.,8.95));
#4373=CARTESIAN_POINT('',(6.9,4.3,8.45));
#4374=CARTESIAN_POINT('',(6.9,1.62492003005902,8.45));
#4375=CARTESIAN_POINT('',(6.9,4.3,8.95));
#4376=CARTESIAN_POINT('',(6.9,4.3,10.5));
#4377=CARTESIAN_POINT('',(6.9,0.,8.95));
#4378=CARTESIAN_POINT('Origin',(10.11,0.,1.05));
#4379=CARTESIAN_POINT('',(10.11,0.,1.05));
#4380=CARTESIAN_POINT('',(10.11,0.,1.05));
#4381=CARTESIAN_POINT('',(6.9,0.,1.05));
#4382=CARTESIAN_POINT('',(10.11,0.,1.05));
#4383=CARTESIAN_POINT('',(6.9,0.,1.05));
#4384=CARTESIAN_POINT('Origin',(10.11,0.,8.95));
#4385=CARTESIAN_POINT('',(10.11,0.,8.95));
#4386=CARTESIAN_POINT('',(10.11,0.,8.95));
#4387=CARTESIAN_POINT('',(10.11,0.,1.05));
#4388=CARTESIAN_POINT('Origin',(6.9,0.,8.95));
#4389=CARTESIAN_POINT('',(6.9,0.,8.95));
#4390=CARTESIAN_POINT('',(6.9,0.,8.95));
#4391=CARTESIAN_POINT('',(8.23,0.,8.95));
#4392=CARTESIAN_POINT('',(6.9,0.,8.95));
#4393=CARTESIAN_POINT('',(9.03,0.,8.95));
#4394=CARTESIAN_POINT('Origin',(8.63,-0.409297546012271,8.95));
#4395=CARTESIAN_POINT('',(6.9,0.,8.95));
#4396=CARTESIAN_POINT('Origin',(8.63,-0.409297546012271,9.45));
#4397=CARTESIAN_POINT('',(9.03,0.,8.8));
#4398=CARTESIAN_POINT('',(8.89103733602216,0.1,8.7));
#4399=CARTESIAN_POINT('Ctrl Pts',(9.03,-8.67361737988404E-19,8.8));
#4400=CARTESIAN_POINT('Ctrl Pts',(9.03,1.63875782859658E-17,8.78827028808118));
#4401=CARTESIAN_POINT('Ctrl Pts',(9.02777016148801,0.00220889787028847,
8.77610885043705));
#4402=CARTESIAN_POINT('Ctrl Pts',(9.01928095402408,0.0102486355495552,8.75440861054006));
#4403=CARTESIAN_POINT('Ctrl Pts',(9.01301276233121,0.0160352986592167,8.74485691801032));
#4404=CARTESIAN_POINT('Ctrl Pts',(8.9982934133796,0.0288734443638062,8.72885445093729));
#4405=CARTESIAN_POINT('Ctrl Pts',(8.98731093122294,0.0379290517182572,8.72106949271627));
#4406=CARTESIAN_POINT('Ctrl Pts',(8.95621670735741,0.0616712865569573,8.70566208144601));
#4407=CARTESIAN_POINT('Ctrl Pts',(8.92782678426045,0.0802295198316667,8.7010327111409));
#4408=CARTESIAN_POINT('Ctrl Pts',(8.89890139566443,0.0959111036747818,8.70006165678163));
#4409=CARTESIAN_POINT('Ctrl Pts',(8.89499306721252,0.0979725142207389,8.7));
#4410=CARTESIAN_POINT('Ctrl Pts',(8.89103733602216,0.1,8.7));
#4411=CARTESIAN_POINT('',(9.03,0.,9.45));
#4412=CARTESIAN_POINT('',(8.23,0.,8.8));
#4413=CARTESIAN_POINT('',(8.23,0.,9.45));
#4414=CARTESIAN_POINT('',(8.36896266397784,0.1,8.7));
#4415=CARTESIAN_POINT('Ctrl Pts',(8.36896266397784,0.1,8.7));
#4416=CARTESIAN_POINT('Ctrl Pts',(8.36500693256109,0.0979725141047043,8.7));
#4417=CARTESIAN_POINT('Ctrl Pts',(8.36109860408593,0.0959111035394383,8.70006165679001));
#4418=CARTESIAN_POINT('Ctrl Pts',(8.33217321573956,0.0802295198316666,8.7010327111409));
#4419=CARTESIAN_POINT('Ctrl Pts',(8.30378329264259,0.0616712865569573,8.70566208144601));
#4420=CARTESIAN_POINT('Ctrl Pts',(8.27268906877706,0.037929051718257,8.72106949271627));
#4421=CARTESIAN_POINT('Ctrl Pts',(8.2617065866204,0.0288734443638064,8.72885445093729));
#4422=CARTESIAN_POINT('Ctrl Pts',(8.24698723766879,0.0160352986592167,8.74485691801032));
#4423=CARTESIAN_POINT('Ctrl Pts',(8.24071904597592,0.010248635549555,8.75440861054006));
#4424=CARTESIAN_POINT('Ctrl Pts',(8.23222983851199,0.00220889787028847,
8.77610885043705));
#4425=CARTESIAN_POINT('Ctrl Pts',(8.23,9.31440254364137E-18,8.78827028808118));
#4426=CARTESIAN_POINT('Ctrl Pts',(8.23,1.97324795392362E-17,8.8));
#4427=CARTESIAN_POINT('Origin',(8.63,-0.409297546012271,8.7));
#4428=CARTESIAN_POINT('Origin',(9.86,0.,8.7));
#4429=CARTESIAN_POINT('',(6.9,0.865173041154454,8.7));
#4430=CARTESIAN_POINT('',(9.86,0.639563285056893,8.7));
#4431=CARTESIAN_POINT('',(14.3582018062948,0.296712537625888,8.7));
#4432=CARTESIAN_POINT('',(9.86,0.1,8.7));
#4433=CARTESIAN_POINT('',(9.86,0.,8.7));
#4434=CARTESIAN_POINT('',(7.4575,0.1,8.7));
#4435=CARTESIAN_POINT('',(6.9,0.1,8.7));
#4436=CARTESIAN_POINT('',(7.4575,0.1,8.7));
#4437=CARTESIAN_POINT('',(6.9,0.,8.7));
#4438=CARTESIAN_POINT('Origin',(7.4575,0.1,8.8));
#4439=CARTESIAN_POINT('',(6.9,0.,8.8));
#4440=CARTESIAN_POINT('',(7.4575,0.,8.8));
#4441=CARTESIAN_POINT('Origin',(6.9,0.1,8.8));
#4442=CARTESIAN_POINT('Origin',(9.96,0.1,3.15));
#4443=CARTESIAN_POINT('',(9.86,0.1,1.3));
#4444=CARTESIAN_POINT('',(9.96,0.,1.2));
#4445=CARTESIAN_POINT('Origin',(9.96,0.1,1.2));
#4446=CARTESIAN_POINT('',(9.96,0.,8.8));
#4447=CARTESIAN_POINT('',(9.96,0.,3.15));
#4448=CARTESIAN_POINT('Origin',(9.96,0.1,8.8));
#4449=CARTESIAN_POINT('',(9.86,0.1,3.15));
#4450=CARTESIAN_POINT('Origin',(5.95987788059921,0.1,1.2));
#4451=CARTESIAN_POINT('',(6.9,0.1,1.3));
#4452=CARTESIAN_POINT('',(5.95987788059921,0.1,1.3));
#4453=CARTESIAN_POINT('',(6.9,0.,1.2));
#4454=CARTESIAN_POINT('Origin',(6.9,0.1,1.2));
#4455=CARTESIAN_POINT('',(5.95987788059921,0.,1.2));
#4456=CARTESIAN_POINT('Origin',(7.4575,0.1,8.8));
#4457=CARTESIAN_POINT('',(7.4575,0.,8.8));
#4458=CARTESIAN_POINT('Origin',(9.86,0.,1.3));
#4459=CARTESIAN_POINT('',(9.86,0.639563285056893,1.3));
#4460=CARTESIAN_POINT('',(9.86,0.639563285056893,0.65));
#4461=CARTESIAN_POINT('',(9.86,0.,1.3));
#4462=CARTESIAN_POINT('Origin',(6.86475576119843,0.,1.3));
#4463=CARTESIAN_POINT('',(6.9,0.865173041154454,1.3));
#4464=CARTESIAN_POINT('',(12.8692297421077,0.410201262030388,1.3));
#4465=CARTESIAN_POINT('',(6.9,0.,1.3));
#4466=CARTESIAN_POINT('Origin',(6.9,0.865173041154454,1.14882607373171));
#4467=CARTESIAN_POINT('',(6.86475576119843,0.868256512504192,1.3));
#4468=CARTESIAN_POINT('',(8.40631666771979,0.733387409048826,1.3));
#4469=CARTESIAN_POINT('',(6.83088514569991,0.871219807386958,1.29025639828125));
#4470=CARTESIAN_POINT('',(6.89593131983675,0.865529004544251,1.30896831138911));
#4471=CARTESIAN_POINT('Origin',(6.9,0.865173041154454,1.05));
#4472=CARTESIAN_POINT('Origin',(6.9,2.,1.55));
#4473=CARTESIAN_POINT('',(6.9,4.3,1.05));
#4474=CARTESIAN_POINT('',(6.9,0.,1.05));
#4475=CARTESIAN_POINT('',(6.9,4.3,1.55));
#4476=CARTESIAN_POINT('',(6.9,4.3,10.5));
#4477=CARTESIAN_POINT('',(6.9,1.62492003005902,1.55));
#4478=CARTESIAN_POINT('Origin',(9.86,0.,1.3));
#4479=CARTESIAN_POINT('',(6.86475576119842,0.867859339843598,1.3));
#4480=CARTESIAN_POINT('',(14.3582018062948,0.296712537625888,1.3));
#4481=CARTESIAN_POINT('',(6.86475576119843,0.,1.3));
#4482=CARTESIAN_POINT('Origin',(6.9,0.865173041154454,8.45));
#4483=CARTESIAN_POINT('',(6.83088514569991,0.871219807386957,8.70974360171875));
#4484=CARTESIAN_POINT('Origin',(6.9,0.865173041154454,8.95));
#4485=CARTESIAN_POINT('',(6.86475576119843,0.868256512504192,8.7));
#4486=CARTESIAN_POINT('',(5.13666090808125,1.01944522164944,9.19712317692412));
#4487=CARTESIAN_POINT('',(6.92007067088517,0.863417084982642,8.7));
#4488=CARTESIAN_POINT('Origin',(3.21475576119843,0.,9.75));
#4489=CARTESIAN_POINT('',(6.83088514569991,0.870440941634643,8.70974360171875));
#4490=CARTESIAN_POINT('',(6.83088514569991,0.,8.70974360171875));
#4491=CARTESIAN_POINT('',(6.86475576119843,0.867859339843598,8.7));
#4492=CARTESIAN_POINT('',(11.747057746848,0.495732664108111,7.29550216851176));
#4493=CARTESIAN_POINT('',(6.86475576119843,0.,8.7));
#4494=CARTESIAN_POINT('Origin',(-3.88578058618805E-16,0.,0.));
#4495=CARTESIAN_POINT('',(-3.88578058618805E-16,0.,10.));
#4496=CARTESIAN_POINT('',(-3.88578058618805E-16,0.,0.));
#4497=CARTESIAN_POINT('',(-3.88578058618805E-16,0.,10.));
#4498=CARTESIAN_POINT('',(-6.66133814775094E-16,6.5,10.));
#4499=CARTESIAN_POINT('',(-3.88578058618805E-16,0.,10.));
#4500=CARTESIAN_POINT('',(-4.44089209850063E-16,6.5,0.));
#4501=CARTESIAN_POINT('',(-6.66133814775094E-16,6.5,10.));
#4502=CARTESIAN_POINT('',(-3.88578058618805E-16,0.,0.));
#4503=CARTESIAN_POINT('Origin',(-4.44089209850063E-16,0.,10.));
#4504=CARTESIAN_POINT('',(3.25,1.00318587560852,10.));
#4505=CARTESIAN_POINT('Origin',(1.98,-0.648493031358885,10.));
#4506=CARTESIAN_POINT('',(3.25,6.5,10.));
#4507=CARTESIAN_POINT('',(3.25,0.,10.));
#4508=CARTESIAN_POINT('',(-6.66133814775094E-16,6.5,10.));
#4509=CARTESIAN_POINT('Origin',(6.86475576119843,0.,8.7));
#4510=CARTESIAN_POINT('',(3.21475576119843,1.14606055935579,9.75));
#4511=CARTESIAN_POINT('',(13.5623181457417,0.35737440199731,6.77330397156974));
#4512=CARTESIAN_POINT('',(6.83088514569991,0.1,8.70974360171875));
#4513=CARTESIAN_POINT('',(6.83088514569991,0.,8.70974360171875));
#4514=CARTESIAN_POINT('',(3.92440258015881,0.1,9.54585502468263));
#4515=CARTESIAN_POINT('',(6.52055398897777,0.1,8.79901694817307));
#4516=CARTESIAN_POINT('',(3.21475576119843,1.02969689290723,9.75));
#4517=CARTESIAN_POINT('Origin',(1.98,-0.648493031358885,10.1052037121256));
#4518=CARTESIAN_POINT('',(3.21475576119843,0.,9.75));
#4519=CARTESIAN_POINT('Origin',(6.9,0.,8.95));
#4520=CARTESIAN_POINT('Origin',(6.9,0.1,8.95));
#4521=CARTESIAN_POINT('Origin',(6.9,0.,1.05));
#4522=CARTESIAN_POINT('',(6.83088514569991,0.870440941634644,1.29025639828125));
#4523=CARTESIAN_POINT('',(6.83088514569991,0.,1.29025639828125));
#4524=CARTESIAN_POINT('',(6.83088514569991,0.1,1.29025639828125));
#4525=CARTESIAN_POINT('',(6.83088514569991,0.,1.29025639828125));
#4526=CARTESIAN_POINT('Origin',(6.9,0.1,1.05));
#4527=CARTESIAN_POINT('Origin',(6.5481999306978,0.1,8.89511950748557));
#4528=CARTESIAN_POINT('',(3.96,0.,9.63967017248082));
#4529=CARTESIAN_POINT('Ctrl Pts',(3.96,-2.35141767168656E-15,9.63967017248083));
#4530=CARTESIAN_POINT('Ctrl Pts',(3.96,-8.32493847933508E-16,9.62690781284154));
#4531=CARTESIAN_POINT('Ctrl Pts',(3.9592168422377,0.00240819360589432,9.61327986845664));
#4532=CARTESIAN_POINT('Ctrl Pts',(3.95585516023916,0.0125425950940481,9.58852755916898));
#4533=CARTESIAN_POINT('Ctrl Pts',(3.95326681216013,0.0202761011355064,9.57740751827603));
#4534=CARTESIAN_POINT('Ctrl Pts',(3.94700946752813,0.0384648426155673,9.56028119016612));
#4535=CARTESIAN_POINT('Ctrl Pts',(3.9429647972962,0.0499950468321568,9.55339425244464));
#4536=CARTESIAN_POINT('Ctrl Pts',(3.93398495397742,0.0747352801993337,9.54552009729906));
#4537=CARTESIAN_POINT('Ctrl Pts',(3.92904527882155,0.0879393997264852,9.54451945383444));
#4538=CARTESIAN_POINT('Ctrl Pts',(3.92440258015881,0.0999999999999988,9.54585502468263));
#4539=CARTESIAN_POINT('',(6.85853108741995,0.,8.80584616103125));
#4540=CARTESIAN_POINT('Origin',(6.85853108741995,0.1,8.80584616103125));
#4541=CARTESIAN_POINT('',(6.5481999306978,0.,8.89511950748557));
#4542=CARTESIAN_POINT('Origin',(6.9,0.1,8.95));
#4543=CARTESIAN_POINT('Origin',(6.9,0.,8.95));
#4544=CARTESIAN_POINT('Origin',(6.9,0.1,1.05));
#4545=CARTESIAN_POINT('',(6.85853108741994,0.,1.19415383896875));
#4546=CARTESIAN_POINT('Origin',(6.85853108741994,0.1,1.19415383896875));
#4547=CARTESIAN_POINT('Origin',(6.9,0.,1.05));
#4548=CARTESIAN_POINT('Origin',(3.25,0.,0.));
#4549=CARTESIAN_POINT('',(3.25,1.00318587560852,0.));
#4550=CARTESIAN_POINT('Origin',(1.98,-0.648493031358885,0.));
#4551=CARTESIAN_POINT('',(3.25,6.5,0.));
#4552=CARTESIAN_POINT('',(3.25,6.5,0.));
#4553=CARTESIAN_POINT('',(3.25,0.,0.));
#4554=CARTESIAN_POINT('Origin',(5.055,0.,5.));
#4555=CARTESIAN_POINT('',(3.96,0.,0.360329827519175));
#4556=CARTESIAN_POINT('',(4.7231999306978,0.,0.579880492514434));
#4557=CARTESIAN_POINT('',(3.96,0.,0.204246575342466));
#4558=CARTESIAN_POINT('',(3.96,0.,0.));
#4559=CARTESIAN_POINT('',(3.25,0.,0.));
#4560=CARTESIAN_POINT('Origin',(4.7231999306978,0.1,0.579880492514434));
#4561=CARTESIAN_POINT('',(3.92440258015881,0.1,0.454144975317369));
#4562=CARTESIAN_POINT('Ctrl Pts',(3.92440258015881,0.0999999999999999,0.454144975317368));
#4563=CARTESIAN_POINT('Ctrl Pts',(3.92904527882155,0.0879393997264864,0.455480546165553));
#4564=CARTESIAN_POINT('Ctrl Pts',(3.93398495397741,0.0747352801993355,0.454479902700943));
#4565=CARTESIAN_POINT('Ctrl Pts',(3.9429647972962,0.0499950468321586,0.446605747555361));
#4566=CARTESIAN_POINT('Ctrl Pts',(3.94700946752813,0.0384648426155686,0.439718809833884));
#4567=CARTESIAN_POINT('Ctrl Pts',(3.95326681216013,0.0202761011355072,0.422592481723978));
#4568=CARTESIAN_POINT('Ctrl Pts',(3.95585516023916,0.0125425950940505,0.411472440831022));
#4569=CARTESIAN_POINT('Ctrl Pts',(3.9592168422377,0.0024081936058955,0.386720131543365));
#4570=CARTESIAN_POINT('Ctrl Pts',(3.96,-9.73642801717139E-17,0.373092187158464));
#4571=CARTESIAN_POINT('Ctrl Pts',(3.96,-4.57966997657877E-16,0.360329827519175));
#4572=CARTESIAN_POINT('',(4.69555398897777,0.1,0.675983051826934));
#4573=CARTESIAN_POINT('Origin',(0.25,0.,0.25));
#4574=CARTESIAN_POINT('',(3.21475576119843,1.14606055935579,0.25));
#4575=CARTESIAN_POINT('',(3.0118836285148,1.16152337434692,0.25));
#4576=CARTESIAN_POINT('',(9.58095481205215,0.660831973162674,0.25));
#4577=CARTESIAN_POINT('',(3.21475576119843,1.02969689290723,0.25));
#4578=CARTESIAN_POINT('Origin',(1.98,-0.648493031358885,0.25));
#4579=CARTESIAN_POINT('',(3.21475576119843,0.,0.25));
#4580=CARTESIAN_POINT('Origin',(1.98,-0.648493031358885,0.));
#4581=CARTESIAN_POINT('',(2.47337772906427,1.37574055896226,9.5));
#4582=CARTESIAN_POINT('',(2.47337772906427,1.37574055896226,0.5));
#4583=CARTESIAN_POINT('',(2.47337772906427,1.37574055896226,9.5));
#4584=CARTESIAN_POINT('',(3.0118836285148,1.16152337434692,9.5));
#4585=CARTESIAN_POINT('Origin',(1.98,-0.648493031358885,9.5));
#4586=CARTESIAN_POINT('',(3.0118836285148,1.16152337434692,9.75));
#4587=CARTESIAN_POINT('',(3.0118836285148,1.16152337434692,0.));
#4588=CARTESIAN_POINT('Origin',(1.98,-0.648493031358885,9.75));
#4589=CARTESIAN_POINT('',(3.96,0.,9.79575342465753));
#4590=CARTESIAN_POINT('',(3.96,0.,0.));
#4591=CARTESIAN_POINT('Origin',(1.98,-0.648493031358885,10.3653424657534));
#4592=CARTESIAN_POINT('Origin',(1.98,-0.648493031358885,-0.365342465753424));
#4593=CARTESIAN_POINT('Origin',(1.98,-0.648493031358885,-0.105203712125577));
#4594=CARTESIAN_POINT('',(3.0118836285148,1.16152337434692,0.5));
#4595=CARTESIAN_POINT('',(3.0118836285148,1.16152337434692,0.));
#4596=CARTESIAN_POINT('Origin',(1.98,-0.648493031358885,0.5));
#4597=CARTESIAN_POINT('',(1.68083712908004,1.41341016432804,0.25));
#4598=CARTESIAN_POINT('',(1.68083712908005,1.41341016432804,9.75));
#4599=CARTESIAN_POINT('',(1.68083712908004,1.41341016432804,0.));
#4600=CARTESIAN_POINT('',(0.25,0.512559599541643,0.25));
#4601=CARTESIAN_POINT('Origin',(1.98,-0.648493031358885,0.25));
#4602=CARTESIAN_POINT('',(0.25,0.512559599541643,9.75));
#4603=CARTESIAN_POINT('',(0.25,0.512559599541643,0.));
#4604=CARTESIAN_POINT('Origin',(1.98,-0.648493031358885,9.75));
#4605=CARTESIAN_POINT('Origin',(0.25,0.,9.75));
#4606=CARTESIAN_POINT('',(0.25,1.52246787233719,0.25));
#4607=CARTESIAN_POINT('',(0.25,1.52246787233719,9.75));
#4608=CARTESIAN_POINT('',(0.25,1.52246787233719,4.875));
#4609=CARTESIAN_POINT('',(0.25,0.,9.75));
#4610=CARTESIAN_POINT('',(0.25,0.,0.25));
#4611=CARTESIAN_POINT('Origin',(3.21475576119843,0.,9.75));
#4612=CARTESIAN_POINT('',(11.0547706860218,0.548498446183277,9.75));
#4613=CARTESIAN_POINT('Origin',(3.21475576119843,0.,9.75));
#4614=CARTESIAN_POINT('',(11.0661705475463,0.698064629383971,9.75));
#4615=CARTESIAN_POINT('Origin',(0.25,0.,0.25));
#4616=CARTESIAN_POINT('',(9.59235467357659,0.810398156363368,0.25));
#4617=CARTESIAN_POINT('Origin',(3.21475576119843,0.,0.25));
#4618=CARTESIAN_POINT('',(10.4257243542391,0.596444050739891,2.32438822539525));
#4619=CARTESIAN_POINT('Origin',(0.5,0.,9.5));
#4620=CARTESIAN_POINT('',(0.5,2.99718797286747,9.5));
#4621=CARTESIAN_POINT('',(0.5,2.99718797286747,0.5));
#4622=CARTESIAN_POINT('',(0.5,2.99718797286747,9.5));
#4623=CARTESIAN_POINT('',(0.5,6.5,0.5));
#4624=CARTESIAN_POINT('',(0.5,0.,0.5));
#4625=CARTESIAN_POINT('',(0.499999999999998,6.5,9.5));
#4626=CARTESIAN_POINT('',(0.499999999999998,6.5,9.5));
#4627=CARTESIAN_POINT('',(0.5,0.,9.5));
#4628=CARTESIAN_POINT('Origin',(3.17951152239686,0.,9.5));
#4629=CARTESIAN_POINT('',(2.4608787979208,1.39313654520999,9.5));
#4630=CARTESIAN_POINT('Origin',(4.04597375552574,5.33140953788882,9.5));
#4631=CARTESIAN_POINT('',(3.17951152239687,6.5,9.5));
#4632=CARTESIAN_POINT('',(3.17951152239687,6.5,9.5));
#4633=CARTESIAN_POINT('',(3.17951152239687,1.14874685804494,9.5));
#4634=CARTESIAN_POINT('',(3.17951152239686,0.,9.5));
#4635=CARTESIAN_POINT('',(11.03725034951,0.549833837685707,9.5));
#4636=CARTESIAN_POINT('Origin',(2.45341125857164,1.37458295105498,9.5));
#4637=CARTESIAN_POINT('Origin',(18.8193378295053,0.107122001185878,0.));
#4638=CARTESIAN_POINT('Origin',(18.8079379679808,-0.0424441820148159,0.));
#4639=CARTESIAN_POINT('',(6.82951152239686,0.870545638532742,1.55));
#4640=CARTESIAN_POINT('',(12.8517094055959,0.411536653532818,1.55));
#4641=CARTESIAN_POINT('',(3.17951152239686,1.14874685804494,0.5));
#4642=CARTESIAN_POINT('',(10.3738232778084,0.600399925467837,2.56959653237867));
#4643=CARTESIAN_POINT('',(9.70523282959228,0.651359563289189,0.499999999999999));
#4644=CARTESIAN_POINT('',(12.2409847531328,0.458085788629089,2.84658642233728));
#4645=CARTESIAN_POINT('',(12.8692297421077,0.410201262030387,8.7));
#4646=CARTESIAN_POINT('',(6.82951152239685,0.870545638532743,8.45));
#4647=CARTESIAN_POINT('',(13.5104170693111,0.361330276725256,6.52809566458631));
#4648=CARTESIAN_POINT('',(14.2339237887546,0.306184947499374,8.45));
#4649=CARTESIAN_POINT('Origin',(0.5,0.,0.5));
#4650=CARTESIAN_POINT('',(2.4608787979208,1.39313654520999,0.5));
#4651=CARTESIAN_POINT('Origin',(2.45341125857164,1.37458295105498,0.5));
#4652=CARTESIAN_POINT('',(3.17951152239686,6.5,0.5));
#4653=CARTESIAN_POINT('',(3.17951152239686,0.,0.5));
#4654=CARTESIAN_POINT('',(0.5,6.5,0.5));
#4655=CARTESIAN_POINT('Origin',(4.04597375552574,5.33140953788882,0.5));
#4656=CARTESIAN_POINT('Origin',(6.86475576119843,0.,8.7));
#4657=CARTESIAN_POINT('Origin',(6.86475576119843,0.,1.3));
#4658=CARTESIAN_POINT('Origin',(4.04597375552574,5.33140953788882,9.5));
#4659=CARTESIAN_POINT('',(2.4608787979208,1.39313654520999,9.5));
#4660=CARTESIAN_POINT('Origin',(2.45341125857164,1.37458295105498,9.5));
#4661=CARTESIAN_POINT('Origin',(3.25,0.,10.));
#4662=CARTESIAN_POINT('',(4.7,6.5,9.58287671232877));
#4663=CARTESIAN_POINT('Origin',(4.7,4.3,9.58287671232877));
#4664=CARTESIAN_POINT('',(3.25,6.5,10.));
#4665=CARTESIAN_POINT('',(3.25,0.,10.));
#4666=CARTESIAN_POINT('Origin',(9.61,0.,8.45));
#4667=CARTESIAN_POINT('',(6.82951152239685,4.85243160298723,8.45));
#4668=CARTESIAN_POINT('',(6.82951152239685,0.,8.45));
#4669=CARTESIAN_POINT('Origin',(4.7,4.3,8.45));
#4670=CARTESIAN_POINT('Origin',(3.45,6.5,5.));
#4671=CARTESIAN_POINT('',(4.7,6.5,0.417123287671236));
#4672=CARTESIAN_POINT('',(4.7,6.5,0.937400794926932));
#4673=CARTESIAN_POINT('',(4.7,6.5,10.5));
#4674=CARTESIAN_POINT('',(3.96,6.5,0.204246575342466));
#4675=CARTESIAN_POINT('',(4.7,6.5,9.06259920507307));
#4676=CARTESIAN_POINT('',(4.7,6.5,10.5));
#4677=CARTESIAN_POINT('',(6.82951152239685,6.5,8.45));
#4678=CARTESIAN_POINT('',(3.17951152239686,6.5,0.5));
#4679=CARTESIAN_POINT('Origin',(6.82951152239685,0.,8.45));
#4680=CARTESIAN_POINT('Origin',(4.7,4.3,9.06259920507307));
#4681=CARTESIAN_POINT('Origin',(6.9,0.,1.05));
#4682=CARTESIAN_POINT('Origin',(4.7,4.3,0.417123287671235));
#4683=CARTESIAN_POINT('Origin',(3.17951152239686,0.,0.5));
#4684=CARTESIAN_POINT('',(6.82951152239686,4.85243160298722,1.55));
#4685=CARTESIAN_POINT('Origin',(4.7,4.3,0.937400794926932));
#4686=CARTESIAN_POINT('',(6.82951152239686,0.,1.55));
#4687=CARTESIAN_POINT('Origin',(4.7,4.3,10.5));
#4688=CARTESIAN_POINT('Origin',(4.7,4.3,1.55));
#4689=CARTESIAN_POINT('Origin',(4.7,4.3,10.5));
#4690=CARTESIAN_POINT('Origin',(5.055,0.,5.));
#4691=CARTESIAN_POINT('Origin',(6.82951152239686,0.,1.55));
#4692=CARTESIAN_POINT('Origin',(6.,2.4,1.75));
#4693=CARTESIAN_POINT('',(6.25,2.4,1.75));
#4694=CARTESIAN_POINT('',(6.,2.4,1.75));
#4695=CARTESIAN_POINT('',(6.,2.4,1.75));
#4696=CARTESIAN_POINT('',(6.25,-0.1,1.75));
#4697=CARTESIAN_POINT('',(6.25,2.4,1.75));
#4698=CARTESIAN_POINT('',(6.,-0.1,1.75));
#4699=CARTESIAN_POINT('',(6.,-0.1,1.75));
#4700=CARTESIAN_POINT('',(6.,2.4,1.75));
#4701=CARTESIAN_POINT('Origin',(6.25,2.4,8.25));
#4702=CARTESIAN_POINT('',(6.,2.4,8.25));
#4703=CARTESIAN_POINT('',(6.25,2.4,8.25));
#4704=CARTESIAN_POINT('',(6.125,2.4,8.25));
#4705=CARTESIAN_POINT('',(6.,-0.1,8.25));
#4706=CARTESIAN_POINT('',(6.,2.4,8.25));
#4707=CARTESIAN_POINT('',(6.25,-0.1,8.25));
#4708=CARTESIAN_POINT('',(6.25,-0.1,8.25));
#4709=CARTESIAN_POINT('',(6.25,2.4,8.25));
#4710=CARTESIAN_POINT('Origin',(6.125,-0.1,5.));
#4711=CARTESIAN_POINT('',(6.25,-0.1,1.75));
#4712=CARTESIAN_POINT('',(6.,-0.1,8.25));
#4713=CARTESIAN_POINT('Origin',(6.,2.4,9.11830148977709));
#4714=CARTESIAN_POINT('',(6.,2.4,1.31137339766666));
#4715=CARTESIAN_POINT('',(6.,2.4,1.05));
#4716=CARTESIAN_POINT('',(6.25,2.4,1.38329120588584));
#4717=CARTESIAN_POINT('',(5.62684594882454,2.4,1.20402771171207));
#4718=CARTESIAN_POINT('',(6.25,2.4,1.05));
#4719=CARTESIAN_POINT('Origin',(6.,2.4,9.11830148977709));
#4720=CARTESIAN_POINT('',(6.25,2.4,8.61670879411416));
#4721=CARTESIAN_POINT('',(6.25,2.4,1.05));
#4722=CARTESIAN_POINT('',(6.,2.4,8.68862660233334));
#4723=CARTESIAN_POINT('',(6.35767676618532,2.4,8.58573328603345));
#4724=CARTESIAN_POINT('',(6.,2.4,1.05));
#4725=CARTESIAN_POINT('Origin',(6.25,5.64603458904952,4.88260826106625));
#4726=CARTESIAN_POINT('',(6.25,5.64602287688972,4.86727675881075));
#4727=CARTESIAN_POINT('',(6.25,5.64603458904952,4.88260826106625));
#4728=CARTESIAN_POINT('',(6.25,5.64611130567849,4.98303219571439));
#4729=CARTESIAN_POINT('',(6.35,5.64602287688972,4.86727675881075));
#4730=CARTESIAN_POINT('',(6.25,5.64602287688972,4.86727675881075));
#4731=CARTESIAN_POINT('',(6.35,5.64603458904952,4.88260826106625));
#4732=CARTESIAN_POINT('',(6.35,5.64602287688972,4.86727675881075));
#4733=CARTESIAN_POINT('',(6.25,5.64603458904952,4.88260826106625));
#4734=CARTESIAN_POINT('Origin',(6.25,5.91561308647642,4.88240232257522));
#4735=CARTESIAN_POINT('',(6.25,5.91561308647642,4.88240232257522));
#4736=CARTESIAN_POINT('',(6.25,5.32619017683329,4.88285259908374));
#4737=CARTESIAN_POINT('',(6.35,5.91561308647642,4.88240232257522));
#4738=CARTESIAN_POINT('',(6.35,5.64603458904952,4.88260826106625));
#4739=CARTESIAN_POINT('',(6.25,5.91561308647642,4.88240232257522));
#4740=CARTESIAN_POINT('Ctrl Pts',(6.25,5.99656987080031,4.65683982799419));
#4741=CARTESIAN_POINT('Ctrl Pts',(6.35,5.99656987080031,4.65683982799419));
#4742=CARTESIAN_POINT('Ctrl Pts',(6.25,5.98513662021242,4.69988332183891));
#4743=CARTESIAN_POINT('Ctrl Pts',(6.35,5.98513662021242,4.69988332183891));
#4744=CARTESIAN_POINT('Ctrl Pts',(6.25,5.96454333664753,4.77741218098134));
#4745=CARTESIAN_POINT('Ctrl Pts',(6.35,5.96454333664753,4.77741218098134));
#4746=CARTESIAN_POINT('Ctrl Pts',(6.25,5.93067704428796,4.85007943319559));
#4747=CARTESIAN_POINT('Ctrl Pts',(6.35,5.93067704428796,4.85007943319559));
#4748=CARTESIAN_POINT('Ctrl Pts',(6.25,5.91561308647642,4.88240232257522));
#4749=CARTESIAN_POINT('Ctrl Pts',(6.35,5.91561308647642,4.88240232257522));
#4750=CARTESIAN_POINT('',(6.25,5.99656987080031,4.65683982799419));
#4751=CARTESIAN_POINT('Ctrl Pts',(6.25,5.91561308647642,4.88240232257522));
#4752=CARTESIAN_POINT('Ctrl Pts',(6.25,5.93067704428796,4.85007943319559));
#4753=CARTESIAN_POINT('Ctrl Pts',(6.25,5.96454333664753,4.77741218098134));
#4754=CARTESIAN_POINT('Ctrl Pts',(6.25,5.98513662021242,4.69988332183891));
#4755=CARTESIAN_POINT('Ctrl Pts',(6.25,5.99656987080031,4.65683982799419));
#4756=CARTESIAN_POINT('',(6.35,5.99656987080031,4.65683982799419));
#4757=CARTESIAN_POINT('Ctrl Pts',(6.35,5.99656987080031,4.65683982799419));
#4758=CARTESIAN_POINT('Ctrl Pts',(6.35,5.98513662021242,4.69988332183891));
#4759=CARTESIAN_POINT('Ctrl Pts',(6.35,5.96454333664753,4.77741218098134));
#4760=CARTESIAN_POINT('Ctrl Pts',(6.35,5.93067704428796,4.85007943319559));
#4761=CARTESIAN_POINT('Ctrl Pts',(6.35,5.91561308647642,4.88240232257522));
#4762=CARTESIAN_POINT('',(6.25,5.99656987080031,4.65683982799419));
#4763=CARTESIAN_POINT('Ctrl Pts',(6.25,6.03277469685301,4.3853172254857));
#4764=CARTESIAN_POINT('Ctrl Pts',(6.35,6.03277469685301,4.3853172254857));
#4765=CARTESIAN_POINT('Ctrl Pts',(6.25,6.03110083266231,4.42962485174985));
#4766=CARTESIAN_POINT('Ctrl Pts',(6.35,6.03110083266231,4.42962485174985));
#4767=CARTESIAN_POINT('Ctrl Pts',(6.25,6.02763894765615,4.52126186022065));
#4768=CARTESIAN_POINT('Ctrl Pts',(6.35,6.02763894765615,4.52126186022065));
#4769=CARTESIAN_POINT('Ctrl Pts',(6.25,6.00715142369342,4.61066447995303));
#4770=CARTESIAN_POINT('Ctrl Pts',(6.35,6.00715142369342,4.61066447995303));
#4771=CARTESIAN_POINT('Ctrl Pts',(6.25,5.99656987080031,4.65683982799419));
#4772=CARTESIAN_POINT('Ctrl Pts',(6.35,5.99656987080031,4.65683982799419));
#4773=CARTESIAN_POINT('',(6.25,6.03277469685301,4.3853172254857));
#4774=CARTESIAN_POINT('Ctrl Pts',(6.25,5.99656987080031,4.65683982799419));
#4775=CARTESIAN_POINT('Ctrl Pts',(6.25,6.00715142369342,4.61066447995303));
#4776=CARTESIAN_POINT('Ctrl Pts',(6.25,6.02763894765615,4.52126186022065));
#4777=CARTESIAN_POINT('Ctrl Pts',(6.25,6.03110083266231,4.42962485174985));
#4778=CARTESIAN_POINT('Ctrl Pts',(6.25,6.03277469685301,4.3853172254857));
#4779=CARTESIAN_POINT('',(6.35,6.03277469685301,4.3853172254857));
#4780=CARTESIAN_POINT('Ctrl Pts',(6.35,6.03277469685301,4.3853172254857));
#4781=CARTESIAN_POINT('Ctrl Pts',(6.35,6.03110083266231,4.42962485174985));
#4782=CARTESIAN_POINT('Ctrl Pts',(6.35,6.02763894765615,4.52126186022065));
#4783=CARTESIAN_POINT('Ctrl Pts',(6.35,6.00715142369342,4.61066447995303));
#4784=CARTESIAN_POINT('Ctrl Pts',(6.35,5.99656987080031,4.65683982799419));
#4785=CARTESIAN_POINT('',(6.25,6.03277469685301,4.3853172254857));
#4786=CARTESIAN_POINT('Ctrl Pts',(6.25,6.00641108459763,4.15983671593219));
#4787=CARTESIAN_POINT('Ctrl Pts',(6.35,6.00641108459763,4.15983671593219));
#4788=CARTESIAN_POINT('Ctrl Pts',(6.25,6.01406828903174,4.19456893589246));
#4789=CARTESIAN_POINT('Ctrl Pts',(6.35,6.01406828903174,4.19456893589246));
#4790=CARTESIAN_POINT('Ctrl Pts',(6.25,6.03043583846735,4.26881030323473));
#4791=CARTESIAN_POINT('Ctrl Pts',(6.35,6.03043583846735,4.26881030323473));
#4792=CARTESIAN_POINT('Ctrl Pts',(6.25,6.03196233744621,4.34485069068896));
#4793=CARTESIAN_POINT('Ctrl Pts',(6.35,6.03196233744621,4.34485069068896));
#4794=CARTESIAN_POINT('Ctrl Pts',(6.25,6.03277469685301,4.3853172254857));
#4795=CARTESIAN_POINT('Ctrl Pts',(6.35,6.03277469685301,4.3853172254857));
#4796=CARTESIAN_POINT('',(6.25,6.00641108459763,4.15983671593219));
#4797=CARTESIAN_POINT('Ctrl Pts',(6.25,6.03277469685301,4.3853172254857));
#4798=CARTESIAN_POINT('Ctrl Pts',(6.25,6.03196233744621,4.34485069068896));
#4799=CARTESIAN_POINT('Ctrl Pts',(6.25,6.03043583846735,4.26881030323473));
#4800=CARTESIAN_POINT('Ctrl Pts',(6.25,6.01406828903174,4.19456893589246));
#4801=CARTESIAN_POINT('Ctrl Pts',(6.25,6.00641108459763,4.15983671593219));
#4802=CARTESIAN_POINT('',(6.35,6.00641108459763,4.15983671593219));
#4803=CARTESIAN_POINT('Ctrl Pts',(6.35,6.00641108459763,4.15983671593219));
#4804=CARTESIAN_POINT('Ctrl Pts',(6.35,6.01406828903174,4.19456893589246));
#4805=CARTESIAN_POINT('Ctrl Pts',(6.35,6.03043583846735,4.26881030323473));
#4806=CARTESIAN_POINT('Ctrl Pts',(6.35,6.03196233744621,4.34485069068896));
#4807=CARTESIAN_POINT('Ctrl Pts',(6.35,6.03277469685301,4.3853172254857));
#4808=CARTESIAN_POINT('',(6.25,6.00641108459763,4.15983671593219));
#4809=CARTESIAN_POINT('Ctrl Pts',(6.25,5.92514880860656,3.98550318233303));
#4810=CARTESIAN_POINT('Ctrl Pts',(6.35,5.92514880860656,3.98550318233303));
#4811=CARTESIAN_POINT('Ctrl Pts',(6.25,5.94233522595493,4.01242968038038));
#4812=CARTESIAN_POINT('Ctrl Pts',(6.35,5.94233522595493,4.01242968038038));
#4813=CARTESIAN_POINT('Ctrl Pts',(6.25,5.97712730545801,4.06693952043681));
#4814=CARTESIAN_POINT('Ctrl Pts',(6.35,5.97712730545801,4.06693952043681));
#4815=CARTESIAN_POINT('Ctrl Pts',(6.25,5.99657172309399,4.12862322108936));
#4816=CARTESIAN_POINT('Ctrl Pts',(6.35,5.99657172309399,4.12862322108936));
#4817=CARTESIAN_POINT('Ctrl Pts',(6.25,6.00641108459763,4.15983671593219));
#4818=CARTESIAN_POINT('Ctrl Pts',(6.35,6.00641108459763,4.15983671593219));
#4819=CARTESIAN_POINT('',(6.25,5.92514880860656,3.98550318233303));
#4820=CARTESIAN_POINT('Ctrl Pts',(6.25,6.00641108459763,4.15983671593219));
#4821=CARTESIAN_POINT('Ctrl Pts',(6.25,5.99657172309399,4.12862322108936));
#4822=CARTESIAN_POINT('Ctrl Pts',(6.25,5.97712730545801,4.06693952043681));
#4823=CARTESIAN_POINT('Ctrl Pts',(6.25,5.94233522595493,4.01242968038038));
#4824=CARTESIAN_POINT('Ctrl Pts',(6.25,5.92514880860656,3.98550318233303));
#4825=CARTESIAN_POINT('',(6.35,5.92514880860656,3.98550318233303));
#4826=CARTESIAN_POINT('Ctrl Pts',(6.35,5.92514880860656,3.98550318233303));
#4827=CARTESIAN_POINT('Ctrl Pts',(6.35,5.94233522595493,4.01242968038038));
#4828=CARTESIAN_POINT('Ctrl Pts',(6.35,5.97712730545801,4.06693952043681));
#4829=CARTESIAN_POINT('Ctrl Pts',(6.35,5.99657172309399,4.12862322108936));
#4830=CARTESIAN_POINT('Ctrl Pts',(6.35,6.00641108459763,4.15983671593219));
#4831=CARTESIAN_POINT('',(6.25,5.92514880860656,3.98550318233303));
#4832=CARTESIAN_POINT('Ctrl Pts',(6.25,5.77684753140209,3.85849308083272));
#4833=CARTESIAN_POINT('Ctrl Pts',(6.35,5.77684753140209,3.85849308083272));
#4834=CARTESIAN_POINT('Ctrl Pts',(6.25,5.8049434282457,3.87473029237251));
#4835=CARTESIAN_POINT('Ctrl Pts',(6.35,5.8049434282457,3.87473029237251));
#4836=CARTESIAN_POINT('Ctrl Pts',(6.25,5.86223921575303,3.90784273677228));
#4837=CARTESIAN_POINT('Ctrl Pts',(6.35,5.86223921575303,3.90784273677228));
#4838=CARTESIAN_POINT('Ctrl Pts',(6.25,5.90391129394843,3.9592859589154));
#4839=CARTESIAN_POINT('Ctrl Pts',(6.35,5.90391129394843,3.9592859589154));
#4840=CARTESIAN_POINT('Ctrl Pts',(6.25,5.92514880860656,3.98550318233303));
#4841=CARTESIAN_POINT('Ctrl Pts',(6.35,5.92514880860656,3.98550318233303));
#4842=CARTESIAN_POINT('',(6.25,5.77684753140209,3.85849308083272));
#4843=CARTESIAN_POINT('Ctrl Pts',(6.25,5.92514880860656,3.98550318233303));
#4844=CARTESIAN_POINT('Ctrl Pts',(6.25,5.90391129394843,3.9592859589154));
#4845=CARTESIAN_POINT('Ctrl Pts',(6.25,5.86223921575303,3.90784273677228));
#4846=CARTESIAN_POINT('Ctrl Pts',(6.25,5.8049434282457,3.87473029237251));
#4847=CARTESIAN_POINT('Ctrl Pts',(6.25,5.77684753140209,3.85849308083272));
#4848=CARTESIAN_POINT('',(6.35,5.77684753140209,3.85849308083272));
#4849=CARTESIAN_POINT('Ctrl Pts',(6.35,5.77684753140209,3.85849308083272));
#4850=CARTESIAN_POINT('Ctrl Pts',(6.35,5.8049434282457,3.87473029237251));
#4851=CARTESIAN_POINT('Ctrl Pts',(6.35,5.86223921575303,3.90784273677228));
#4852=CARTESIAN_POINT('Ctrl Pts',(6.35,5.90391129394843,3.9592859589154));
#4853=CARTESIAN_POINT('Ctrl Pts',(6.35,5.92514880860656,3.98550318233303));
#4854=CARTESIAN_POINT('',(6.25,5.77684753140209,3.85849308083272));
#4855=CARTESIAN_POINT('Ctrl Pts',(6.25,5.57367284732571,3.815847852637));
#4856=CARTESIAN_POINT('Ctrl Pts',(6.35,5.57367284732571,3.815847852637));
#4857=CARTESIAN_POINT('Ctrl Pts',(6.25,5.61044420199278,3.81724008709886));
#4858=CARTESIAN_POINT('Ctrl Pts',(6.35,5.61044420199278,3.81724008709886));
#4859=CARTESIAN_POINT('Ctrl Pts',(6.25,5.68066096079917,3.81989862911603));
#4860=CARTESIAN_POINT('Ctrl Pts',(6.35,5.68066096079917,3.81989862911603));
#4861=CARTESIAN_POINT('Ctrl Pts',(6.25,5.74581404111813,3.84604102505345));
#4862=CARTESIAN_POINT('Ctrl Pts',(6.35,5.74581404111813,3.84604102505345));
#4863=CARTESIAN_POINT('Ctrl Pts',(6.25,5.77684753140209,3.85849308083272));
#4864=CARTESIAN_POINT('Ctrl Pts',(6.35,5.77684753140209,3.85849308083272));
#4865=CARTESIAN_POINT('',(6.25,5.57367284732571,3.815847852637));
#4866=CARTESIAN_POINT('Ctrl Pts',(6.25,5.77684753140209,3.85849308083272));
#4867=CARTESIAN_POINT('Ctrl Pts',(6.25,5.74581404111813,3.84604102505345));
#4868=CARTESIAN_POINT('Ctrl Pts',(6.25,5.68066096079917,3.81989862911603));
#4869=CARTESIAN_POINT('Ctrl Pts',(6.25,5.61044420199278,3.81724008709886));
#4870=CARTESIAN_POINT('Ctrl Pts',(6.25,5.57367284732571,3.815847852637));
#4871=CARTESIAN_POINT('',(6.35,5.57367284732571,3.815847852637));
#4872=CARTESIAN_POINT('Ctrl Pts',(6.35,5.57367284732571,3.815847852637));
#4873=CARTESIAN_POINT('Ctrl Pts',(6.35,5.61044420199278,3.81724008709886));
#4874=CARTESIAN_POINT('Ctrl Pts',(6.35,5.68066096079917,3.81989862911603));
#4875=CARTESIAN_POINT('Ctrl Pts',(6.35,5.74581404111813,3.84604102505345));
#4876=CARTESIAN_POINT('Ctrl Pts',(6.35,5.77684753140209,3.85849308083272));
#4877=CARTESIAN_POINT('',(6.25,5.57367284732571,3.815847852637));
#4878=CARTESIAN_POINT('Ctrl Pts',(6.25,5.29778534050567,3.91954613255986));
#4879=CARTESIAN_POINT('Ctrl Pts',(6.35,5.29778534050567,3.91954613255986));
#4880=CARTESIAN_POINT('Ctrl Pts',(6.25,5.33894633647171,3.88933077304336));
#4881=CARTESIAN_POINT('Ctrl Pts',(6.35,5.33894633647171,3.88933077304336));
#4882=CARTESIAN_POINT('Ctrl Pts',(6.25,5.42120781521377,3.82894447537939));
#4883=CARTESIAN_POINT('Ctrl Pts',(6.35,5.42120781521377,3.82894447537939));
#4884=CARTESIAN_POINT('Ctrl Pts',(6.25,5.52287609969662,3.82021125210653));
#4885=CARTESIAN_POINT('Ctrl Pts',(6.35,5.52287609969662,3.82021125210653));
#4886=CARTESIAN_POINT('Ctrl Pts',(6.25,5.57367284732571,3.815847852637));
#4887=CARTESIAN_POINT('Ctrl Pts',(6.35,5.57367284732571,3.815847852637));
#4888=CARTESIAN_POINT('',(6.25,5.29778534050567,3.91954613255986));
#4889=CARTESIAN_POINT('Ctrl Pts',(6.25,5.57367284732571,3.815847852637));
#4890=CARTESIAN_POINT('Ctrl Pts',(6.25,5.52287609969662,3.82021125210653));
#4891=CARTESIAN_POINT('Ctrl Pts',(6.25,5.42120781521377,3.82894447537939));
#4892=CARTESIAN_POINT('Ctrl Pts',(6.25,5.33894633647171,3.88933077304336));
#4893=CARTESIAN_POINT('Ctrl Pts',(6.25,5.29778534050567,3.91954613255986));
#4894=CARTESIAN_POINT('',(6.35,5.29778534050567,3.91954613255986));
#4895=CARTESIAN_POINT('Ctrl Pts',(6.35,5.29778534050567,3.91954613255986));
#4896=CARTESIAN_POINT('Ctrl Pts',(6.35,5.33894633647171,3.88933077304336));
#4897=CARTESIAN_POINT('Ctrl Pts',(6.35,5.42120781521377,3.82894447537939));
#4898=CARTESIAN_POINT('Ctrl Pts',(6.35,5.52287609969662,3.82021125210653));
#4899=CARTESIAN_POINT('Ctrl Pts',(6.35,5.57367284732571,3.815847852637));
#4900=CARTESIAN_POINT('',(6.25,5.29778534050567,3.91954613255986));
#4901=CARTESIAN_POINT('Ctrl Pts',(6.25,5.14721515287311,4.16751999236679));
#4902=CARTESIAN_POINT('Ctrl Pts',(6.35,5.14721515287311,4.16751999236679));
#4903=CARTESIAN_POINT('Ctrl Pts',(6.25,5.16177650779603,4.12080383182551));
#4904=CARTESIAN_POINT('Ctrl Pts',(6.35,5.16177650779603,4.12080383182551));
#4905=CARTESIAN_POINT('Ctrl Pts',(6.25,5.19140728286933,4.0257415211673));
#4906=CARTESIAN_POINT('Ctrl Pts',(6.35,5.19140728286933,4.0257415211673));
#4907=CARTESIAN_POINT('Ctrl Pts',(6.25,5.26192295473125,3.9553469365821));
#4908=CARTESIAN_POINT('Ctrl Pts',(6.35,5.26192295473125,3.9553469365821));
#4909=CARTESIAN_POINT('Ctrl Pts',(6.25,5.29778534050567,3.91954613255986));
#4910=CARTESIAN_POINT('Ctrl Pts',(6.35,5.29778534050567,3.91954613255986));
#4911=CARTESIAN_POINT('',(6.25,5.14721515287311,4.16751999236679));
#4912=CARTESIAN_POINT('Ctrl Pts',(6.25,5.29778534050567,3.91954613255986));
#4913=CARTESIAN_POINT('Ctrl Pts',(6.25,5.26192295473125,3.9553469365821));
#4914=CARTESIAN_POINT('Ctrl Pts',(6.25,5.19140728286933,4.0257415211673));
#4915=CARTESIAN_POINT('Ctrl Pts',(6.25,5.16177650779603,4.12080383182551));
#4916=CARTESIAN_POINT('Ctrl Pts',(6.25,5.14721515287311,4.16751999236679));
#4917=CARTESIAN_POINT('',(6.35,5.14721515287311,4.16751999236679));
#4918=CARTESIAN_POINT('Ctrl Pts',(6.35,5.14721515287311,4.16751999236679));
#4919=CARTESIAN_POINT('Ctrl Pts',(6.35,5.16177650779603,4.12080383182551));
#4920=CARTESIAN_POINT('Ctrl Pts',(6.35,5.19140728286933,4.0257415211673));
#4921=CARTESIAN_POINT('Ctrl Pts',(6.35,5.26192295473125,3.9553469365821));
#4922=CARTESIAN_POINT('Ctrl Pts',(6.35,5.29778534050567,3.91954613255986));
#4923=CARTESIAN_POINT('',(6.25,5.14721515287311,4.16751999236679));
#4924=CARTESIAN_POINT('Origin',(6.25,5.12932851945094,4.16753365646215));
#4925=CARTESIAN_POINT('',(6.25,5.12932851945094,4.16753365646215));
#4926=CARTESIAN_POINT('',(6.25,4.93277461004729,4.16768380944503));
#4927=CARTESIAN_POINT('',(6.35,5.12932851945094,4.16753365646215));
#4928=CARTESIAN_POINT('',(6.35,5.14721515287311,4.16751999236679));
#4929=CARTESIAN_POINT('',(6.25,5.12932851945094,4.16753365646215));
#4930=CARTESIAN_POINT('Ctrl Pts',(6.25,5.08962410914098,4.03916290926503));
#4931=CARTESIAN_POINT('Ctrl Pts',(6.35,5.08962410914098,4.03916290926503));
#4932=CARTESIAN_POINT('Ctrl Pts',(6.25,5.09821428741843,4.06106867739827));
#4933=CARTESIAN_POINT('Ctrl Pts',(6.35,5.09821428741843,4.06106867739827));
#4934=CARTESIAN_POINT('Ctrl Pts',(6.25,5.11461358018227,4.10288842702754));
#4935=CARTESIAN_POINT('Ctrl Pts',(6.35,5.11461358018227,4.10288842702754));
#4936=CARTESIAN_POINT('Ctrl Pts',(6.25,5.12458179471926,4.14668048787342));
#4937=CARTESIAN_POINT('Ctrl Pts',(6.35,5.12458179471926,4.14668048787342));
#4938=CARTESIAN_POINT('Ctrl Pts',(6.25,5.12932851945094,4.16753365646215));
#4939=CARTESIAN_POINT('Ctrl Pts',(6.35,5.12932851945094,4.16753365646215));
#4940=CARTESIAN_POINT('',(6.25,5.08962410914098,4.03916290926503));
#4941=CARTESIAN_POINT('Ctrl Pts',(6.25,5.12932851945094,4.16753365646215));
#4942=CARTESIAN_POINT('Ctrl Pts',(6.25,5.12458179471926,4.14668048787342));
#4943=CARTESIAN_POINT('Ctrl Pts',(6.25,5.11461358018227,4.10288842702754));
#4944=CARTESIAN_POINT('Ctrl Pts',(6.25,5.09821428741843,4.06106867739827));
#4945=CARTESIAN_POINT('Ctrl Pts',(6.25,5.08962410914098,4.03916290926503));
#4946=CARTESIAN_POINT('',(6.35,5.08962410914098,4.03916290926503));
#4947=CARTESIAN_POINT('Ctrl Pts',(6.35,5.08962410914098,4.03916290926503));
#4948=CARTESIAN_POINT('Ctrl Pts',(6.35,5.09821428741843,4.06106867739827));
#4949=CARTESIAN_POINT('Ctrl Pts',(6.35,5.11461358018227,4.10288842702754));
#4950=CARTESIAN_POINT('Ctrl Pts',(6.35,5.12458179471926,4.14668048787342));
#4951=CARTESIAN_POINT('Ctrl Pts',(6.35,5.12932851945094,4.16753365646215));
#4952=CARTESIAN_POINT('',(6.25,5.08962410914098,4.03916290926503));
#4953=CARTESIAN_POINT('Ctrl Pts',(6.25,5.00648141831714,3.91210279289474));
#4954=CARTESIAN_POINT('Ctrl Pts',(6.35,5.00648141831714,3.91210279289474));
#4955=CARTESIAN_POINT('Ctrl Pts',(6.25,5.02358381027629,3.9318211851636));
#4956=CARTESIAN_POINT('Ctrl Pts',(6.35,5.02358381027629,3.9318211851636));
#4957=CARTESIAN_POINT('Ctrl Pts',(6.25,5.05706140825092,3.97041955261183));
#4958=CARTESIAN_POINT('Ctrl Pts',(6.35,5.05706140825092,3.97041955261183));
#4959=CARTESIAN_POINT('Ctrl Pts',(6.25,5.07892820253559,4.01658270239011));
#4960=CARTESIAN_POINT('Ctrl Pts',(6.35,5.07892820253559,4.01658270239011));
#4961=CARTESIAN_POINT('Ctrl Pts',(6.25,5.08962410914098,4.03916290926503));
#4962=CARTESIAN_POINT('Ctrl Pts',(6.35,5.08962410914098,4.03916290926503));
#4963=CARTESIAN_POINT('',(6.25,5.00648141831714,3.91210279289474));
#4964=CARTESIAN_POINT('Ctrl Pts',(6.25,5.08962410914098,4.03916290926503));
#4965=CARTESIAN_POINT('Ctrl Pts',(6.25,5.07892820253559,4.01658270239011));
#4966=CARTESIAN_POINT('Ctrl Pts',(6.25,5.05706140825092,3.97041955261183));
#4967=CARTESIAN_POINT('Ctrl Pts',(6.25,5.02358381027629,3.9318211851636));
#4968=CARTESIAN_POINT('Ctrl Pts',(6.25,5.00648141831714,3.91210279289474));
#4969=CARTESIAN_POINT('',(6.35,5.00648141831714,3.91210279289474));
#4970=CARTESIAN_POINT('Ctrl Pts',(6.35,5.00648141831714,3.91210279289474));
#4971=CARTESIAN_POINT('Ctrl Pts',(6.35,5.02358381027629,3.9318211851636));
#4972=CARTESIAN_POINT('Ctrl Pts',(6.35,5.05706140825092,3.97041955261183));
#4973=CARTESIAN_POINT('Ctrl Pts',(6.35,5.07892820253559,4.01658270239011));
#4974=CARTESIAN_POINT('Ctrl Pts',(6.35,5.08962410914098,4.03916290926503));
#4975=CARTESIAN_POINT('',(6.25,5.00648141831714,3.91210279289474));
#4976=CARTESIAN_POINT('Ctrl Pts',(6.25,4.86523096210208,3.816389051042));
#4977=CARTESIAN_POINT('Ctrl Pts',(6.35,4.86523096210208,3.816389051042));
#4978=CARTESIAN_POINT('Ctrl Pts',(6.25,4.89228500856093,3.82920543198564));
#4979=CARTESIAN_POINT('Ctrl Pts',(6.35,4.89228500856093,3.82920543198564));
#4980=CARTESIAN_POINT('Ctrl Pts',(6.25,4.94432594068531,3.85385891263158));
#4981=CARTESIAN_POINT('Ctrl Pts',(6.35,4.94432594068531,3.85385891263158));
#4982=CARTESIAN_POINT('Ctrl Pts',(6.25,4.98631893861002,3.89320918771925));
#4983=CARTESIAN_POINT('Ctrl Pts',(6.35,4.98631893861002,3.89320918771925));
#4984=CARTESIAN_POINT('Ctrl Pts',(6.25,5.00648141831714,3.91210279289474));
#4985=CARTESIAN_POINT('Ctrl Pts',(6.35,5.00648141831714,3.91210279289474));
#4986=CARTESIAN_POINT('',(6.25,4.86523096210208,3.816389051042));
#4987=CARTESIAN_POINT('Ctrl Pts',(6.25,5.00648141831714,3.91210279289474));
#4988=CARTESIAN_POINT('Ctrl Pts',(6.25,4.98631893861002,3.89320918771925));
#4989=CARTESIAN_POINT('Ctrl Pts',(6.25,4.94432594068531,3.85385891263158));
#4990=CARTESIAN_POINT('Ctrl Pts',(6.25,4.89228500856093,3.82920543198564));
#4991=CARTESIAN_POINT('Ctrl Pts',(6.25,4.86523096210208,3.816389051042));
#4992=CARTESIAN_POINT('',(6.35,4.86523096210208,3.816389051042));
#4993=CARTESIAN_POINT('Ctrl Pts',(6.35,4.86523096210208,3.816389051042));
#4994=CARTESIAN_POINT('Ctrl Pts',(6.35,4.89228500856093,3.82920543198564));
#4995=CARTESIAN_POINT('Ctrl Pts',(6.35,4.94432594068531,3.85385891263158));
#4996=CARTESIAN_POINT('Ctrl Pts',(6.35,4.98631893861002,3.89320918771925));
#4997=CARTESIAN_POINT('Ctrl Pts',(6.35,5.00648141831714,3.91210279289474));
#4998=CARTESIAN_POINT('',(6.25,4.86523096210208,3.816389051042));
#4999=CARTESIAN_POINT('Ctrl Pts',(6.25,4.655033761468,3.77949865325413));
#5000=CARTESIAN_POINT('Ctrl Pts',(6.35,4.655033761468,3.77949865325413));
#5001=CARTESIAN_POINT('Ctrl Pts',(6.25,4.69357721446877,3.78052306905192));
#5002=CARTESIAN_POINT('Ctrl Pts',(6.35,4.69357721446877,3.78052306905192));
#5003=CARTESIAN_POINT('Ctrl Pts',(6.25,4.7655426855322,3.78243578209948));
#5004=CARTESIAN_POINT('Ctrl Pts',(6.35,4.7655426855322,3.78243578209948));
#5005=CARTESIAN_POINT('Ctrl Pts',(6.25,4.83361636147175,3.80562129504655));
#5006=CARTESIAN_POINT('Ctrl Pts',(6.35,4.83361636147175,3.80562129504655));
#5007=CARTESIAN_POINT('Ctrl Pts',(6.25,4.86523096210208,3.816389051042));
#5008=CARTESIAN_POINT('Ctrl Pts',(6.35,4.86523096210208,3.816389051042));
#5009=CARTESIAN_POINT('',(6.25,4.655033761468,3.77949865325413));
#5010=CARTESIAN_POINT('Ctrl Pts',(6.25,4.86523096210208,3.816389051042));
#5011=CARTESIAN_POINT('Ctrl Pts',(6.25,4.83361636147175,3.80562129504655));
#5012=CARTESIAN_POINT('Ctrl Pts',(6.25,4.7655426855322,3.78243578209948));
#5013=CARTESIAN_POINT('Ctrl Pts',(6.25,4.69357721446877,3.78052306905192));
#5014=CARTESIAN_POINT('Ctrl Pts',(6.25,4.655033761468,3.77949865325413));
#5015=CARTESIAN_POINT('',(6.35,4.655033761468,3.77949865325413));
#5016=CARTESIAN_POINT('Ctrl Pts',(6.35,4.655033761468,3.77949865325413));
#5017=CARTESIAN_POINT('Ctrl Pts',(6.35,4.69357721446877,3.78052306905192));
#5018=CARTESIAN_POINT('Ctrl Pts',(6.35,4.7655426855322,3.78243578209948));
#5019=CARTESIAN_POINT('Ctrl Pts',(6.35,4.83361636147175,3.80562129504655));
#5020=CARTESIAN_POINT('Ctrl Pts',(6.35,4.86523096210208,3.816389051042));
#5021=CARTESIAN_POINT('',(6.25,4.655033761468,3.77949865325413));
#5022=CARTESIAN_POINT('Ctrl Pts',(6.25,4.41806846804104,3.82375756370568));
#5023=CARTESIAN_POINT('Ctrl Pts',(6.35,4.41806846804104,3.82375756370568));
#5024=CARTESIAN_POINT('Ctrl Pts',(6.25,4.4554557687174,3.81087537652547));
#5025=CARTESIAN_POINT('Ctrl Pts',(6.35,4.4554557687174,3.81087537652547));
#5026=CARTESIAN_POINT('Ctrl Pts',(6.25,4.53222811912396,3.78442265674335));
#5027=CARTESIAN_POINT('Ctrl Pts',(6.35,4.53222811912396,3.78442265674335));
#5028=CARTESIAN_POINT('Ctrl Pts',(6.25,4.61339451743211,3.78116821646807));
#5029=CARTESIAN_POINT('Ctrl Pts',(6.35,4.61339451743211,3.78116821646807));
#5030=CARTESIAN_POINT('Ctrl Pts',(6.25,4.655033761468,3.77949865325413));
#5031=CARTESIAN_POINT('Ctrl Pts',(6.35,4.655033761468,3.77949865325413));
#5032=CARTESIAN_POINT('',(6.25,4.41806846804104,3.82375756370568));
#5033=CARTESIAN_POINT('Ctrl Pts',(6.25,4.655033761468,3.77949865325413));
#5034=CARTESIAN_POINT('Ctrl Pts',(6.25,4.61339451743211,3.78116821646807));
#5035=CARTESIAN_POINT('Ctrl Pts',(6.25,4.53222811912396,3.78442265674335));
#5036=CARTESIAN_POINT('Ctrl Pts',(6.25,4.4554557687174,3.81087537652547));
#5037=CARTESIAN_POINT('Ctrl Pts',(6.25,4.41806846804104,3.82375756370568));
#5038=CARTESIAN_POINT('',(6.35,4.41806846804104,3.82375756370568));
#5039=CARTESIAN_POINT('Ctrl Pts',(6.35,4.41806846804104,3.82375756370568));
#5040=CARTESIAN_POINT('Ctrl Pts',(6.35,4.4554557687174,3.81087537652547));
#5041=CARTESIAN_POINT('Ctrl Pts',(6.35,4.53222811912396,3.78442265674335));
#5042=CARTESIAN_POINT('Ctrl Pts',(6.35,4.61339451743211,3.78116821646807));
#5043=CARTESIAN_POINT('Ctrl Pts',(6.35,4.655033761468,3.77949865325413));
#5044=CARTESIAN_POINT('',(6.25,4.41806846804104,3.82375756370568));
#5045=CARTESIAN_POINT('Ctrl Pts',(6.25,4.22715893175548,3.94847166509674));
#5046=CARTESIAN_POINT('Ctrl Pts',(6.35,4.22715893175548,3.94847166509674));
#5047=CARTESIAN_POINT('Ctrl Pts',(6.25,4.2558975109486,3.92312123196662));
#5048=CARTESIAN_POINT('Ctrl Pts',(6.35,4.2558975109486,3.92312123196662));
#5049=CARTESIAN_POINT('Ctrl Pts',(6.25,4.31349691281201,3.87231253417188));
#5050=CARTESIAN_POINT('Ctrl Pts',(6.35,4.31349691281201,3.87231253417188));
#5051=CARTESIAN_POINT('Ctrl Pts',(6.25,4.38316199945276,3.83996543732553));
#5052=CARTESIAN_POINT('Ctrl Pts',(6.35,4.38316199945276,3.83996543732553));
#5053=CARTESIAN_POINT('Ctrl Pts',(6.25,4.41806846804104,3.82375756370568));
#5054=CARTESIAN_POINT('Ctrl Pts',(6.35,4.41806846804104,3.82375756370568));
#5055=CARTESIAN_POINT('',(6.25,4.22715893175548,3.94847166509674));
#5056=CARTESIAN_POINT('Ctrl Pts',(6.25,4.41806846804104,3.82375756370568));
#5057=CARTESIAN_POINT('Ctrl Pts',(6.25,4.38316199945276,3.83996543732553));
#5058=CARTESIAN_POINT('Ctrl Pts',(6.25,4.31349691281201,3.87231253417188));
#5059=CARTESIAN_POINT('Ctrl Pts',(6.25,4.2558975109486,3.92312123196662));
#5060=CARTESIAN_POINT('Ctrl Pts',(6.25,4.22715893175548,3.94847166509674));
#5061=CARTESIAN_POINT('',(6.35,4.22715893175548,3.94847166509674));
#5062=CARTESIAN_POINT('Ctrl Pts',(6.35,4.22715893175548,3.94847166509674));
#5063=CARTESIAN_POINT('Ctrl Pts',(6.35,4.2558975109486,3.92312123196662));
#5064=CARTESIAN_POINT('Ctrl Pts',(6.35,4.31349691281201,3.87231253417188));
#5065=CARTESIAN_POINT('Ctrl Pts',(6.35,4.38316199945276,3.83996543732553));
#5066=CARTESIAN_POINT('Ctrl Pts',(6.35,4.41806846804104,3.82375756370568));
#5067=CARTESIAN_POINT('',(6.25,4.22715893175548,3.94847166509674));
#5068=CARTESIAN_POINT('Ctrl Pts',(6.25,4.09571706919082,4.1491589315178));
#5069=CARTESIAN_POINT('Ctrl Pts',(6.35,4.09571706919082,4.1491589315178));
#5070=CARTESIAN_POINT('Ctrl Pts',(6.25,4.11217678094032,4.11157035489463));
#5071=CARTESIAN_POINT('Ctrl Pts',(6.35,4.11217678094032,4.11157035489463));
#5072=CARTESIAN_POINT('Ctrl Pts',(6.25,4.14471353994861,4.03726708168632));
#5073=CARTESIAN_POINT('Ctrl Pts',(6.35,4.14471353994861,4.03726708168632));
#5074=CARTESIAN_POINT('Ctrl Pts',(6.25,4.1998934579708,3.97783715236248));
#5075=CARTESIAN_POINT('Ctrl Pts',(6.35,4.1998934579708,3.97783715236248));
#5076=CARTESIAN_POINT('Ctrl Pts',(6.25,4.22715893175548,3.94847166509674));
#5077=CARTESIAN_POINT('Ctrl Pts',(6.35,4.22715893175548,3.94847166509674));
#5078=CARTESIAN_POINT('',(6.25,4.09571706919082,4.1491589315178));
#5079=CARTESIAN_POINT('Ctrl Pts',(6.25,4.22715893175548,3.94847166509674));
#5080=CARTESIAN_POINT('Ctrl Pts',(6.25,4.1998934579708,3.97783715236248));
#5081=CARTESIAN_POINT('Ctrl Pts',(6.25,4.14471353994861,4.03726708168632));
#5082=CARTESIAN_POINT('Ctrl Pts',(6.25,4.11217678094032,4.11157035489463));
#5083=CARTESIAN_POINT('Ctrl Pts',(6.25,4.09571706919082,4.1491589315178));
#5084=CARTESIAN_POINT('',(6.35,4.09571706919082,4.1491589315178));
#5085=CARTESIAN_POINT('Ctrl Pts',(6.35,4.09571706919082,4.1491589315178));
#5086=CARTESIAN_POINT('Ctrl Pts',(6.35,4.11217678094032,4.11157035489463));
#5087=CARTESIAN_POINT('Ctrl Pts',(6.35,4.14471353994861,4.03726708168632));
#5088=CARTESIAN_POINT('Ctrl Pts',(6.35,4.1998934579708,3.97783715236248));
#5089=CARTESIAN_POINT('Ctrl Pts',(6.35,4.22715893175548,3.94847166509674));
#5090=CARTESIAN_POINT('',(6.25,4.09571706919082,4.1491589315178));
#5091=CARTESIAN_POINT('Ctrl Pts',(6.25,4.05120423368129,4.41621633898932));
#5092=CARTESIAN_POINT('Ctrl Pts',(6.35,4.05120423368129,4.41621633898932));
#5093=CARTESIAN_POINT('Ctrl Pts',(6.25,4.05267910368464,4.36866940058563));
#5094=CARTESIAN_POINT('Ctrl Pts',(6.35,4.05267910368464,4.36866940058563));
#5095=CARTESIAN_POINT('Ctrl Pts',(6.25,4.05550406494116,4.27759814783047));
#5096=CARTESIAN_POINT('Ctrl Pts',(6.35,4.05550406494116,4.27759814783047));
#5097=CARTESIAN_POINT('Ctrl Pts',(6.25,4.08271334644122,4.19069246004345));
#5098=CARTESIAN_POINT('Ctrl Pts',(6.35,4.08271334644122,4.19069246004345));
#5099=CARTESIAN_POINT('Ctrl Pts',(6.25,4.09571706919082,4.1491589315178));
#5100=CARTESIAN_POINT('Ctrl Pts',(6.35,4.09571706919082,4.1491589315178));
#5101=CARTESIAN_POINT('',(6.25,4.05120423368129,4.41621633898932));
#5102=CARTESIAN_POINT('Ctrl Pts',(6.25,4.09571706919082,4.1491589315178));
#5103=CARTESIAN_POINT('Ctrl Pts',(6.25,4.08271334644122,4.19069246004345));
#5104=CARTESIAN_POINT('Ctrl Pts',(6.25,4.05550406494116,4.27759814783047));
#5105=CARTESIAN_POINT('Ctrl Pts',(6.25,4.05267910368464,4.36866940058563));
#5106=CARTESIAN_POINT('Ctrl Pts',(6.25,4.05120423368129,4.41621633898932));
#5107=CARTESIAN_POINT('',(6.35,4.05120423368129,4.41621633898932));
#5108=CARTESIAN_POINT('Ctrl Pts',(6.35,4.05120423368129,4.41621633898932));
#5109=CARTESIAN_POINT('Ctrl Pts',(6.35,4.05267910368464,4.36866940058563));
#5110=CARTESIAN_POINT('Ctrl Pts',(6.35,4.05550406494116,4.27759814783047));
#5111=CARTESIAN_POINT('Ctrl Pts',(6.35,4.08271334644122,4.19069246004345));
#5112=CARTESIAN_POINT('Ctrl Pts',(6.35,4.09571706919082,4.1491589315178));
#5113=CARTESIAN_POINT('',(6.25,4.05120423368129,4.41621633898932));
#5114=CARTESIAN_POINT('Ctrl Pts',(6.25,4.08591672865247,4.69982218235588));
#5115=CARTESIAN_POINT('Ctrl Pts',(6.35,4.08591672865247,4.69982218235588));
#5116=CARTESIAN_POINT('Ctrl Pts',(6.25,4.07581971421784,4.65294529781046));
#5117=CARTESIAN_POINT('Ctrl Pts',(6.35,4.07581971421784,4.65294529781046));
#5118=CARTESIAN_POINT('Ctrl Pts',(6.25,4.0556828618342,4.55945697901999));
#5119=CARTESIAN_POINT('Ctrl Pts',(6.35,4.0556828618342,4.55945697901999));
#5120=CARTESIAN_POINT('Ctrl Pts',(6.25,4.05269428114486,4.46387275186192));
#5121=CARTESIAN_POINT('Ctrl Pts',(6.35,4.05269428114486,4.46387275186192));
#5122=CARTESIAN_POINT('Ctrl Pts',(6.25,4.05120423368129,4.41621633898932));
#5123=CARTESIAN_POINT('Ctrl Pts',(6.35,4.05120423368129,4.41621633898932));
#5124=CARTESIAN_POINT('',(6.25,4.08591672865247,4.69982218235588));
#5125=CARTESIAN_POINT('Ctrl Pts',(6.25,4.05120423368129,4.41621633898932));
#5126=CARTESIAN_POINT('Ctrl Pts',(6.25,4.05269428114486,4.46387275186192));
#5127=CARTESIAN_POINT('Ctrl Pts',(6.25,4.0556828618342,4.55945697901999));
#5128=CARTESIAN_POINT('Ctrl Pts',(6.25,4.07581971421784,4.65294529781046));
#5129=CARTESIAN_POINT('Ctrl Pts',(6.25,4.08591672865247,4.69982218235588));
#5130=CARTESIAN_POINT('',(6.35,4.08591672865247,4.69982218235588));
#5131=CARTESIAN_POINT('Ctrl Pts',(6.35,4.08591672865247,4.69982218235588));
#5132=CARTESIAN_POINT('Ctrl Pts',(6.35,4.07581971421784,4.65294529781046));
#5133=CARTESIAN_POINT('Ctrl Pts',(6.35,4.0556828618342,4.55945697901999));
#5134=CARTESIAN_POINT('Ctrl Pts',(6.35,4.05269428114486,4.46387275186192));
#5135=CARTESIAN_POINT('Ctrl Pts',(6.35,4.05120423368129,4.41621633898932));
#5136=CARTESIAN_POINT('',(6.25,4.08591672865247,4.69982218235588));
#5137=CARTESIAN_POINT('Ctrl Pts',(6.25,4.16914274920071,4.93611898416688));
#5138=CARTESIAN_POINT('Ctrl Pts',(6.35,4.16914274920071,4.93611898416688));
#5139=CARTESIAN_POINT('Ctrl Pts',(6.25,4.15315451065297,4.90080222405548));
#5140=CARTESIAN_POINT('Ctrl Pts',(6.35,4.15315451065297,4.90080222405548));
#5141=CARTESIAN_POINT('Ctrl Pts',(6.25,4.11859777747617,4.82446912130654));
#5142=CARTESIAN_POINT('Ctrl Pts',(6.35,4.11859777747617,4.82446912130654));
#5143=CARTESIAN_POINT('Ctrl Pts',(6.25,4.0973395103443,4.7433891676099));
#5144=CARTESIAN_POINT('Ctrl Pts',(6.35,4.0973395103443,4.7433891676099));
#5145=CARTESIAN_POINT('Ctrl Pts',(6.25,4.08591672865247,4.69982218235588));
#5146=CARTESIAN_POINT('Ctrl Pts',(6.35,4.08591672865247,4.69982218235588));
#5147=CARTESIAN_POINT('',(6.25,4.16914274920071,4.93611898416688));
#5148=CARTESIAN_POINT('Ctrl Pts',(6.25,4.08591672865247,4.69982218235588));
#5149=CARTESIAN_POINT('Ctrl Pts',(6.25,4.0973395103443,4.7433891676099));
#5150=CARTESIAN_POINT('Ctrl Pts',(6.25,4.11859777747617,4.82446912130654));
#5151=CARTESIAN_POINT('Ctrl Pts',(6.25,4.15315451065297,4.90080222405548));
#5152=CARTESIAN_POINT('Ctrl Pts',(6.25,4.16914274920071,4.93611898416688));
#5153=CARTESIAN_POINT('',(6.35,4.16914274920071,4.93611898416688));
#5154=CARTESIAN_POINT('Ctrl Pts',(6.35,4.16914274920071,4.93611898416688));
#5155=CARTESIAN_POINT('Ctrl Pts',(6.35,4.15315451065297,4.90080222405548));
#5156=CARTESIAN_POINT('Ctrl Pts',(6.35,4.11859777747617,4.82446912130654));
#5157=CARTESIAN_POINT('Ctrl Pts',(6.35,4.0973395103443,4.7433891676099));
#5158=CARTESIAN_POINT('Ctrl Pts',(6.35,4.08591672865247,4.69982218235588));
#5159=CARTESIAN_POINT('',(6.25,4.16914274920071,4.93611898416688));
#5160=CARTESIAN_POINT('Origin',(6.25,4.43872112741836,4.93591304576691));
#5161=CARTESIAN_POINT('',(6.25,4.43872112741836,4.93591304576691));
#5162=CARTESIAN_POINT('',(6.25,4.58776420550894,4.9357991876258));
#5163=CARTESIAN_POINT('',(6.35,4.43872112741836,4.93591304576691));
#5164=CARTESIAN_POINT('',(6.35,4.16914274920071,4.93611898416688));
#5165=CARTESIAN_POINT('',(6.25,4.43872112741836,4.93591304576691));
#5166=CARTESIAN_POINT('Origin',(6.25,4.43870746332299,4.91802641234475));
#5167=CARTESIAN_POINT('',(6.25,4.43870746332299,4.91802641234475));
#5168=CARTESIAN_POINT('',(6.25,4.43877100379496,5.00120243675775));
#5169=CARTESIAN_POINT('',(6.35,4.43870746332299,4.91802641234475));
#5170=CARTESIAN_POINT('',(6.35,4.43872112741836,4.93591304576691));
#5171=CARTESIAN_POINT('',(6.25,4.43870746332299,4.91802641234475));
#5172=CARTESIAN_POINT('Ctrl Pts',(6.25,4.32611173926939,4.70219406180183));
#5173=CARTESIAN_POINT('Ctrl Pts',(6.35,4.32611173926939,4.70219406180183));
#5174=CARTESIAN_POINT('Ctrl Pts',(6.25,4.34312306716154,4.74344961455602));
#5175=CARTESIAN_POINT('Ctrl Pts',(6.35,4.34312306716154,4.74344961455602));
#5176=CARTESIAN_POINT('Ctrl Pts',(6.25,4.37419756376604,4.81881089981872));
#5177=CARTESIAN_POINT('Ctrl Pts',(6.35,4.37419756376604,4.81881089981872));
#5178=CARTESIAN_POINT('Ctrl Pts',(6.25,4.41860864796074,4.88711465645879));
#5179=CARTESIAN_POINT('Ctrl Pts',(6.35,4.41860864796074,4.88711465645879));
#5180=CARTESIAN_POINT('Ctrl Pts',(6.25,4.43870746332299,4.91802641234475));
#5181=CARTESIAN_POINT('Ctrl Pts',(6.35,4.43870746332299,4.91802641234475));
#5182=CARTESIAN_POINT('',(6.25,4.32611173926939,4.70219406180183));
#5183=CARTESIAN_POINT('Ctrl Pts',(6.25,4.43870746332299,4.91802641234475));
#5184=CARTESIAN_POINT('Ctrl Pts',(6.25,4.41860864796074,4.88711465645879));
#5185=CARTESIAN_POINT('Ctrl Pts',(6.25,4.37419756376604,4.81881089981872));
#5186=CARTESIAN_POINT('Ctrl Pts',(6.25,4.34312306716154,4.74344961455602));
#5187=CARTESIAN_POINT('Ctrl Pts',(6.25,4.32611173926939,4.70219406180183));
#5188=CARTESIAN_POINT('',(6.35,4.32611173926939,4.70219406180183));
#5189=CARTESIAN_POINT('Ctrl Pts',(6.35,4.32611173926939,4.70219406180183));
#5190=CARTESIAN_POINT('Ctrl Pts',(6.35,4.34312306716154,4.74344961455602));
#5191=CARTESIAN_POINT('Ctrl Pts',(6.35,4.37419756376604,4.81881089981872));
#5192=CARTESIAN_POINT('Ctrl Pts',(6.35,4.41860864796074,4.88711465645879));
#5193=CARTESIAN_POINT('Ctrl Pts',(6.35,4.43870746332299,4.91802641234475));
#5194=CARTESIAN_POINT('',(6.25,4.32611173926939,4.70219406180183));
#5195=CARTESIAN_POINT('Ctrl Pts',(6.25,4.27224468612556,4.43137899125982));
#5196=CARTESIAN_POINT('Ctrl Pts',(6.35,4.27224468612556,4.43137899125982));
#5197=CARTESIAN_POINT('Ctrl Pts',(6.25,4.27467810489106,4.4769266569168));
#5198=CARTESIAN_POINT('Ctrl Pts',(6.35,4.27467810489106,4.4769266569168));
#5199=CARTESIAN_POINT('Ctrl Pts',(6.25,4.27963775708538,4.56975925240943));
#5200=CARTESIAN_POINT('Ctrl Pts',(6.35,4.27963775708538,4.56975925240943));
#5201=CARTESIAN_POINT('Ctrl Pts',(6.25,4.31042834076799,4.6575017889741));
#5202=CARTESIAN_POINT('Ctrl Pts',(6.35,4.31042834076799,4.6575017889741));
#5203=CARTESIAN_POINT('Ctrl Pts',(6.25,4.32611173926939,4.70219406180183));
#5204=CARTESIAN_POINT('Ctrl Pts',(6.35,4.32611173926939,4.70219406180183));
#5205=CARTESIAN_POINT('',(6.25,4.27224468612556,4.43137899125982));
#5206=CARTESIAN_POINT('Ctrl Pts',(6.25,4.32611173926939,4.70219406180183));
#5207=CARTESIAN_POINT('Ctrl Pts',(6.25,4.31042834076799,4.6575017889741));
#5208=CARTESIAN_POINT('Ctrl Pts',(6.25,4.27963775708538,4.56975925240943));
#5209=CARTESIAN_POINT('Ctrl Pts',(6.25,4.27467810489106,4.4769266569168));
#5210=CARTESIAN_POINT('Ctrl Pts',(6.25,4.27224468612556,4.43137899125982));
#5211=CARTESIAN_POINT('',(6.35,4.27224468612556,4.43137899125982));
#5212=CARTESIAN_POINT('Ctrl Pts',(6.35,4.27224468612556,4.43137899125982));
#5213=CARTESIAN_POINT('Ctrl Pts',(6.35,4.27467810489106,4.4769266569168));
#5214=CARTESIAN_POINT('Ctrl Pts',(6.35,4.27963775708538,4.56975925240943));
#5215=CARTESIAN_POINT('Ctrl Pts',(6.35,4.31042834076799,4.6575017889741));
#5216=CARTESIAN_POINT('Ctrl Pts',(6.35,4.32611173926939,4.70219406180183));
#5217=CARTESIAN_POINT('',(6.25,4.27224468612556,4.43137899125982));
#5218=CARTESIAN_POINT('Ctrl Pts',(6.25,4.29703866680729,4.27485108220523));
#5219=CARTESIAN_POINT('Ctrl Pts',(6.35,4.29703866680729,4.27485108220523));
#5220=CARTESIAN_POINT('Ctrl Pts',(6.25,4.28979239747417,4.30083068699746));
#5221=CARTESIAN_POINT('Ctrl Pts',(6.35,4.28979239747417,4.30083068699746));
#5222=CARTESIAN_POINT('Ctrl Pts',(6.25,4.27550365121175,4.35205925218165));
#5223=CARTESIAN_POINT('Ctrl Pts',(6.35,4.27550365121175,4.35205925218165));
#5224=CARTESIAN_POINT('Ctrl Pts',(6.25,4.27332062941426,4.40519167759874));
#5225=CARTESIAN_POINT('Ctrl Pts',(6.35,4.27332062941426,4.40519167759874));
#5226=CARTESIAN_POINT('Ctrl Pts',(6.25,4.27224468612556,4.43137899125982));
#5227=CARTESIAN_POINT('Ctrl Pts',(6.35,4.27224468612556,4.43137899125982));
#5228=CARTESIAN_POINT('',(6.25,4.29703866680729,4.27485108220523));
#5229=CARTESIAN_POINT('Ctrl Pts',(6.25,4.27224468612556,4.43137899125982));
#5230=CARTESIAN_POINT('Ctrl Pts',(6.25,4.27332062941426,4.40519167759874));
#5231=CARTESIAN_POINT('Ctrl Pts',(6.25,4.27550365121175,4.35205925218165));
#5232=CARTESIAN_POINT('Ctrl Pts',(6.25,4.28979239747417,4.30083068699746));
#5233=CARTESIAN_POINT('Ctrl Pts',(6.25,4.29703866680729,4.27485108220523));
#5234=CARTESIAN_POINT('',(6.35,4.29703866680729,4.27485108220523));
#5235=CARTESIAN_POINT('Ctrl Pts',(6.35,4.29703866680729,4.27485108220523));
#5236=CARTESIAN_POINT('Ctrl Pts',(6.35,4.28979239747417,4.30083068699746));
#5237=CARTESIAN_POINT('Ctrl Pts',(6.35,4.27550365121175,4.35205925218165));
#5238=CARTESIAN_POINT('Ctrl Pts',(6.35,4.27332062941426,4.40519167759874));
#5239=CARTESIAN_POINT('Ctrl Pts',(6.35,4.27224468612556,4.43137899125982));
#5240=CARTESIAN_POINT('',(6.25,4.29703866680729,4.27485108220523));
#5241=CARTESIAN_POINT('Ctrl Pts',(6.25,4.37806767602553,4.1438327323239));
#5242=CARTESIAN_POINT('Ctrl Pts',(6.35,4.37806767602553,4.1438327323239));
#5243=CARTESIAN_POINT('Ctrl Pts',(6.25,4.3605748939908,4.16263177720957));
#5244=CARTESIAN_POINT('Ctrl Pts',(6.35,4.3605748939908,4.16263177720957));
#5245=CARTESIAN_POINT('Ctrl Pts',(6.25,4.32493194476241,4.20093634197644));
#5246=CARTESIAN_POINT('Ctrl Pts',(6.35,4.32493194476241,4.20093634197644));
#5247=CARTESIAN_POINT('Ctrl Pts',(6.25,4.3064500504961,4.24991174084597));
#5248=CARTESIAN_POINT('Ctrl Pts',(6.35,4.3064500504961,4.24991174084597));
#5249=CARTESIAN_POINT('Ctrl Pts',(6.25,4.29703866680729,4.27485108220523));
#5250=CARTESIAN_POINT('Ctrl Pts',(6.35,4.29703866680729,4.27485108220523));
#5251=CARTESIAN_POINT('',(6.25,4.37806767602553,4.1438327323239));
#5252=CARTESIAN_POINT('Ctrl Pts',(6.25,4.29703866680729,4.27485108220523));
#5253=CARTESIAN_POINT('Ctrl Pts',(6.25,4.3064500504961,4.24991174084597));
#5254=CARTESIAN_POINT('Ctrl Pts',(6.25,4.32493194476241,4.20093634197644));
#5255=CARTESIAN_POINT('Ctrl Pts',(6.25,4.3605748939908,4.16263177720957));
#5256=CARTESIAN_POINT('Ctrl Pts',(6.25,4.37806767602553,4.1438327323239));
#5257=CARTESIAN_POINT('',(6.35,4.37806767602553,4.1438327323239));
#5258=CARTESIAN_POINT('Ctrl Pts',(6.35,4.37806767602553,4.1438327323239));
#5259=CARTESIAN_POINT('Ctrl Pts',(6.35,4.3605748939908,4.16263177720957));
#5260=CARTESIAN_POINT('Ctrl Pts',(6.35,4.32493194476241,4.20093634197644));
#5261=CARTESIAN_POINT('Ctrl Pts',(6.35,4.3064500504961,4.24991174084597));
#5262=CARTESIAN_POINT('Ctrl Pts',(6.35,4.29703866680729,4.27485108220523));
#5263=CARTESIAN_POINT('',(6.25,4.37806767602553,4.1438327323239));
#5264=CARTESIAN_POINT('Ctrl Pts',(6.25,4.50193760376794,4.0658031015172));
#5265=CARTESIAN_POINT('Ctrl Pts',(6.35,4.50193760376794,4.0658031015172));
#5266=CARTESIAN_POINT('Ctrl Pts',(6.25,4.4797541369132,4.07586518496981));
#5267=CARTESIAN_POINT('Ctrl Pts',(6.35,4.4797541369132,4.07586518496981));
#5268=CARTESIAN_POINT('Ctrl Pts',(6.25,4.43490276403026,4.09620908612229));
#5269=CARTESIAN_POINT('Ctrl Pts',(6.35,4.43490276403026,4.09620908612229));
#5270=CARTESIAN_POINT('Ctrl Pts',(6.25,4.39714863267631,4.12784428644255));
#5271=CARTESIAN_POINT('Ctrl Pts',(6.35,4.39714863267631,4.12784428644255));
#5272=CARTESIAN_POINT('Ctrl Pts',(6.25,4.37806767602553,4.1438327323239));
#5273=CARTESIAN_POINT('Ctrl Pts',(6.35,4.37806767602553,4.1438327323239));
#5274=CARTESIAN_POINT('',(6.25,4.50193760376794,4.0658031015172));
#5275=CARTESIAN_POINT('Ctrl Pts',(6.25,4.37806767602553,4.1438327323239));
#5276=CARTESIAN_POINT('Ctrl Pts',(6.25,4.39714863267631,4.12784428644255));
#5277=CARTESIAN_POINT('Ctrl Pts',(6.25,4.43490276403026,4.09620908612229));
#5278=CARTESIAN_POINT('Ctrl Pts',(6.25,4.4797541369132,4.07586518496981));
#5279=CARTESIAN_POINT('Ctrl Pts',(6.25,4.50193760376794,4.0658031015172));
#5280=CARTESIAN_POINT('',(6.35,4.50193760376794,4.0658031015172));
#5281=CARTESIAN_POINT('Ctrl Pts',(6.35,4.50193760376794,4.0658031015172));
#5282=CARTESIAN_POINT('Ctrl Pts',(6.35,4.4797541369132,4.07586518496981));
#5283=CARTESIAN_POINT('Ctrl Pts',(6.35,4.43490276403026,4.09620908612229));
#5284=CARTESIAN_POINT('Ctrl Pts',(6.35,4.39714863267631,4.12784428644255));
#5285=CARTESIAN_POINT('Ctrl Pts',(6.35,4.37806767602553,4.1438327323239));
#5286=CARTESIAN_POINT('',(6.25,4.50193760376794,4.0658031015172));
#5287=CARTESIAN_POINT('Ctrl Pts',(6.25,4.6731185251836,4.03884236587275));
#5288=CARTESIAN_POINT('Ctrl Pts',(6.35,4.6731185251836,4.03884236587275));
#5289=CARTESIAN_POINT('Ctrl Pts',(6.25,4.64134396643087,4.03952694077309));
#5290=CARTESIAN_POINT('Ctrl Pts',(6.35,4.64134396643087,4.03952694077309));
#5291=CARTESIAN_POINT('Ctrl Pts',(6.25,4.58300024628872,4.04078394159292));
#5292=CARTESIAN_POINT('Ctrl Pts',(6.35,4.58300024628872,4.04078394159292));
#5293=CARTESIAN_POINT('Ctrl Pts',(6.25,4.52730202896397,4.0579746297251));
#5294=CARTESIAN_POINT('Ctrl Pts',(6.35,4.52730202896397,4.0579746297251));
#5295=CARTESIAN_POINT('Ctrl Pts',(6.25,4.50193760376794,4.0658031015172));
#5296=CARTESIAN_POINT('Ctrl Pts',(6.35,4.50193760376794,4.0658031015172));
#5297=CARTESIAN_POINT('',(6.25,4.6731185251836,4.03884236587275));
#5298=CARTESIAN_POINT('Ctrl Pts',(6.25,4.50193760376794,4.0658031015172));
#5299=CARTESIAN_POINT('Ctrl Pts',(6.25,4.52730202896397,4.0579746297251));
#5300=CARTESIAN_POINT('Ctrl Pts',(6.25,4.58300024628872,4.04078394159292));
#5301=CARTESIAN_POINT('Ctrl Pts',(6.25,4.64134396643087,4.03952694077309));
#5302=CARTESIAN_POINT('Ctrl Pts',(6.25,4.6731185251836,4.03884236587275));
#5303=CARTESIAN_POINT('',(6.35,4.6731185251836,4.03884236587275));
#5304=CARTESIAN_POINT('Ctrl Pts',(6.35,4.6731185251836,4.03884236587275));
#5305=CARTESIAN_POINT('Ctrl Pts',(6.35,4.64134396643087,4.03952694077309));
#5306=CARTESIAN_POINT('Ctrl Pts',(6.35,4.58300024628872,4.04078394159292));
#5307=CARTESIAN_POINT('Ctrl Pts',(6.35,4.52730202896397,4.0579746297251));
#5308=CARTESIAN_POINT('Ctrl Pts',(6.35,4.50193760376794,4.0658031015172));
#5309=CARTESIAN_POINT('',(6.25,4.6731185251836,4.03884236587275));
#5310=CARTESIAN_POINT('Ctrl Pts',(6.25,4.84306543256734,4.06873659914372));
#5311=CARTESIAN_POINT('Ctrl Pts',(6.35,4.84306543256734,4.06873659914372));
#5312=CARTESIAN_POINT('Ctrl Pts',(6.25,4.8180554425528,4.06001706562396));
#5313=CARTESIAN_POINT('Ctrl Pts',(6.35,4.8180554425528,4.06001706562396));
#5314=CARTESIAN_POINT('Ctrl Pts',(6.25,4.76311260164658,4.04086168240811));
#5315=CARTESIAN_POINT('Ctrl Pts',(6.35,4.76311260164658,4.04086168240811));
#5316=CARTESIAN_POINT('Ctrl Pts',(6.25,4.70485646115607,4.03955451206533));
#5317=CARTESIAN_POINT('Ctrl Pts',(6.35,4.70485646115607,4.03955451206533));
#5318=CARTESIAN_POINT('Ctrl Pts',(6.25,4.6731185251836,4.03884236587275));
#5319=CARTESIAN_POINT('Ctrl Pts',(6.35,4.6731185251836,4.03884236587275));
#5320=CARTESIAN_POINT('',(6.25,4.84306543256734,4.06873659914372));
#5321=CARTESIAN_POINT('Ctrl Pts',(6.25,4.6731185251836,4.03884236587275));
#5322=CARTESIAN_POINT('Ctrl Pts',(6.25,4.70485646115607,4.03955451206533));
#5323=CARTESIAN_POINT('Ctrl Pts',(6.25,4.76311260164658,4.04086168240811));
#5324=CARTESIAN_POINT('Ctrl Pts',(6.25,4.8180554425528,4.06001706562396));
#5325=CARTESIAN_POINT('Ctrl Pts',(6.25,4.84306543256734,4.06873659914372));
#5326=CARTESIAN_POINT('',(6.35,4.84306543256734,4.06873659914372));
#5327=CARTESIAN_POINT('Ctrl Pts',(6.35,4.84306543256734,4.06873659914372));
#5328=CARTESIAN_POINT('Ctrl Pts',(6.35,4.8180554425528,4.06001706562396));
#5329=CARTESIAN_POINT('Ctrl Pts',(6.35,4.76311260164658,4.04086168240811));
#5330=CARTESIAN_POINT('Ctrl Pts',(6.35,4.70485646115607,4.03955451206533));
#5331=CARTESIAN_POINT('Ctrl Pts',(6.35,4.6731185251836,4.03884236587275));
#5332=CARTESIAN_POINT('',(6.25,4.84306543256734,4.06873659914372));
#5333=CARTESIAN_POINT('Ctrl Pts',(6.25,4.94789426920165,4.15234098633396));
#5334=CARTESIAN_POINT('Ctrl Pts',(6.35,4.94789426920165,4.15234098633396));
#5335=CARTESIAN_POINT('Ctrl Pts',(6.25,4.93365495689675,4.13532584766053));
#5336=CARTESIAN_POINT('Ctrl Pts',(6.35,4.93365495689675,4.13532584766053));
#5337=CARTESIAN_POINT('Ctrl Pts',(6.25,4.90440390263808,4.10037256242471));
#5338=CARTESIAN_POINT('Ctrl Pts',(6.35,4.90440390263808,4.10037256242471));
#5339=CARTESIAN_POINT('Ctrl Pts',(6.25,4.86386839494959,4.07946594653863));
#5340=CARTESIAN_POINT('Ctrl Pts',(6.35,4.86386839494959,4.07946594653863));
#5341=CARTESIAN_POINT('Ctrl Pts',(6.25,4.84306543256734,4.06873659914372));
#5342=CARTESIAN_POINT('Ctrl Pts',(6.35,4.84306543256734,4.06873659914372));
#5343=CARTESIAN_POINT('',(6.25,4.94789426920165,4.15234098633396));
#5344=CARTESIAN_POINT('Ctrl Pts',(6.25,4.84306543256734,4.06873659914372));
#5345=CARTESIAN_POINT('Ctrl Pts',(6.25,4.86386839494959,4.07946594653863));
#5346=CARTESIAN_POINT('Ctrl Pts',(6.25,4.90440390263808,4.10037256242471));
#5347=CARTESIAN_POINT('Ctrl Pts',(6.25,4.93365495689675,4.13532584766053));
#5348=CARTESIAN_POINT('Ctrl Pts',(6.25,4.94789426920165,4.15234098633396));
#5349=CARTESIAN_POINT('',(6.35,4.94789426920165,4.15234098633396));
#5350=CARTESIAN_POINT('Ctrl Pts',(6.35,4.94789426920165,4.15234098633396));
#5351=CARTESIAN_POINT('Ctrl Pts',(6.35,4.93365495689675,4.13532584766053));
#5352=CARTESIAN_POINT('Ctrl Pts',(6.35,4.90440390263808,4.10037256242471));
#5353=CARTESIAN_POINT('Ctrl Pts',(6.35,4.86386839494959,4.07946594653863));
#5354=CARTESIAN_POINT('Ctrl Pts',(6.35,4.84306543256734,4.06873659914372));
#5355=CARTESIAN_POINT('',(6.25,4.94789426920165,4.15234098633396));
#5356=CARTESIAN_POINT('Ctrl Pts',(6.25,5.00101279772864,4.27942380057591));
#5357=CARTESIAN_POINT('Ctrl Pts',(6.35,5.00101279772864,4.27942380057591));
#5358=CARTESIAN_POINT('Ctrl Pts',(6.25,4.99533510744173,4.25608206156628));
#5359=CARTESIAN_POINT('Ctrl Pts',(6.35,4.99533510744173,4.25608206156628));
#5360=CARTESIAN_POINT('Ctrl Pts',(6.25,4.98434186824865,4.2108873948711));
#5361=CARTESIAN_POINT('Ctrl Pts',(6.35,4.98434186824865,4.2108873948711));
#5362=CARTESIAN_POINT('Ctrl Pts',(6.25,4.95977369237324,4.17142310917263));
#5363=CARTESIAN_POINT('Ctrl Pts',(6.35,4.95977369237324,4.17142310917263));
#5364=CARTESIAN_POINT('Ctrl Pts',(6.25,4.94789426920165,4.15234098633396));
#5365=CARTESIAN_POINT('Ctrl Pts',(6.35,4.94789426920165,4.15234098633396));
#5366=CARTESIAN_POINT('',(6.25,5.00101279772864,4.27942380057591));
#5367=CARTESIAN_POINT('Ctrl Pts',(6.25,4.94789426920165,4.15234098633396));
#5368=CARTESIAN_POINT('Ctrl Pts',(6.25,4.95977369237324,4.17142310917263));
#5369=CARTESIAN_POINT('Ctrl Pts',(6.25,4.98434186824865,4.2108873948711));
#5370=CARTESIAN_POINT('Ctrl Pts',(6.25,4.99533510744173,4.25608206156628));
#5371=CARTESIAN_POINT('Ctrl Pts',(6.25,5.00101279772864,4.27942380057591));
#5372=CARTESIAN_POINT('',(6.35,5.00101279772864,4.27942380057591));
#5373=CARTESIAN_POINT('Ctrl Pts',(6.35,5.00101279772864,4.27942380057591));
#5374=CARTESIAN_POINT('Ctrl Pts',(6.35,4.99533510744173,4.25608206156628));
#5375=CARTESIAN_POINT('Ctrl Pts',(6.35,4.98434186824865,4.2108873948711));
#5376=CARTESIAN_POINT('Ctrl Pts',(6.35,4.95977369237324,4.17142310917263));
#5377=CARTESIAN_POINT('Ctrl Pts',(6.35,4.94789426920165,4.15234098633396));
#5378=CARTESIAN_POINT('',(6.25,5.00101279772864,4.27942380057591));
#5379=CARTESIAN_POINT('Ctrl Pts',(6.25,5.01582697099531,4.43847658452095));
#5380=CARTESIAN_POINT('Ctrl Pts',(6.35,5.01582697099531,4.43847658452095));
#5381=CARTESIAN_POINT('Ctrl Pts',(6.25,5.01528009197122,4.41088921664793));
#5382=CARTESIAN_POINT('Ctrl Pts',(6.35,5.01528009197122,4.41088921664793));
#5383=CARTESIAN_POINT('Ctrl Pts',(6.25,5.01422180428581,4.35750378695214));
#5384=CARTESIAN_POINT('Ctrl Pts',(6.35,5.01422180428581,4.35750378695214));
#5385=CARTESIAN_POINT('Ctrl Pts',(6.25,5.00531630545789,4.30486233930444));
#5386=CARTESIAN_POINT('Ctrl Pts',(6.35,5.00531630545789,4.30486233930444));
#5387=CARTESIAN_POINT('Ctrl Pts',(6.25,5.00101279772864,4.27942380057591));
#5388=CARTESIAN_POINT('Ctrl Pts',(6.35,5.00101279772864,4.27942380057591));
#5389=CARTESIAN_POINT('',(6.25,5.01582697099531,4.43847658452095));
#5390=CARTESIAN_POINT('Ctrl Pts',(6.25,5.00101279772864,4.27942380057591));
#5391=CARTESIAN_POINT('Ctrl Pts',(6.25,5.00531630545789,4.30486233930444));
#5392=CARTESIAN_POINT('Ctrl Pts',(6.25,5.01422180428581,4.35750378695214));
#5393=CARTESIAN_POINT('Ctrl Pts',(6.25,5.01528009197122,4.41088921664793));
#5394=CARTESIAN_POINT('Ctrl Pts',(6.25,5.01582697099531,4.43847658452095));
#5395=CARTESIAN_POINT('',(6.35,5.01582697099531,4.43847658452095));
#5396=CARTESIAN_POINT('Ctrl Pts',(6.35,5.01582697099531,4.43847658452095));
#5397=CARTESIAN_POINT('Ctrl Pts',(6.35,5.01528009197122,4.41088921664793));
#5398=CARTESIAN_POINT('Ctrl Pts',(6.35,5.01422180428581,4.35750378695214));
#5399=CARTESIAN_POINT('Ctrl Pts',(6.35,5.00531630545789,4.30486233930444));
#5400=CARTESIAN_POINT('Ctrl Pts',(6.35,5.00101279772864,4.27942380057591));
#5401=CARTESIAN_POINT('',(6.25,5.01582697099531,4.43847658452095));
#5402=CARTESIAN_POINT('Origin',(6.25,5.01590993199061,4.54707454668356));
#5403=CARTESIAN_POINT('',(6.25,5.01590993199061,4.54707454668356));
#5404=CARTESIAN_POINT('',(6.25,5.01611499416579,4.81550592532745));
#5405=CARTESIAN_POINT('',(6.35,5.01590993199061,4.54707454668356));
#5406=CARTESIAN_POINT('',(6.35,5.01582697099531,4.43847658452095));
#5407=CARTESIAN_POINT('',(6.25,5.01590993199061,4.54707454668356));
#5408=CARTESIAN_POINT('Origin',(6.25,5.227995355564,4.54691252874623));
#5409=CARTESIAN_POINT('',(6.25,5.227995355564,4.54691252874623));
#5410=CARTESIAN_POINT('',(6.25,4.98225296583086,4.54710025817349));
#5411=CARTESIAN_POINT('',(6.35,5.227995355564,4.54691252874623));
#5412=CARTESIAN_POINT('',(6.35,5.01590993199061,4.54707454668356));
#5413=CARTESIAN_POINT('',(6.25,5.227995355564,4.54691252874623));
#5414=CARTESIAN_POINT('Origin',(6.25,5.22793093877618,4.46258938555021));
#5415=CARTESIAN_POINT('',(6.25,5.22793093877618,4.46258938555021));
#5416=CARTESIAN_POINT('',(6.25,5.22816820934527,4.77318233579211));
#5417=CARTESIAN_POINT('',(6.35,5.22793093877618,4.46258938555021));
#5418=CARTESIAN_POINT('',(6.35,5.227995355564,4.54691252874623));
#5419=CARTESIAN_POINT('',(6.25,5.22793093877618,4.46258938555021));
#5420=CARTESIAN_POINT('Ctrl Pts',(6.25,5.30948447794217,4.18208881797173));
#5421=CARTESIAN_POINT('Ctrl Pts',(6.35,5.30948447794217,4.18208881797173));
#5422=CARTESIAN_POINT('Ctrl Pts',(6.25,5.2856934671885,4.2224448712916));
#5423=CARTESIAN_POINT('Ctrl Pts',(6.35,5.2856934671885,4.2224448712916));
#5424=CARTESIAN_POINT('Ctrl Pts',(6.25,5.23480040432749,4.30877340855705));
#5425=CARTESIAN_POINT('Ctrl Pts',(6.35,5.23480040432749,4.30877340855705));
#5426=CARTESIAN_POINT('Ctrl Pts',(6.25,5.23031796793046,4.40914079937782));
#5427=CARTESIAN_POINT('Ctrl Pts',(6.35,5.23031796793046,4.40914079937782));
#5428=CARTESIAN_POINT('Ctrl Pts',(6.25,5.22793093877618,4.46258938555021));
#5429=CARTESIAN_POINT('Ctrl Pts',(6.35,5.22793093877618,4.46258938555021));
#5430=CARTESIAN_POINT('',(6.25,5.30948447794217,4.18208881797173));
#5431=CARTESIAN_POINT('Ctrl Pts',(6.25,5.22793093877618,4.46258938555021));
#5432=CARTESIAN_POINT('Ctrl Pts',(6.25,5.23031796793046,4.40914079937782));
#5433=CARTESIAN_POINT('Ctrl Pts',(6.25,5.23480040432749,4.30877340855705));
#5434=CARTESIAN_POINT('Ctrl Pts',(6.25,5.2856934671885,4.2224448712916));
#5435=CARTESIAN_POINT('Ctrl Pts',(6.25,5.30948447794217,4.18208881797173));
#5436=CARTESIAN_POINT('',(6.35,5.30948447794217,4.18208881797173));
#5437=CARTESIAN_POINT('Ctrl Pts',(6.35,5.30948447794217,4.18208881797173));
#5438=CARTESIAN_POINT('Ctrl Pts',(6.35,5.2856934671885,4.2224448712916));
#5439=CARTESIAN_POINT('Ctrl Pts',(6.35,5.23480040432749,4.30877340855705));
#5440=CARTESIAN_POINT('Ctrl Pts',(6.35,5.23031796793046,4.40914079937782));
#5441=CARTESIAN_POINT('Ctrl Pts',(6.35,5.22793093877618,4.46258938555021));
#5442=CARTESIAN_POINT('',(6.25,5.30948447794217,4.18208881797173));
#5443=CARTESIAN_POINT('Ctrl Pts',(6.25,5.54703981300853,4.07394804088357));
#5444=CARTESIAN_POINT('Ctrl Pts',(6.35,5.54703981300853,4.07394804088357));
#5445=CARTESIAN_POINT('Ctrl Pts',(6.25,5.49879399224798,4.07769441239128));
#5446=CARTESIAN_POINT('Ctrl Pts',(6.35,5.49879399224798,4.07769441239128));
#5447=CARTESIAN_POINT('Ctrl Pts',(6.25,5.40611885931499,4.08489079690749));
#5448=CARTESIAN_POINT('Ctrl Pts',(6.35,5.40611885931499,4.08489079690749));
#5449=CARTESIAN_POINT('Ctrl Pts',(6.25,5.34079928391584,4.15059136202064));
#5450=CARTESIAN_POINT('Ctrl Pts',(6.35,5.34079928391584,4.15059136202064));
#5451=CARTESIAN_POINT('Ctrl Pts',(6.25,5.30948447794217,4.18208881797173));
#5452=CARTESIAN_POINT('Ctrl Pts',(6.35,5.30948447794217,4.18208881797173));
#5453=CARTESIAN_POINT('',(6.25,5.54703981300853,4.07394804088357));
#5454=CARTESIAN_POINT('Ctrl Pts',(6.25,5.30948447794217,4.18208881797173));
#5455=CARTESIAN_POINT('Ctrl Pts',(6.25,5.34079928391584,4.15059136202064));
#5456=CARTESIAN_POINT('Ctrl Pts',(6.25,5.40611885931499,4.08489079690749));
#5457=CARTESIAN_POINT('Ctrl Pts',(6.25,5.49879399224798,4.07769441239128));
#5458=CARTESIAN_POINT('Ctrl Pts',(6.25,5.54703981300853,4.07394804088357));
#5459=CARTESIAN_POINT('',(6.35,5.54703981300853,4.07394804088357));
#5460=CARTESIAN_POINT('Ctrl Pts',(6.35,5.54703981300853,4.07394804088357));
#5461=CARTESIAN_POINT('Ctrl Pts',(6.35,5.49879399224798,4.07769441239128));
#5462=CARTESIAN_POINT('Ctrl Pts',(6.35,5.40611885931499,4.08489079690749));
#5463=CARTESIAN_POINT('Ctrl Pts',(6.35,5.34079928391584,4.15059136202064));
#5464=CARTESIAN_POINT('Ctrl Pts',(6.35,5.30948447794217,4.18208881797173));
#5465=CARTESIAN_POINT('',(6.25,5.54703981300853,4.07394804088357));
#5466=CARTESIAN_POINT('Ctrl Pts',(6.25,5.67035190741439,4.10196172910225));
#5467=CARTESIAN_POINT('Ctrl Pts',(6.35,5.67035190741439,4.10196172910225));
#5468=CARTESIAN_POINT('Ctrl Pts',(6.25,5.65172104621393,4.09378355825187));
#5469=CARTESIAN_POINT('Ctrl Pts',(6.35,5.65172104621393,4.09378355825187));
#5470=CARTESIAN_POINT('Ctrl Pts',(6.25,5.61246373866304,4.07655123791936));
#5471=CARTESIAN_POINT('Ctrl Pts',(6.35,5.61246373866304,4.07655123791936));
#5472=CARTESIAN_POINT('Ctrl Pts',(6.25,5.56957452408846,4.07484468981588));
#5473=CARTESIAN_POINT('Ctrl Pts',(6.35,5.56957452408846,4.07484468981588));
#5474=CARTESIAN_POINT('Ctrl Pts',(6.25,5.54703981300853,4.07394804088357));
#5475=CARTESIAN_POINT('Ctrl Pts',(6.35,5.54703981300853,4.07394804088357));
#5476=CARTESIAN_POINT('',(6.25,5.67035190741439,4.10196172910225));
#5477=CARTESIAN_POINT('Ctrl Pts',(6.25,5.54703981300853,4.07394804088357));
#5478=CARTESIAN_POINT('Ctrl Pts',(6.25,5.56957452408846,4.07484468981588));
#5479=CARTESIAN_POINT('Ctrl Pts',(6.25,5.61246373866304,4.07655123791936));
#5480=CARTESIAN_POINT('Ctrl Pts',(6.25,5.65172104621393,4.09378355825187));
#5481=CARTESIAN_POINT('Ctrl Pts',(6.25,5.67035190741439,4.10196172910225));
#5482=CARTESIAN_POINT('',(6.35,5.67035190741439,4.10196172910225));
#5483=CARTESIAN_POINT('Ctrl Pts',(6.35,5.67035190741439,4.10196172910225));
#5484=CARTESIAN_POINT('Ctrl Pts',(6.35,5.65172104621393,4.09378355825187));
#5485=CARTESIAN_POINT('Ctrl Pts',(6.35,5.61246373866304,4.07655123791936));
#5486=CARTESIAN_POINT('Ctrl Pts',(6.35,5.56957452408846,4.07484468981588));
#5487=CARTESIAN_POINT('Ctrl Pts',(6.35,5.54703981300853,4.07394804088357));
#5488=CARTESIAN_POINT('',(6.25,5.67035190741439,4.10196172910225));
#5489=CARTESIAN_POINT('Ctrl Pts',(6.25,5.75281329919437,4.17344554841882));
#5490=CARTESIAN_POINT('Ctrl Pts',(6.35,5.75281329919437,4.17344554841882));
#5491=CARTESIAN_POINT('Ctrl Pts',(6.25,5.74148513196601,4.15949643236686));
#5492=CARTESIAN_POINT('Ctrl Pts',(6.35,5.74148513196601,4.15949643236686));
#5493=CARTESIAN_POINT('Ctrl Pts',(6.25,5.71821153272759,4.1308381216111));
#5494=CARTESIAN_POINT('Ctrl Pts',(6.35,5.71821153272759,4.1308381216111));
#5495=CARTESIAN_POINT('Ctrl Pts',(6.25,5.68658471904888,4.1117558935407));
#5496=CARTESIAN_POINT('Ctrl Pts',(6.35,5.68658471904888,4.1117558935407));
#5497=CARTESIAN_POINT('Ctrl Pts',(6.25,5.67035190741439,4.10196172910225));
#5498=CARTESIAN_POINT('Ctrl Pts',(6.35,5.67035190741439,4.10196172910225));
#5499=CARTESIAN_POINT('',(6.25,5.75281329919437,4.17344554841882));
#5500=CARTESIAN_POINT('Ctrl Pts',(6.25,5.67035190741439,4.10196172910225));
#5501=CARTESIAN_POINT('Ctrl Pts',(6.25,5.68658471904888,4.1117558935407));
#5502=CARTESIAN_POINT('Ctrl Pts',(6.25,5.71821153272759,4.1308381216111));
#5503=CARTESIAN_POINT('Ctrl Pts',(6.25,5.74148513196601,4.15949643236686));
#5504=CARTESIAN_POINT('Ctrl Pts',(6.25,5.75281329919437,4.17344554841882));
#5505=CARTESIAN_POINT('',(6.35,5.75281329919437,4.17344554841882));
#5506=CARTESIAN_POINT('Ctrl Pts',(6.35,5.75281329919437,4.17344554841882));
#5507=CARTESIAN_POINT('Ctrl Pts',(6.35,5.74148513196601,4.15949643236686));
#5508=CARTESIAN_POINT('Ctrl Pts',(6.35,5.71821153272759,4.1308381216111));
#5509=CARTESIAN_POINT('Ctrl Pts',(6.35,5.68658471904888,4.1117558935407));
#5510=CARTESIAN_POINT('Ctrl Pts',(6.35,5.67035190741439,4.10196172910225));
#5511=CARTESIAN_POINT('',(6.25,5.75281329919437,4.17344554841882));
#5512=CARTESIAN_POINT('Ctrl Pts',(6.25,5.79888967168808,4.28073068940052));
#5513=CARTESIAN_POINT('Ctrl Pts',(6.35,5.79888967168808,4.28073068940052));
#5514=CARTESIAN_POINT('Ctrl Pts',(6.25,5.79379639865041,4.26161689469322));
#5515=CARTESIAN_POINT('Ctrl Pts',(6.35,5.79379639865041,4.26161689469322));
#5516=CARTESIAN_POINT('Ctrl Pts',(6.25,5.78366749567174,4.2236056255717));
#5517=CARTESIAN_POINT('Ctrl Pts',(6.35,5.78366749567174,4.2236056255717));
#5518=CARTESIAN_POINT('Ctrl Pts',(6.25,5.76305893725061,4.19010201833397));
#5519=CARTESIAN_POINT('Ctrl Pts',(6.35,5.76305893725061,4.19010201833397));
#5520=CARTESIAN_POINT('Ctrl Pts',(6.25,5.75281329919437,4.17344554841882));
#5521=CARTESIAN_POINT('Ctrl Pts',(6.35,5.75281329919437,4.17344554841882));
#5522=CARTESIAN_POINT('',(6.25,5.79888967168808,4.28073068940052));
#5523=CARTESIAN_POINT('Ctrl Pts',(6.25,5.75281329919437,4.17344554841882));
#5524=CARTESIAN_POINT('Ctrl Pts',(6.25,5.76305893725061,4.19010201833397));
#5525=CARTESIAN_POINT('Ctrl Pts',(6.25,5.78366749567174,4.2236056255717));
#5526=CARTESIAN_POINT('Ctrl Pts',(6.25,5.79379639865041,4.26161689469322));
#5527=CARTESIAN_POINT('Ctrl Pts',(6.25,5.79888967168808,4.28073068940052));
#5528=CARTESIAN_POINT('',(6.35,5.79888967168808,4.28073068940052));
#5529=CARTESIAN_POINT('Ctrl Pts',(6.35,5.79888967168808,4.28073068940052));
#5530=CARTESIAN_POINT('Ctrl Pts',(6.35,5.79379639865041,4.26161689469322));
#5531=CARTESIAN_POINT('Ctrl Pts',(6.35,5.78366749567174,4.2236056255717));
#5532=CARTESIAN_POINT('Ctrl Pts',(6.35,5.76305893725061,4.19010201833397));
#5533=CARTESIAN_POINT('Ctrl Pts',(6.35,5.75281329919437,4.17344554841882));
#5534=CARTESIAN_POINT('',(6.25,5.79888967168808,4.28073068940052));
#5535=CARTESIAN_POINT('Ctrl Pts',(6.25,5.81176157278161,4.40592807847805));
#5536=CARTESIAN_POINT('Ctrl Pts',(6.35,5.81176157278161,4.40592807847805));
#5537=CARTESIAN_POINT('Ctrl Pts',(6.25,5.81126818885824,4.3843609650208));
#5538=CARTESIAN_POINT('Ctrl Pts',(6.35,5.81126818885824,4.3843609650208));
#5539=CARTESIAN_POINT('Ctrl Pts',(6.25,5.81030555774227,4.3422818183112));
#5540=CARTESIAN_POINT('Ctrl Pts',(6.35,5.81030555774227,4.3422818183112));
#5541=CARTESIAN_POINT('Ctrl Pts',(6.25,5.80263082235005,4.30090188290898));
#5542=CARTESIAN_POINT('Ctrl Pts',(6.35,5.80263082235005,4.30090188290898));
#5543=CARTESIAN_POINT('Ctrl Pts',(6.25,5.79888967168808,4.28073068940052));
#5544=CARTESIAN_POINT('Ctrl Pts',(6.35,5.79888967168808,4.28073068940052));
#5545=CARTESIAN_POINT('',(6.25,5.81176157278161,4.40592807847805));
#5546=CARTESIAN_POINT('Ctrl Pts',(6.25,5.79888967168808,4.28073068940052));
#5547=CARTESIAN_POINT('Ctrl Pts',(6.25,5.80263082235005,4.30090188290898));
#5548=CARTESIAN_POINT('Ctrl Pts',(6.25,5.81030555774227,4.3422818183112));
#5549=CARTESIAN_POINT('Ctrl Pts',(6.25,5.81126818885824,4.3843609650208));
#5550=CARTESIAN_POINT('Ctrl Pts',(6.25,5.81176157278161,4.40592807847805));
#5551=CARTESIAN_POINT('',(6.35,5.81176157278161,4.40592807847805));
#5552=CARTESIAN_POINT('Ctrl Pts',(6.35,5.81176157278161,4.40592807847805));
#5553=CARTESIAN_POINT('Ctrl Pts',(6.35,5.81126818885824,4.3843609650208));
#5554=CARTESIAN_POINT('Ctrl Pts',(6.35,5.81030555774227,4.3422818183112));
#5555=CARTESIAN_POINT('Ctrl Pts',(6.35,5.80263082235005,4.30090188290898));
#5556=CARTESIAN_POINT('Ctrl Pts',(6.35,5.79888967168808,4.28073068940052));
#5557=CARTESIAN_POINT('',(6.25,5.81176157278161,4.40592807847805));
#5558=CARTESIAN_POINT('Ctrl Pts',(6.25,5.79525791419882,4.54392404848666));
#5559=CARTESIAN_POINT('Ctrl Pts',(6.35,5.79525791419882,4.54392404848666));
#5560=CARTESIAN_POINT('Ctrl Pts',(6.25,5.80008466522917,4.52100613142317));
#5561=CARTESIAN_POINT('Ctrl Pts',(6.35,5.80008466522917,4.52100613142317));
#5562=CARTESIAN_POINT('Ctrl Pts',(6.25,5.80966995810909,4.47549416159715));
#5563=CARTESIAN_POINT('Ctrl Pts',(6.35,5.80966995810909,4.47549416159715));
#5564=CARTESIAN_POINT('Ctrl Pts',(6.25,5.81106768330644,4.42900650374407));
#5565=CARTESIAN_POINT('Ctrl Pts',(6.35,5.81106768330644,4.42900650374407));
#5566=CARTESIAN_POINT('Ctrl Pts',(6.25,5.81176157278161,4.40592807847805));
#5567=CARTESIAN_POINT('Ctrl Pts',(6.35,5.81176157278161,4.40592807847805));
#5568=CARTESIAN_POINT('',(6.25,5.79525791419882,4.54392404848666));
#5569=CARTESIAN_POINT('Ctrl Pts',(6.25,5.81176157278161,4.40592807847805));
#5570=CARTESIAN_POINT('Ctrl Pts',(6.25,5.81106768330644,4.42900650374407));
#5571=CARTESIAN_POINT('Ctrl Pts',(6.25,5.80966995810909,4.47549416159715));
#5572=CARTESIAN_POINT('Ctrl Pts',(6.25,5.80008466522917,4.52100613142317));
#5573=CARTESIAN_POINT('Ctrl Pts',(6.25,5.79525791419882,4.54392404848666));
#5574=CARTESIAN_POINT('',(6.35,5.79525791419882,4.54392404848666));
#5575=CARTESIAN_POINT('Ctrl Pts',(6.35,5.79525791419882,4.54392404848666));
#5576=CARTESIAN_POINT('Ctrl Pts',(6.35,5.80008466522917,4.52100613142317));
#5577=CARTESIAN_POINT('Ctrl Pts',(6.35,5.80966995810909,4.47549416159715));
#5578=CARTESIAN_POINT('Ctrl Pts',(6.35,5.81106768330644,4.42900650374407));
#5579=CARTESIAN_POINT('Ctrl Pts',(6.35,5.81176157278161,4.40592807847805));
#5580=CARTESIAN_POINT('',(6.25,5.79525791419882,4.54392404848666));
#5581=CARTESIAN_POINT('Ctrl Pts',(6.25,5.75192211494656,4.67938514523529));
#5582=CARTESIAN_POINT('Ctrl Pts',(6.35,5.75192211494656,4.67938514523529));
#5583=CARTESIAN_POINT('Ctrl Pts',(6.25,5.76041588523097,4.65715471280762));
#5584=CARTESIAN_POINT('Ctrl Pts',(6.35,5.76041588523097,4.65715471280762));
#5585=CARTESIAN_POINT('Ctrl Pts',(6.25,5.77736249296079,4.61280097996561));
#5586=CARTESIAN_POINT('Ctrl Pts',(6.35,5.77736249296079,4.61280097996561));
#5587=CARTESIAN_POINT('Ctrl Pts',(6.25,5.78930238699345,4.56684602577845));
#5588=CARTESIAN_POINT('Ctrl Pts',(6.35,5.78930238699345,4.56684602577845));
#5589=CARTESIAN_POINT('Ctrl Pts',(6.25,5.79525791419882,4.54392404848666));
#5590=CARTESIAN_POINT('Ctrl Pts',(6.35,5.79525791419882,4.54392404848666));
#5591=CARTESIAN_POINT('',(6.25,5.75192211494656,4.67938514523529));
#5592=CARTESIAN_POINT('Ctrl Pts',(6.25,5.79525791419882,4.54392404848666));
#5593=CARTESIAN_POINT('Ctrl Pts',(6.25,5.78930238699345,4.56684602577845));
#5594=CARTESIAN_POINT('Ctrl Pts',(6.25,5.77736249296079,4.61280097996561));
#5595=CARTESIAN_POINT('Ctrl Pts',(6.25,5.76041588523097,4.65715471280762));
#5596=CARTESIAN_POINT('Ctrl Pts',(6.25,5.75192211494656,4.67938514523529));
#5597=CARTESIAN_POINT('',(6.35,5.75192211494656,4.67938514523529));
#5598=CARTESIAN_POINT('Ctrl Pts',(6.35,5.75192211494656,4.67938514523529));
#5599=CARTESIAN_POINT('Ctrl Pts',(6.35,5.76041588523097,4.65715471280762));
#5600=CARTESIAN_POINT('Ctrl Pts',(6.35,5.77736249296079,4.61280097996561));
#5601=CARTESIAN_POINT('Ctrl Pts',(6.35,5.78930238699345,4.56684602577845));
#5602=CARTESIAN_POINT('Ctrl Pts',(6.35,5.79525791419882,4.54392404848666));
#5603=CARTESIAN_POINT('',(6.25,5.75192211494656,4.67938514523529));
#5604=CARTESIAN_POINT('Ctrl Pts',(6.25,5.69834347325964,4.78610769188649));
#5605=CARTESIAN_POINT('Ctrl Pts',(6.35,5.69834347325964,4.78610769188649));
#5606=CARTESIAN_POINT('Ctrl Pts',(6.25,5.70780246643087,4.76981038113184));
#5607=CARTESIAN_POINT('Ctrl Pts',(6.35,5.70780246643087,4.76981038113184));
#5608=CARTESIAN_POINT('Ctrl Pts',(6.25,5.72781812452657,4.7353245332155));
#5609=CARTESIAN_POINT('Ctrl Pts',(6.35,5.72781812452657,4.7353245332155));
#5610=CARTESIAN_POINT('Ctrl Pts',(6.25,5.74359897410971,4.69870109236163));
#5611=CARTESIAN_POINT('Ctrl Pts',(6.35,5.74359897410971,4.69870109236163));
#5612=CARTESIAN_POINT('Ctrl Pts',(6.25,5.75192211494656,4.67938514523529));
#5613=CARTESIAN_POINT('Ctrl Pts',(6.35,5.75192211494656,4.67938514523529));
#5614=CARTESIAN_POINT('',(6.25,5.69834347325964,4.78610769188649));
#5615=CARTESIAN_POINT('Ctrl Pts',(6.25,5.75192211494656,4.67938514523529));
#5616=CARTESIAN_POINT('Ctrl Pts',(6.25,5.74359897410971,4.69870109236163));
#5617=CARTESIAN_POINT('Ctrl Pts',(6.25,5.72781812452657,4.7353245332155));
#5618=CARTESIAN_POINT('Ctrl Pts',(6.25,5.70780246643087,4.76981038113184));
#5619=CARTESIAN_POINT('Ctrl Pts',(6.25,5.69834347325964,4.78610769188649));
#5620=CARTESIAN_POINT('',(6.35,5.69834347325964,4.78610769188649));
#5621=CARTESIAN_POINT('Ctrl Pts',(6.35,5.69834347325964,4.78610769188649));
#5622=CARTESIAN_POINT('Ctrl Pts',(6.35,5.70780246643087,4.76981038113184));
#5623=CARTESIAN_POINT('Ctrl Pts',(6.35,5.72781812452657,4.7353245332155));
#5624=CARTESIAN_POINT('Ctrl Pts',(6.35,5.74359897410971,4.69870109236163));
#5625=CARTESIAN_POINT('Ctrl Pts',(6.35,5.75192211494656,4.67938514523529));
#5626=CARTESIAN_POINT('',(6.25,5.69834347325964,4.78610769188649));
#5627=CARTESIAN_POINT('Ctrl Pts',(6.25,5.64602287688972,4.86727675881075));
#5628=CARTESIAN_POINT('Ctrl Pts',(6.35,5.64602287688972,4.86727675881075));
#5629=CARTESIAN_POINT('Ctrl Pts',(6.25,5.65448655490281,4.85458760566834));
#5630=CARTESIAN_POINT('Ctrl Pts',(6.35,5.65448655490281,4.85458760566834));
#5631=CARTESIAN_POINT('Ctrl Pts',(6.25,5.67235068889749,4.82780483679829));
#5632=CARTESIAN_POINT('Ctrl Pts',(6.35,5.67235068889749,4.82780483679829));
#5633=CARTESIAN_POINT('Ctrl Pts',(6.25,5.68938151837794,4.80048429449239));
#5634=CARTESIAN_POINT('Ctrl Pts',(6.35,5.68938151837794,4.80048429449239));
#5635=CARTESIAN_POINT('Ctrl Pts',(6.25,5.69834347325964,4.78610769188649));
#5636=CARTESIAN_POINT('Ctrl Pts',(6.35,5.69834347325964,4.78610769188649));
#5637=CARTESIAN_POINT('Ctrl Pts',(6.25,5.69834347325964,4.78610769188649));
#5638=CARTESIAN_POINT('Ctrl Pts',(6.25,5.68938151837794,4.80048429449239));
#5639=CARTESIAN_POINT('Ctrl Pts',(6.25,5.67235068889749,4.82780483679829));
#5640=CARTESIAN_POINT('Ctrl Pts',(6.25,5.65448655490281,4.85458760566834));
#5641=CARTESIAN_POINT('Ctrl Pts',(6.25,5.64602287688972,4.86727675881075));
#5642=CARTESIAN_POINT('Ctrl Pts',(6.35,5.64602287688972,4.86727675881075));
#5643=CARTESIAN_POINT('Ctrl Pts',(6.35,5.65448655490281,4.85458760566834));
#5644=CARTESIAN_POINT('Ctrl Pts',(6.35,5.67235068889749,4.82780483679829));
#5645=CARTESIAN_POINT('Ctrl Pts',(6.35,5.68938151837794,4.80048429449239));
#5646=CARTESIAN_POINT('Ctrl Pts',(6.35,5.69834347325964,4.78610769188649));
#5647=CARTESIAN_POINT('Origin',(6.35,4.81300307727133,4.98108768236017));
#5648=CARTESIAN_POINT('Origin',(6.25,4.0901048987782,3.49246503868059));
#5649=CARTESIAN_POINT('',(6.25,4.08920794422512,2.31832969631773));
#5650=CARTESIAN_POINT('',(6.25,4.0901048987782,3.49246503868059));
#5651=CARTESIAN_POINT('',(6.25,4.09071305358794,4.28855448746352));
#5652=CARTESIAN_POINT('',(6.35,4.08920794422512,2.31832969631773));
#5653=CARTESIAN_POINT('',(6.25,4.08920794422512,2.31832969631773));
#5654=CARTESIAN_POINT('',(6.35,4.0901048987782,3.49246503868059));
#5655=CARTESIAN_POINT('',(6.35,4.08920794422512,2.31832969631773));
#5656=CARTESIAN_POINT('',(6.25,4.0901048987782,3.49246503868059));
#5657=CARTESIAN_POINT('Origin',(6.25,4.35712814582918,3.49226105221618));
#5658=CARTESIAN_POINT('',(6.25,4.35712814582918,3.49226105221618));
#5659=CARTESIAN_POINT('',(6.25,4.5464162683289,3.49211644976944));
#5660=CARTESIAN_POINT('',(6.35,4.35712814582918,3.49226105221618));
#5661=CARTESIAN_POINT('',(6.35,4.0901048987782,3.49246503868059));
#5662=CARTESIAN_POINT('',(6.25,4.35712814582918,3.49226105221618));
#5663=CARTESIAN_POINT('Ctrl Pts',(6.25,4.58691768874436,3.25316999647686));
#5664=CARTESIAN_POINT('Ctrl Pts',(6.35,4.58691768874436,3.25316999647686));
#5665=CARTESIAN_POINT('Ctrl Pts',(6.25,4.54940231600219,3.29178124559003));
#5666=CARTESIAN_POINT('Ctrl Pts',(6.35,4.54940231600219,3.29178124559003));
#5667=CARTESIAN_POINT('Ctrl Pts',(6.25,4.47237223287573,3.37106148490005));
#5668=CARTESIAN_POINT('Ctrl Pts',(6.35,4.47237223287573,3.37106148490005));
#5669=CARTESIAN_POINT('Ctrl Pts',(6.25,4.39620184947537,3.45116813285933));
#5670=CARTESIAN_POINT('Ctrl Pts',(6.35,4.39620184947537,3.45116813285933));
#5671=CARTESIAN_POINT('Ctrl Pts',(6.25,4.35712814582918,3.49226105221618));
#5672=CARTESIAN_POINT('Ctrl Pts',(6.35,4.35712814582918,3.49226105221618));
#5673=CARTESIAN_POINT('',(6.25,4.58691768874436,3.25316999647686));
#5674=CARTESIAN_POINT('Ctrl Pts',(6.25,4.35712814582918,3.49226105221618));
#5675=CARTESIAN_POINT('Ctrl Pts',(6.25,4.39620184947537,3.45116813285933));
#5676=CARTESIAN_POINT('Ctrl Pts',(6.25,4.47237223287573,3.37106148490005));
#5677=CARTESIAN_POINT('Ctrl Pts',(6.25,4.54940231600219,3.29178124559003));
#5678=CARTESIAN_POINT('Ctrl Pts',(6.25,4.58691768874436,3.25316999647686));
#5679=CARTESIAN_POINT('',(6.35,4.58691768874436,3.25316999647686));
#5680=CARTESIAN_POINT('Ctrl Pts',(6.35,4.58691768874436,3.25316999647686));
#5681=CARTESIAN_POINT('Ctrl Pts',(6.35,4.54940231600219,3.29178124559003));
#5682=CARTESIAN_POINT('Ctrl Pts',(6.35,4.47237223287573,3.37106148490005));
#5683=CARTESIAN_POINT('Ctrl Pts',(6.35,4.39620184947537,3.45116813285933));
#5684=CARTESIAN_POINT('Ctrl Pts',(6.35,4.35712814582918,3.49226105221618));
#5685=CARTESIAN_POINT('',(6.25,4.58691768874436,3.25316999647686));
#5686=CARTESIAN_POINT('Ctrl Pts',(6.25,4.81544418683903,3.03324399659262));
#5687=CARTESIAN_POINT('Ctrl Pts',(6.35,4.81544418683903,3.03324399659262));
#5688=CARTESIAN_POINT('Ctrl Pts',(6.25,4.77632273356892,3.0691735372413));
#5689=CARTESIAN_POINT('Ctrl Pts',(6.35,4.77632273356892,3.0691735372413));
#5690=CARTESIAN_POINT('Ctrl Pts',(6.25,4.6984366141479,3.14070494161892));
#5691=CARTESIAN_POINT('Ctrl Pts',(6.35,4.6984366141479,3.14070494161892));
#5692=CARTESIAN_POINT('Ctrl Pts',(6.25,4.62397696692736,3.21579630641694));
#5693=CARTESIAN_POINT('Ctrl Pts',(6.35,4.62397696692736,3.21579630641694));
#5694=CARTESIAN_POINT('Ctrl Pts',(6.25,4.58691768874436,3.25316999647686));
#5695=CARTESIAN_POINT('Ctrl Pts',(6.35,4.58691768874436,3.25316999647686));
#5696=CARTESIAN_POINT('',(6.25,4.81544418683903,3.03324399659262));
#5697=CARTESIAN_POINT('Ctrl Pts',(6.25,4.58691768874436,3.25316999647686));
#5698=CARTESIAN_POINT('Ctrl Pts',(6.25,4.62397696692736,3.21579630641694));
#5699=CARTESIAN_POINT('Ctrl Pts',(6.25,4.6984366141479,3.14070494161892));
#5700=CARTESIAN_POINT('Ctrl Pts',(6.25,4.77632273356892,3.0691735372413));
#5701=CARTESIAN_POINT('Ctrl Pts',(6.25,4.81544418683903,3.03324399659262));
#5702=CARTESIAN_POINT('',(6.35,4.81544418683903,3.03324399659262));
#5703=CARTESIAN_POINT('Ctrl Pts',(6.35,4.81544418683903,3.03324399659262));
#5704=CARTESIAN_POINT('Ctrl Pts',(6.35,4.77632273356892,3.0691735372413));
#5705=CARTESIAN_POINT('Ctrl Pts',(6.35,4.6984366141479,3.14070494161892));
#5706=CARTESIAN_POINT('Ctrl Pts',(6.35,4.62397696692736,3.21579630641694));
#5707=CARTESIAN_POINT('Ctrl Pts',(6.35,4.58691768874436,3.25316999647686));
#5708=CARTESIAN_POINT('',(6.25,4.81544418683903,3.03324399659262));
#5709=CARTESIAN_POINT('Ctrl Pts',(6.25,5.19786575084968,2.73654311440411));
#5710=CARTESIAN_POINT('Ctrl Pts',(6.35,5.19786575084968,2.73654311440411));
#5711=CARTESIAN_POINT('Ctrl Pts',(6.25,5.14113188572343,2.77328070928633));
#5712=CARTESIAN_POINT('Ctrl Pts',(6.35,5.14113188572343,2.77328070928633));
#5713=CARTESIAN_POINT('Ctrl Pts',(6.25,5.00531485253386,2.86122802492084));
#5714=CARTESIAN_POINT('Ctrl Pts',(6.35,5.00531485253386,2.86122802492084));
#5715=CARTESIAN_POINT('Ctrl Pts',(6.25,4.8853164981626,2.96994220386286));
#5716=CARTESIAN_POINT('Ctrl Pts',(6.35,4.8853164981626,2.96994220386286));
#5717=CARTESIAN_POINT('Ctrl Pts',(6.25,4.81544418683903,3.03324399659262));
#5718=CARTESIAN_POINT('Ctrl Pts',(6.35,4.81544418683903,3.03324399659262));
#5719=CARTESIAN_POINT('',(6.25,5.19786575084968,2.73654311440411));
#5720=CARTESIAN_POINT('Ctrl Pts',(6.25,4.81544418683903,3.03324399659262));
#5721=CARTESIAN_POINT('Ctrl Pts',(6.25,4.8853164981626,2.96994220386286));
#5722=CARTESIAN_POINT('Ctrl Pts',(6.25,5.00531485253386,2.86122802492084));
#5723=CARTESIAN_POINT('Ctrl Pts',(6.25,5.14113188572343,2.77328070928633));
#5724=CARTESIAN_POINT('Ctrl Pts',(6.25,5.19786575084968,2.73654311440411));
#5725=CARTESIAN_POINT('',(6.35,5.19786575084968,2.73654311440411));
#5726=CARTESIAN_POINT('Ctrl Pts',(6.35,5.19786575084968,2.73654311440411));
#5727=CARTESIAN_POINT('Ctrl Pts',(6.35,5.14113188572343,2.77328070928633));
#5728=CARTESIAN_POINT('Ctrl Pts',(6.35,5.00531485253386,2.86122802492084));
#5729=CARTESIAN_POINT('Ctrl Pts',(6.35,4.8853164981626,2.96994220386286));
#5730=CARTESIAN_POINT('Ctrl Pts',(6.35,4.81544418683903,3.03324399659262));
#5731=CARTESIAN_POINT('',(6.25,5.19786575084968,2.73654311440411));
#5732=CARTESIAN_POINT('Ctrl Pts',(6.25,5.49485252843584,2.65710402613343));
#5733=CARTESIAN_POINT('Ctrl Pts',(6.35,5.49485252843584,2.65710402613343));
#5734=CARTESIAN_POINT('Ctrl Pts',(6.25,5.44373741066738,2.66067293980312));
#5735=CARTESIAN_POINT('Ctrl Pts',(6.35,5.44373741066738,2.66067293980312));
#5736=CARTESIAN_POINT('Ctrl Pts',(6.25,5.33965005339437,2.66794043342205));
#5737=CARTESIAN_POINT('Ctrl Pts',(6.35,5.33965005339437,2.66794043342205));
#5738=CARTESIAN_POINT('Ctrl Pts',(6.25,5.24568601899299,2.71340516089986));
#5739=CARTESIAN_POINT('Ctrl Pts',(6.35,5.24568601899299,2.71340516089986));
#5740=CARTESIAN_POINT('Ctrl Pts',(6.25,5.19786575084968,2.73654311440411));
#5741=CARTESIAN_POINT('Ctrl Pts',(6.35,5.19786575084968,2.73654311440411));
#5742=CARTESIAN_POINT('',(6.25,5.49485252843584,2.65710402613343));
#5743=CARTESIAN_POINT('Ctrl Pts',(6.25,5.19786575084968,2.73654311440411));
#5744=CARTESIAN_POINT('Ctrl Pts',(6.25,5.24568601899299,2.71340516089986));
#5745=CARTESIAN_POINT('Ctrl Pts',(6.25,5.33965005339437,2.66794043342205));
#5746=CARTESIAN_POINT('Ctrl Pts',(6.25,5.44373741066738,2.66067293980312));
#5747=CARTESIAN_POINT('Ctrl Pts',(6.25,5.49485252843584,2.65710402613343));
#5748=CARTESIAN_POINT('',(6.35,5.49485252843584,2.65710402613343));
#5749=CARTESIAN_POINT('Ctrl Pts',(6.35,5.49485252843584,2.65710402613343));
#5750=CARTESIAN_POINT('Ctrl Pts',(6.35,5.44373741066738,2.66067293980312));
#5751=CARTESIAN_POINT('Ctrl Pts',(6.35,5.33965005339437,2.66794043342205));
#5752=CARTESIAN_POINT('Ctrl Pts',(6.35,5.24568601899299,2.71340516089986));
#5753=CARTESIAN_POINT('Ctrl Pts',(6.35,5.19786575084968,2.73654311440411));
#5754=CARTESIAN_POINT('',(6.25,5.49485252843584,2.65710402613343));
#5755=CARTESIAN_POINT('Ctrl Pts',(6.25,5.63413252707317,2.68191094455366));
#5756=CARTESIAN_POINT('Ctrl Pts',(6.35,5.63413252707317,2.68191094455366));
#5757=CARTESIAN_POINT('Ctrl Pts',(6.25,5.6127039638398,2.67466606148969));
#5758=CARTESIAN_POINT('Ctrl Pts',(6.35,5.6127039638398,2.67466606148969));
#5759=CARTESIAN_POINT('Ctrl Pts',(6.25,5.56755920797844,2.65940286005125));
#5760=CARTESIAN_POINT('Ctrl Pts',(6.35,5.56755920797844,2.65940286005125));
#5761=CARTESIAN_POINT('Ctrl Pts',(6.25,5.51989321775543,2.65789576062462));
#5762=CARTESIAN_POINT('Ctrl Pts',(6.35,5.51989321775543,2.65789576062462));
#5763=CARTESIAN_POINT('Ctrl Pts',(6.25,5.49485252843584,2.65710402613343));
#5764=CARTESIAN_POINT('Ctrl Pts',(6.35,5.49485252843584,2.65710402613343));
#5765=CARTESIAN_POINT('',(6.25,5.63413252707317,2.68191094455366));
#5766=CARTESIAN_POINT('Ctrl Pts',(6.25,5.49485252843584,2.65710402613343));
#5767=CARTESIAN_POINT('Ctrl Pts',(6.25,5.51989321775543,2.65789576062462));
#5768=CARTESIAN_POINT('Ctrl Pts',(6.25,5.56755920797844,2.65940286005125));
#5769=CARTESIAN_POINT('Ctrl Pts',(6.25,5.6127039638398,2.67466606148969));
#5770=CARTESIAN_POINT('Ctrl Pts',(6.25,5.63413252707317,2.68191094455366));
#5771=CARTESIAN_POINT('',(6.35,5.63413252707317,2.68191094455366));
#5772=CARTESIAN_POINT('Ctrl Pts',(6.35,5.63413252707317,2.68191094455366));
#5773=CARTESIAN_POINT('Ctrl Pts',(6.35,5.6127039638398,2.67466606148969));
#5774=CARTESIAN_POINT('Ctrl Pts',(6.35,5.56755920797844,2.65940286005125));
#5775=CARTESIAN_POINT('Ctrl Pts',(6.35,5.51989321775543,2.65789576062462));
#5776=CARTESIAN_POINT('Ctrl Pts',(6.35,5.49485252843584,2.65710402613343));
#5777=CARTESIAN_POINT('',(6.25,5.63413252707317,2.68191094455366));
#5778=CARTESIAN_POINT('Ctrl Pts',(6.25,5.73383927018723,2.7501879718691));
#5779=CARTESIAN_POINT('Ctrl Pts',(6.35,5.73383927018723,2.7501879718691));
#5780=CARTESIAN_POINT('Ctrl Pts',(6.25,5.71952605632058,2.73638933037851));
#5781=CARTESIAN_POINT('Ctrl Pts',(6.35,5.71952605632058,2.73638933037851));
#5782=CARTESIAN_POINT('Ctrl Pts',(6.25,5.69013330175672,2.70805327067689));
#5783=CARTESIAN_POINT('Ctrl Pts',(6.35,5.69013330175672,2.70805327067689));
#5784=CARTESIAN_POINT('Ctrl Pts',(6.25,5.65312111212277,2.69077521091052));
#5785=CARTESIAN_POINT('Ctrl Pts',(6.35,5.65312111212277,2.69077521091052));
#5786=CARTESIAN_POINT('Ctrl Pts',(6.25,5.63413252707317,2.68191094455366));
#5787=CARTESIAN_POINT('Ctrl Pts',(6.35,5.63413252707317,2.68191094455366));
#5788=CARTESIAN_POINT('',(6.25,5.73383927018723,2.7501879718691));
#5789=CARTESIAN_POINT('Ctrl Pts',(6.25,5.63413252707317,2.68191094455366));
#5790=CARTESIAN_POINT('Ctrl Pts',(6.25,5.65312111212277,2.69077521091052));
#5791=CARTESIAN_POINT('Ctrl Pts',(6.25,5.69013330175672,2.70805327067689));
#5792=CARTESIAN_POINT('Ctrl Pts',(6.25,5.71952605632058,2.73638933037851));
#5793=CARTESIAN_POINT('Ctrl Pts',(6.25,5.73383927018723,2.7501879718691));
#5794=CARTESIAN_POINT('',(6.35,5.73383927018723,2.7501879718691));
#5795=CARTESIAN_POINT('Ctrl Pts',(6.35,5.73383927018723,2.7501879718691));
#5796=CARTESIAN_POINT('Ctrl Pts',(6.35,5.71952605632058,2.73638933037851));
#5797=CARTESIAN_POINT('Ctrl Pts',(6.35,5.69013330175672,2.70805327067689));
#5798=CARTESIAN_POINT('Ctrl Pts',(6.35,5.65312111212277,2.69077521091052));
#5799=CARTESIAN_POINT('Ctrl Pts',(6.35,5.63413252707317,2.68191094455366));
#5800=CARTESIAN_POINT('',(6.25,5.73383927018723,2.7501879718691));
#5801=CARTESIAN_POINT('Ctrl Pts',(6.25,5.79141140061851,2.85363103588915));
#5802=CARTESIAN_POINT('Ctrl Pts',(6.35,5.79141140061851,2.85363103588915));
#5803=CARTESIAN_POINT('Ctrl Pts',(6.25,5.78429162350789,2.83472730056561));
#5804=CARTESIAN_POINT('Ctrl Pts',(6.35,5.78429162350789,2.83472730056561));
#5805=CARTESIAN_POINT('Ctrl Pts',(6.25,5.77022721466124,2.79738485877456));
#5806=CARTESIAN_POINT('Ctrl Pts',(6.35,5.77022721466124,2.79738485877456));
#5807=CARTESIAN_POINT('Ctrl Pts',(6.25,5.74586746695369,2.76578911259493));
#5808=CARTESIAN_POINT('Ctrl Pts',(6.35,5.74586746695369,2.76578911259493));
#5809=CARTESIAN_POINT('Ctrl Pts',(6.25,5.73383927018723,2.7501879718691));
#5810=CARTESIAN_POINT('Ctrl Pts',(6.35,5.73383927018723,2.7501879718691));
#5811=CARTESIAN_POINT('',(6.25,5.79141140061851,2.85363103588915));
#5812=CARTESIAN_POINT('Ctrl Pts',(6.25,5.73383927018723,2.7501879718691));
#5813=CARTESIAN_POINT('Ctrl Pts',(6.25,5.74586746695369,2.76578911259493));
#5814=CARTESIAN_POINT('Ctrl Pts',(6.25,5.77022721466124,2.79738485877456));
#5815=CARTESIAN_POINT('Ctrl Pts',(6.25,5.78429162350789,2.83472730056561));
#5816=CARTESIAN_POINT('Ctrl Pts',(6.25,5.79141140061851,2.85363103588915));
#5817=CARTESIAN_POINT('',(6.35,5.79141140061851,2.85363103588915));
#5818=CARTESIAN_POINT('Ctrl Pts',(6.35,5.79141140061851,2.85363103588915));
#5819=CARTESIAN_POINT('Ctrl Pts',(6.35,5.78429162350789,2.83472730056561));
#5820=CARTESIAN_POINT('Ctrl Pts',(6.35,5.77022721466124,2.79738485877456));
#5821=CARTESIAN_POINT('Ctrl Pts',(6.35,5.74586746695369,2.76578911259493));
#5822=CARTESIAN_POINT('Ctrl Pts',(6.35,5.73383927018723,2.7501879718691));
#5823=CARTESIAN_POINT('',(6.25,5.79141140061851,2.85363103588915));
#5824=CARTESIAN_POINT('Ctrl Pts',(6.25,5.81067429622376,2.98265659932339));
#5825=CARTESIAN_POINT('Ctrl Pts',(6.35,5.81067429622376,2.98265659932339));
#5826=CARTESIAN_POINT('Ctrl Pts',(6.25,5.80996786785211,2.96005499044436));
#5827=CARTESIAN_POINT('Ctrl Pts',(6.35,5.80996786785211,2.96005499044436));
#5828=CARTESIAN_POINT('Ctrl Pts',(6.25,5.8085996132095,2.91627878110677));
#5829=CARTESIAN_POINT('Ctrl Pts',(6.35,5.8085996132095,2.91627878110677));
#5830=CARTESIAN_POINT('Ctrl Pts',(6.25,5.79701492635365,2.87405481472695));
#5831=CARTESIAN_POINT('Ctrl Pts',(6.35,5.79701492635365,2.87405481472695));
#5832=CARTESIAN_POINT('Ctrl Pts',(6.25,5.79141140061851,2.85363103588915));
#5833=CARTESIAN_POINT('Ctrl Pts',(6.35,5.79141140061851,2.85363103588915));
#5834=CARTESIAN_POINT('',(6.25,5.81067429622376,2.98265659932339));
#5835=CARTESIAN_POINT('Ctrl Pts',(6.25,5.79141140061851,2.85363103588915));
#5836=CARTESIAN_POINT('Ctrl Pts',(6.25,5.79701492635365,2.87405481472695));
#5837=CARTESIAN_POINT('Ctrl Pts',(6.25,5.8085996132095,2.91627878110677));
#5838=CARTESIAN_POINT('Ctrl Pts',(6.25,5.80996786785211,2.96005499044436));
#5839=CARTESIAN_POINT('Ctrl Pts',(6.25,5.81067429622376,2.98265659932339));
#5840=CARTESIAN_POINT('',(6.35,5.81067429622376,2.98265659932339));
#5841=CARTESIAN_POINT('Ctrl Pts',(6.35,5.81067429622376,2.98265659932339));
#5842=CARTESIAN_POINT('Ctrl Pts',(6.35,5.80996786785211,2.96005499044436));
#5843=CARTESIAN_POINT('Ctrl Pts',(6.35,5.8085996132095,2.91627878110677));
#5844=CARTESIAN_POINT('Ctrl Pts',(6.35,5.79701492635365,2.87405481472695));
#5845=CARTESIAN_POINT('Ctrl Pts',(6.35,5.79141140061851,2.85363103588915));
#5846=CARTESIAN_POINT('',(6.25,5.81067429622376,2.98265659932339));
#5847=CARTESIAN_POINT('Ctrl Pts',(6.25,5.79353130712418,3.12001409575588));
#5848=CARTESIAN_POINT('Ctrl Pts',(6.35,5.79353130712418,3.12001409575588));
#5849=CARTESIAN_POINT('Ctrl Pts',(6.25,5.79854412722504,3.09704935711897));
#5850=CARTESIAN_POINT('Ctrl Pts',(6.35,5.79854412722504,3.09704935711897));
#5851=CARTESIAN_POINT('Ctrl Pts',(6.25,5.80842570480884,3.05177985971704));
#5852=CARTESIAN_POINT('Ctrl Pts',(6.35,5.80842570480884,3.05177985971704));
#5853=CARTESIAN_POINT('Ctrl Pts',(6.25,5.80993208621782,3.0054726499259));
#5854=CARTESIAN_POINT('Ctrl Pts',(6.35,5.80993208621782,3.0054726499259));
#5855=CARTESIAN_POINT('Ctrl Pts',(6.25,5.81067429622376,2.98265659932339));
#5856=CARTESIAN_POINT('Ctrl Pts',(6.35,5.81067429622376,2.98265659932339));
#5857=CARTESIAN_POINT('',(6.25,5.79353130712418,3.12001409575588));
#5858=CARTESIAN_POINT('Ctrl Pts',(6.25,5.81067429622376,2.98265659932339));
#5859=CARTESIAN_POINT('Ctrl Pts',(6.25,5.80993208621782,3.0054726499259));
#5860=CARTESIAN_POINT('Ctrl Pts',(6.25,5.80842570480884,3.05177985971704));
#5861=CARTESIAN_POINT('Ctrl Pts',(6.25,5.79854412722504,3.09704935711897));
#5862=CARTESIAN_POINT('Ctrl Pts',(6.25,5.79353130712418,3.12001409575588));
#5863=CARTESIAN_POINT('',(6.35,5.79353130712418,3.12001409575588));
#5864=CARTESIAN_POINT('Ctrl Pts',(6.35,5.79353130712418,3.12001409575588));
#5865=CARTESIAN_POINT('Ctrl Pts',(6.35,5.79854412722504,3.09704935711897));
#5866=CARTESIAN_POINT('Ctrl Pts',(6.35,5.80842570480884,3.05177985971704));
#5867=CARTESIAN_POINT('Ctrl Pts',(6.35,5.80993208621782,3.0054726499259));
#5868=CARTESIAN_POINT('Ctrl Pts',(6.35,5.81067429622376,2.98265659932339));
#5869=CARTESIAN_POINT('',(6.25,5.79353130712418,3.12001409575588));
#5870=CARTESIAN_POINT('Ctrl Pts',(6.25,5.75083288627101,3.25355829649546));
#5871=CARTESIAN_POINT('Ctrl Pts',(6.35,5.75083288627101,3.25355829649546));
#5872=CARTESIAN_POINT('Ctrl Pts',(6.25,5.75901723676904,3.23189984131964));
#5873=CARTESIAN_POINT('Ctrl Pts',(6.35,5.75901723676904,3.23189984131964));
#5874=CARTESIAN_POINT('Ctrl Pts',(6.25,5.77555922816831,3.18812434816032));
#5875=CARTESIAN_POINT('Ctrl Pts',(6.35,5.77555922816831,3.18812434816032));
#5876=CARTESIAN_POINT('Ctrl Pts',(6.25,5.78749892157129,3.14287551894556));
#5877=CARTESIAN_POINT('Ctrl Pts',(6.35,5.78749892157129,3.14287551894556));
#5878=CARTESIAN_POINT('Ctrl Pts',(6.25,5.79353130712418,3.12001409575588));
#5879=CARTESIAN_POINT('Ctrl Pts',(6.35,5.79353130712418,3.12001409575588));
#5880=CARTESIAN_POINT('',(6.25,5.75083288627101,3.25355829649546));
#5881=CARTESIAN_POINT('Ctrl Pts',(6.25,5.79353130712418,3.12001409575588));
#5882=CARTESIAN_POINT('Ctrl Pts',(6.25,5.78749892157129,3.14287551894556));
#5883=CARTESIAN_POINT('Ctrl Pts',(6.25,5.77555922816831,3.18812434816032));
#5884=CARTESIAN_POINT('Ctrl Pts',(6.25,5.75901723676904,3.23189984131964));
#5885=CARTESIAN_POINT('Ctrl Pts',(6.25,5.75083288627101,3.25355829649546));
#5886=CARTESIAN_POINT('',(6.35,5.75083288627101,3.25355829649546));
#5887=CARTESIAN_POINT('Ctrl Pts',(6.35,5.75083288627101,3.25355829649546));
#5888=CARTESIAN_POINT('Ctrl Pts',(6.35,5.75901723676904,3.23189984131964));
#5889=CARTESIAN_POINT('Ctrl Pts',(6.35,5.77555922816831,3.18812434816032));
#5890=CARTESIAN_POINT('Ctrl Pts',(6.35,5.78749892157129,3.14287551894556));
#5891=CARTESIAN_POINT('Ctrl Pts',(6.35,5.79353130712418,3.12001409575588));
#5892=CARTESIAN_POINT('',(6.25,5.75083288627101,3.25355829649546));
#5893=CARTESIAN_POINT('Ctrl Pts',(6.25,5.69852948932062,3.3570857743156));
#5894=CARTESIAN_POINT('Ctrl Pts',(6.35,5.69852948932062,3.3570857743156));
#5895=CARTESIAN_POINT('Ctrl Pts',(6.25,5.70835534640998,3.34033341046522));
#5896=CARTESIAN_POINT('Ctrl Pts',(6.35,5.70835534640998,3.34033341046522));
#5897=CARTESIAN_POINT('Ctrl Pts',(6.25,5.72795482524217,3.30691774018946));
#5898=CARTESIAN_POINT('Ctrl Pts',(6.35,5.72795482524217,3.30691774018946));
#5899=CARTESIAN_POINT('Ctrl Pts',(6.25,5.74322042758167,3.27131314732372));
#5900=CARTESIAN_POINT('Ctrl Pts',(6.35,5.74322042758167,3.27131314732372));
#5901=CARTESIAN_POINT('Ctrl Pts',(6.25,5.75083288627101,3.25355829649546));
#5902=CARTESIAN_POINT('Ctrl Pts',(6.35,5.75083288627101,3.25355829649546));
#5903=CARTESIAN_POINT('',(6.25,5.69852948932062,3.3570857743156));
#5904=CARTESIAN_POINT('Ctrl Pts',(6.25,5.75083288627101,3.25355829649546));
#5905=CARTESIAN_POINT('Ctrl Pts',(6.25,5.74322042758167,3.27131314732372));
#5906=CARTESIAN_POINT('Ctrl Pts',(6.25,5.72795482524217,3.30691774018946));
#5907=CARTESIAN_POINT('Ctrl Pts',(6.25,5.70835534640998,3.34033341046522));
#5908=CARTESIAN_POINT('Ctrl Pts',(6.25,5.69852948932062,3.3570857743156));
#5909=CARTESIAN_POINT('',(6.35,5.69852948932062,3.3570857743156));
#5910=CARTESIAN_POINT('Ctrl Pts',(6.35,5.69852948932062,3.3570857743156));
#5911=CARTESIAN_POINT('Ctrl Pts',(6.35,5.70835534640998,3.34033341046522));
#5912=CARTESIAN_POINT('Ctrl Pts',(6.35,5.72795482524217,3.30691774018946));
#5913=CARTESIAN_POINT('Ctrl Pts',(6.35,5.74322042758167,3.27131314732372));
#5914=CARTESIAN_POINT('Ctrl Pts',(6.35,5.75083288627101,3.25355829649546));
#5915=CARTESIAN_POINT('',(6.25,5.69852948932062,3.3570857743156));
#5916=CARTESIAN_POINT('Ctrl Pts',(6.25,5.64620840483021,3.43761587963431));
#5917=CARTESIAN_POINT('Ctrl Pts',(6.35,5.64620840483021,3.43761587963431));
#5918=CARTESIAN_POINT('Ctrl Pts',(6.25,5.65426742039071,3.42584593235569));
#5919=CARTESIAN_POINT('Ctrl Pts',(6.35,5.65426742039071,3.42584593235569));
#5920=CARTESIAN_POINT('Ctrl Pts',(6.25,5.67235733830889,3.3994261570651));
#5921=CARTESIAN_POINT('Ctrl Pts',(6.35,5.67235733830889,3.3994261570651));
#5922=CARTESIAN_POINT('Ctrl Pts',(6.25,5.68919369154823,3.37218889865483));
#5923=CARTESIAN_POINT('Ctrl Pts',(6.35,5.68919369154823,3.37218889865483));
#5924=CARTESIAN_POINT('Ctrl Pts',(6.25,5.69852948932062,3.3570857743156));
#5925=CARTESIAN_POINT('Ctrl Pts',(6.35,5.69852948932062,3.3570857743156));
#5926=CARTESIAN_POINT('',(6.25,5.64620840483021,3.43761587963431));
#5927=CARTESIAN_POINT('Ctrl Pts',(6.25,5.69852948932062,3.3570857743156));
#5928=CARTESIAN_POINT('Ctrl Pts',(6.25,5.68919369154823,3.37218889865483));
#5929=CARTESIAN_POINT('Ctrl Pts',(6.25,5.67235733830889,3.3994261570651));
#5930=CARTESIAN_POINT('Ctrl Pts',(6.25,5.65426742039071,3.42584593235569));
#5931=CARTESIAN_POINT('Ctrl Pts',(6.25,5.64620840483021,3.43761587963431));
#5932=CARTESIAN_POINT('',(6.35,5.64620840483021,3.43761587963431));
#5933=CARTESIAN_POINT('Ctrl Pts',(6.35,5.64620840483021,3.43761587963431));
#5934=CARTESIAN_POINT('Ctrl Pts',(6.35,5.65426742039071,3.42584593235569));
#5935=CARTESIAN_POINT('Ctrl Pts',(6.35,5.67235733830889,3.3994261570651));
#5936=CARTESIAN_POINT('Ctrl Pts',(6.35,5.68919369154823,3.37218889865483));
#5937=CARTESIAN_POINT('Ctrl Pts',(6.35,5.69852948932062,3.3570857743156));
#5938=CARTESIAN_POINT('',(6.25,5.64620840483021,3.43761587963431));
#5939=CARTESIAN_POINT('Origin',(6.25,5.64621914129542,3.45167017393425));
#5940=CARTESIAN_POINT('',(6.25,5.64621914129542,3.45167017393425));
#5941=CARTESIAN_POINT('',(6.25,5.64684242419774,4.26756266411896));
#5942=CARTESIAN_POINT('',(6.35,5.64621914129542,3.45167017393425));
#5943=CARTESIAN_POINT('',(6.35,5.64620840483021,3.43761587963431));
#5944=CARTESIAN_POINT('',(6.25,5.64621914129542,3.45167017393425));
#5945=CARTESIAN_POINT('Origin',(6.25,5.91707520430566,3.45146325947543));
#5946=CARTESIAN_POINT('',(6.25,5.91707520430566,3.45146325947543));
#5947=CARTESIAN_POINT('',(6.25,5.32637466947457,3.45191451199727));
#5948=CARTESIAN_POINT('',(6.35,5.91707520430566,3.45146325947543));
#5949=CARTESIAN_POINT('',(6.35,5.64621914129542,3.45167017393425));
#5950=CARTESIAN_POINT('',(6.25,5.91707520430566,3.45146325947543));
#5951=CARTESIAN_POINT('Ctrl Pts',(6.25,5.99420295733218,3.23101395531321));
#5952=CARTESIAN_POINT('Ctrl Pts',(6.35,5.99420295733218,3.23101395531321));
#5953=CARTESIAN_POINT('Ctrl Pts',(6.25,5.98263476516928,3.27331959911812));
#5954=CARTESIAN_POINT('Ctrl Pts',(6.35,5.98263476516928,3.27331959911812));
#5955=CARTESIAN_POINT('Ctrl Pts',(6.25,5.96204235447881,3.34862740689729));
#5956=CARTESIAN_POINT('Ctrl Pts',(6.35,5.96204235447881,3.34862740689729));
#5957=CARTESIAN_POINT('Ctrl Pts',(6.25,5.93077674294928,3.42012906545549));
#5958=CARTESIAN_POINT('Ctrl Pts',(6.35,5.93077674294928,3.42012906545549));
#5959=CARTESIAN_POINT('Ctrl Pts',(6.25,5.91707520430566,3.45146325947543));
#5960=CARTESIAN_POINT('Ctrl Pts',(6.35,5.91707520430566,3.45146325947543));
#5961=CARTESIAN_POINT('',(6.25,5.99420295733218,3.23101395531321));
#5962=CARTESIAN_POINT('Ctrl Pts',(6.25,5.91707520430566,3.45146325947543));
#5963=CARTESIAN_POINT('Ctrl Pts',(6.25,5.93077674294928,3.42012906545549));
#5964=CARTESIAN_POINT('Ctrl Pts',(6.25,5.96204235447881,3.34862740689729));
#5965=CARTESIAN_POINT('Ctrl Pts',(6.25,5.98263476516928,3.27331959911812));
#5966=CARTESIAN_POINT('Ctrl Pts',(6.25,5.99420295733218,3.23101395531321));
#5967=CARTESIAN_POINT('',(6.35,5.99420295733218,3.23101395531321));
#5968=CARTESIAN_POINT('Ctrl Pts',(6.35,5.99420295733218,3.23101395531321));
#5969=CARTESIAN_POINT('Ctrl Pts',(6.35,5.98263476516928,3.27331959911812));
#5970=CARTESIAN_POINT('Ctrl Pts',(6.35,5.96204235447881,3.34862740689729));
#5971=CARTESIAN_POINT('Ctrl Pts',(6.35,5.93077674294928,3.42012906545549));
#5972=CARTESIAN_POINT('Ctrl Pts',(6.35,5.91707520430566,3.45146325947543));
#5973=CARTESIAN_POINT('',(6.25,5.99420295733218,3.23101395531321));
#5974=CARTESIAN_POINT('Ctrl Pts',(6.25,6.03168839617188,2.96332319270512));
#5975=CARTESIAN_POINT('Ctrl Pts',(6.35,6.03168839617188,2.96332319270512));
#5976=CARTESIAN_POINT('Ctrl Pts',(6.25,6.02993419732648,3.0068978086799));
#5977=CARTESIAN_POINT('Ctrl Pts',(6.35,6.02993419732648,3.0068978086799));
#5978=CARTESIAN_POINT('Ctrl Pts',(6.25,6.02629297640709,3.09734639360373));
#5979=CARTESIAN_POINT('Ctrl Pts',(6.35,6.02629297640709,3.09734639360373));
#5980=CARTESIAN_POINT('Ctrl Pts',(6.25,6.00515663183989,3.18538758906557));
#5981=CARTESIAN_POINT('Ctrl Pts',(6.35,6.00515663183989,3.18538758906557));
#5982=CARTESIAN_POINT('Ctrl Pts',(6.25,5.99420295733218,3.23101395531321));
#5983=CARTESIAN_POINT('Ctrl Pts',(6.35,5.99420295733218,3.23101395531321));
#5984=CARTESIAN_POINT('',(6.25,6.03168839617188,2.96332319270512));
#5985=CARTESIAN_POINT('Ctrl Pts',(6.25,5.99420295733218,3.23101395531321));
#5986=CARTESIAN_POINT('Ctrl Pts',(6.25,6.00515663183989,3.18538758906557));
#5987=CARTESIAN_POINT('Ctrl Pts',(6.25,6.02629297640709,3.09734639360373));
#5988=CARTESIAN_POINT('Ctrl Pts',(6.25,6.02993419732648,3.0068978086799));
#5989=CARTESIAN_POINT('Ctrl Pts',(6.25,6.03168839617188,2.96332319270512));
#5990=CARTESIAN_POINT('',(6.35,6.03168839617188,2.96332319270512));
#5991=CARTESIAN_POINT('Ctrl Pts',(6.35,6.03168839617188,2.96332319270512));
#5992=CARTESIAN_POINT('Ctrl Pts',(6.35,6.02993419732648,3.0068978086799));
#5993=CARTESIAN_POINT('Ctrl Pts',(6.35,6.02629297640709,3.09734639360373));
#5994=CARTESIAN_POINT('Ctrl Pts',(6.35,6.00515663183989,3.18538758906557));
#5995=CARTESIAN_POINT('Ctrl Pts',(6.35,5.99420295733218,3.23101395531321));
#5996=CARTESIAN_POINT('',(6.25,6.03168839617188,2.96332319270512));
#5997=CARTESIAN_POINT('Ctrl Pts',(6.25,5.89019284199708,2.54692630362597));
#5998=CARTESIAN_POINT('Ctrl Pts',(6.35,5.89019284199708,2.54692630362597));
#5999=CARTESIAN_POINT('Ctrl Pts',(6.25,5.93136037857183,2.60466569145504));
#6000=CARTESIAN_POINT('Ctrl Pts',(6.35,5.93136037857183,2.60466569145504));
#6001=CARTESIAN_POINT('Ctrl Pts',(6.25,6.0198595880452,2.72878995546272));
#6002=CARTESIAN_POINT('Ctrl Pts',(6.35,6.0198595880452,2.72878995546272));
#6003=CARTESIAN_POINT('Ctrl Pts',(6.25,6.02756652589279,2.88159766552632));
#6004=CARTESIAN_POINT('Ctrl Pts',(6.35,6.02756652589279,2.88159766552632));
#6005=CARTESIAN_POINT('Ctrl Pts',(6.25,6.03168839617188,2.96332319270512));
#6006=CARTESIAN_POINT('Ctrl Pts',(6.35,6.03168839617188,2.96332319270512));
#6007=CARTESIAN_POINT('',(6.25,5.89019284199708,2.54692630362597));
#6008=CARTESIAN_POINT('Ctrl Pts',(6.25,6.03168839617188,2.96332319270512));
#6009=CARTESIAN_POINT('Ctrl Pts',(6.25,6.02756652589279,2.88159766552632));
#6010=CARTESIAN_POINT('Ctrl Pts',(6.25,6.0198595880452,2.72878995546272));
#6011=CARTESIAN_POINT('Ctrl Pts',(6.25,5.93136037857183,2.60466569145504));
#6012=CARTESIAN_POINT('Ctrl Pts',(6.25,5.89019284199708,2.54692630362597));
#6013=CARTESIAN_POINT('',(6.35,5.89019284199708,2.54692630362597));
#6014=CARTESIAN_POINT('Ctrl Pts',(6.35,5.89019284199708,2.54692630362597));
#6015=CARTESIAN_POINT('Ctrl Pts',(6.35,5.93136037857183,2.60466569145504));
#6016=CARTESIAN_POINT('Ctrl Pts',(6.35,6.0198595880452,2.72878995546272));
#6017=CARTESIAN_POINT('Ctrl Pts',(6.35,6.02756652589279,2.88159766552632));
#6018=CARTESIAN_POINT('Ctrl Pts',(6.35,6.03168839617188,2.96332319270512));
#6019=CARTESIAN_POINT('',(6.25,5.89019284199708,2.54692630362597));
#6020=CARTESIAN_POINT('Ctrl Pts',(6.25,5.50742967378101,2.3964589660752));
#6021=CARTESIAN_POINT('Ctrl Pts',(6.35,5.50742967378101,2.3964589660752));
#6022=CARTESIAN_POINT('Ctrl Pts',(6.25,5.58259148347897,2.4014955202086));
#6023=CARTESIAN_POINT('Ctrl Pts',(6.35,5.58259148347897,2.4014955202086));
#6024=CARTESIAN_POINT('Ctrl Pts',(6.25,5.72655121935852,2.41114218792059));
#6025=CARTESIAN_POINT('Ctrl Pts',(6.35,5.72655121935852,2.41114218792059));
#6026=CARTESIAN_POINT('Ctrl Pts',(6.25,5.83727721881596,2.50301876357109));
#6027=CARTESIAN_POINT('Ctrl Pts',(6.35,5.83727721881596,2.50301876357109));
#6028=CARTESIAN_POINT('Ctrl Pts',(6.25,5.89019284199708,2.54692630362597));
#6029=CARTESIAN_POINT('Ctrl Pts',(6.35,5.89019284199708,2.54692630362597));
#6030=CARTESIAN_POINT('',(6.25,5.50742967378101,2.3964589660752));
#6031=CARTESIAN_POINT('Ctrl Pts',(6.25,5.89019284199708,2.54692630362597));
#6032=CARTESIAN_POINT('Ctrl Pts',(6.25,5.83727721881596,2.50301876357109));
#6033=CARTESIAN_POINT('Ctrl Pts',(6.25,5.72655121935852,2.41114218792059));
#6034=CARTESIAN_POINT('Ctrl Pts',(6.25,5.58259148347897,2.4014955202086));
#6035=CARTESIAN_POINT('Ctrl Pts',(6.25,5.50742967378101,2.3964589660752));
#6036=CARTESIAN_POINT('',(6.35,5.50742967378101,2.3964589660752));
#6037=CARTESIAN_POINT('Ctrl Pts',(6.35,5.50742967378101,2.3964589660752));
#6038=CARTESIAN_POINT('Ctrl Pts',(6.35,5.58259148347897,2.4014955202086));
#6039=CARTESIAN_POINT('Ctrl Pts',(6.35,5.72655121935852,2.41114218792059));
#6040=CARTESIAN_POINT('Ctrl Pts',(6.35,5.83727721881596,2.50301876357109));
#6041=CARTESIAN_POINT('Ctrl Pts',(6.35,5.89019284199708,2.54692630362597));
#6042=CARTESIAN_POINT('',(6.25,5.50742967378101,2.3964589660752));
#6043=CARTESIAN_POINT('Ctrl Pts',(6.25,5.30175244395673,2.42280733084663));
#6044=CARTESIAN_POINT('Ctrl Pts',(6.35,5.30175244395673,2.42280733084663));
#6045=CARTESIAN_POINT('Ctrl Pts',(6.25,5.33450436936088,2.41514537026891));
#6046=CARTESIAN_POINT('Ctrl Pts',(6.35,5.33450436936088,2.41514537026891));
#6047=CARTESIAN_POINT('Ctrl Pts',(6.25,5.40214608750666,2.39932131805069));
#6048=CARTESIAN_POINT('Ctrl Pts',(6.35,5.40214608750666,2.39932131805069));
#6049=CARTESIAN_POINT('Ctrl Pts',(6.25,5.47160339488962,2.39743297754069));
#6050=CARTESIAN_POINT('Ctrl Pts',(6.35,5.47160339488962,2.39743297754069));
#6051=CARTESIAN_POINT('Ctrl Pts',(6.25,5.50742967378101,2.3964589660752));
#6052=CARTESIAN_POINT('Ctrl Pts',(6.35,5.50742967378101,2.3964589660752));
#6053=CARTESIAN_POINT('',(6.25,5.30175244395673,2.42280733084663));
#6054=CARTESIAN_POINT('Ctrl Pts',(6.25,5.50742967378101,2.3964589660752));
#6055=CARTESIAN_POINT('Ctrl Pts',(6.25,5.47160339488962,2.39743297754069));
#6056=CARTESIAN_POINT('Ctrl Pts',(6.25,5.40214608750666,2.39932131805069));
#6057=CARTESIAN_POINT('Ctrl Pts',(6.25,5.33450436936088,2.41514537026891));
#6058=CARTESIAN_POINT('Ctrl Pts',(6.25,5.30175244395673,2.42280733084663));
#6059=CARTESIAN_POINT('',(6.35,5.30175244395673,2.42280733084663));
#6060=CARTESIAN_POINT('Ctrl Pts',(6.35,5.30175244395673,2.42280733084663));
#6061=CARTESIAN_POINT('Ctrl Pts',(6.35,5.33450436936088,2.41514537026891));
#6062=CARTESIAN_POINT('Ctrl Pts',(6.35,5.40214608750666,2.39932131805069));
#6063=CARTESIAN_POINT('Ctrl Pts',(6.35,5.47160339488962,2.39743297754069));
#6064=CARTESIAN_POINT('Ctrl Pts',(6.35,5.50742967378101,2.3964589660752));
#6065=CARTESIAN_POINT('',(6.25,5.30175244395673,2.42280733084663));
#6066=CARTESIAN_POINT('Ctrl Pts',(6.25,5.12677323609574,2.49512701657455));
#6067=CARTESIAN_POINT('Ctrl Pts',(6.35,5.12677323609574,2.49512701657455));
#6068=CARTESIAN_POINT('Ctrl Pts',(6.25,5.1543971732526,2.4805389041276));
#6069=CARTESIAN_POINT('Ctrl Pts',(6.35,5.1543971732526,2.4805389041276));
#6070=CARTESIAN_POINT('Ctrl Pts',(6.25,5.21044738250474,2.45093896873092));
#6071=CARTESIAN_POINT('Ctrl Pts',(6.35,5.21044738250474,2.45093896873092));
#6072=CARTESIAN_POINT('Ctrl Pts',(6.25,5.2710283598198,2.43227360572254));
#6073=CARTESIAN_POINT('Ctrl Pts',(6.35,5.2710283598198,2.43227360572254));
#6074=CARTESIAN_POINT('Ctrl Pts',(6.25,5.30175244395673,2.42280733084663));
#6075=CARTESIAN_POINT('Ctrl Pts',(6.35,5.30175244395673,2.42280733084663));
#6076=CARTESIAN_POINT('',(6.25,5.12677323609574,2.49512701657455));
#6077=CARTESIAN_POINT('Ctrl Pts',(6.25,5.30175244395673,2.42280733084663));
#6078=CARTESIAN_POINT('Ctrl Pts',(6.25,5.2710283598198,2.43227360572254));
#6079=CARTESIAN_POINT('Ctrl Pts',(6.25,5.21044738250474,2.45093896873092));
#6080=CARTESIAN_POINT('Ctrl Pts',(6.25,5.1543971732526,2.4805389041276));
#6081=CARTESIAN_POINT('Ctrl Pts',(6.25,5.12677323609574,2.49512701657455));
#6082=CARTESIAN_POINT('',(6.35,5.12677323609574,2.49512701657455));
#6083=CARTESIAN_POINT('Ctrl Pts',(6.35,5.12677323609574,2.49512701657455));
#6084=CARTESIAN_POINT('Ctrl Pts',(6.35,5.1543971732526,2.4805389041276));
#6085=CARTESIAN_POINT('Ctrl Pts',(6.35,5.21044738250474,2.45093896873092));
#6086=CARTESIAN_POINT('Ctrl Pts',(6.35,5.2710283598198,2.43227360572254));
#6087=CARTESIAN_POINT('Ctrl Pts',(6.35,5.30175244395673,2.42280733084663));
#6088=CARTESIAN_POINT('',(6.25,5.12677323609574,2.49512701657455));
#6089=CARTESIAN_POINT('Ctrl Pts',(6.25,4.96204674955649,2.60896090814213));
#6090=CARTESIAN_POINT('Ctrl Pts',(6.35,4.96204674955649,2.60896090814213));
#6091=CARTESIAN_POINT('Ctrl Pts',(6.25,4.98898358760715,2.58779725231577));
#6092=CARTESIAN_POINT('Ctrl Pts',(6.35,4.98898358760715,2.58779725231577));
#6093=CARTESIAN_POINT('Ctrl Pts',(6.25,5.04156851526683,2.5464824807546));
#6094=CARTESIAN_POINT('Ctrl Pts',(6.35,5.04156851526683,2.5464824807546));
#6095=CARTESIAN_POINT('Ctrl Pts',(6.25,5.09883952739797,2.51196350829106));
#6096=CARTESIAN_POINT('Ctrl Pts',(6.35,5.09883952739797,2.51196350829106));
#6097=CARTESIAN_POINT('Ctrl Pts',(6.25,5.12677323609574,2.49512701657455));
#6098=CARTESIAN_POINT('Ctrl Pts',(6.35,5.12677323609574,2.49512701657455));
#6099=CARTESIAN_POINT('',(6.25,4.96204674955649,2.60896090814213));
#6100=CARTESIAN_POINT('Ctrl Pts',(6.25,5.12677323609574,2.49512701657455));
#6101=CARTESIAN_POINT('Ctrl Pts',(6.25,5.09883952739797,2.51196350829106));
#6102=CARTESIAN_POINT('Ctrl Pts',(6.25,5.04156851526683,2.5464824807546));
#6103=CARTESIAN_POINT('Ctrl Pts',(6.25,4.98898358760715,2.58779725231577));
#6104=CARTESIAN_POINT('Ctrl Pts',(6.25,4.96204674955649,2.60896090814213));
#6105=CARTESIAN_POINT('',(6.35,4.96204674955649,2.60896090814213));
#6106=CARTESIAN_POINT('Ctrl Pts',(6.35,4.96204674955649,2.60896090814213));
#6107=CARTESIAN_POINT('Ctrl Pts',(6.35,4.98898358760715,2.58779725231577));
#6108=CARTESIAN_POINT('Ctrl Pts',(6.35,5.04156851526683,2.5464824807546));
#6109=CARTESIAN_POINT('Ctrl Pts',(6.35,5.09883952739797,2.51196350829106));
#6110=CARTESIAN_POINT('Ctrl Pts',(6.35,5.12677323609574,2.49512701657455));
#6111=CARTESIAN_POINT('',(6.25,4.96204674955649,2.60896090814213));
#6112=CARTESIAN_POINT('Ctrl Pts',(6.25,4.8011736948752,2.749622537013));
#6113=CARTESIAN_POINT('Ctrl Pts',(6.35,4.8011736948752,2.749622537013));
#6114=CARTESIAN_POINT('Ctrl Pts',(6.25,4.82756501372318,2.72530308525595));
#6115=CARTESIAN_POINT('Ctrl Pts',(6.35,4.82756501372318,2.72530308525595));
#6116=CARTESIAN_POINT('Ctrl Pts',(6.25,4.87996575949965,2.67701609299592));
#6117=CARTESIAN_POINT('Ctrl Pts',(6.35,4.87996575949965,2.67701609299592));
#6118=CARTESIAN_POINT('Ctrl Pts',(6.25,4.9348196763407,2.63153548356386));
#6119=CARTESIAN_POINT('Ctrl Pts',(6.35,4.9348196763407,2.63153548356386));
#6120=CARTESIAN_POINT('Ctrl Pts',(6.25,4.96204674955649,2.60896090814213));
#6121=CARTESIAN_POINT('Ctrl Pts',(6.35,4.96204674955649,2.60896090814213));
#6122=CARTESIAN_POINT('',(6.25,4.8011736948752,2.749622537013));
#6123=CARTESIAN_POINT('Ctrl Pts',(6.25,4.96204674955649,2.60896090814213));
#6124=CARTESIAN_POINT('Ctrl Pts',(6.25,4.9348196763407,2.63153548356386));
#6125=CARTESIAN_POINT('Ctrl Pts',(6.25,4.87996575949965,2.67701609299592));
#6126=CARTESIAN_POINT('Ctrl Pts',(6.25,4.82756501372318,2.72530308525595));
#6127=CARTESIAN_POINT('Ctrl Pts',(6.25,4.8011736948752,2.749622537013));
#6128=CARTESIAN_POINT('',(6.35,4.8011736948752,2.749622537013));
#6129=CARTESIAN_POINT('Ctrl Pts',(6.35,4.8011736948752,2.749622537013));
#6130=CARTESIAN_POINT('Ctrl Pts',(6.35,4.82756501372318,2.72530308525595));
#6131=CARTESIAN_POINT('Ctrl Pts',(6.35,4.87996575949965,2.67701609299592));
#6132=CARTESIAN_POINT('Ctrl Pts',(6.35,4.9348196763407,2.63153548356386));
#6133=CARTESIAN_POINT('Ctrl Pts',(6.35,4.96204674955649,2.60896090814213));
#6134=CARTESIAN_POINT('',(6.25,4.8011736948752,2.749622537013));
#6135=CARTESIAN_POINT('Ctrl Pts',(6.25,4.53052210626773,3.01749142170984));
#6136=CARTESIAN_POINT('Ctrl Pts',(6.35,4.53052210626773,3.01749142170984));
#6137=CARTESIAN_POINT('Ctrl Pts',(6.25,4.57609263524135,2.97016427476489));
#6138=CARTESIAN_POINT('Ctrl Pts',(6.35,4.57609263524135,2.97016427476489));
#6139=CARTESIAN_POINT('Ctrl Pts',(6.25,4.6641610427714,2.8787010734754));
#6140=CARTESIAN_POINT('Ctrl Pts',(6.35,4.6641610427714,2.8787010734754));
#6141=CARTESIAN_POINT('Ctrl Pts',(6.25,4.75657759564982,2.79163616956121));
#6142=CARTESIAN_POINT('Ctrl Pts',(6.35,4.75657759564982,2.79163616956121));
#6143=CARTESIAN_POINT('Ctrl Pts',(6.25,4.8011736948752,2.749622537013));
#6144=CARTESIAN_POINT('Ctrl Pts',(6.35,4.8011736948752,2.749622537013));
#6145=CARTESIAN_POINT('',(6.25,4.53052210626773,3.01749142170984));
#6146=CARTESIAN_POINT('Ctrl Pts',(6.25,4.8011736948752,2.749622537013));
#6147=CARTESIAN_POINT('Ctrl Pts',(6.25,4.75657759564982,2.79163616956121));
#6148=CARTESIAN_POINT('Ctrl Pts',(6.25,4.6641610427714,2.8787010734754));
#6149=CARTESIAN_POINT('Ctrl Pts',(6.25,4.57609263524135,2.97016427476489));
#6150=CARTESIAN_POINT('Ctrl Pts',(6.25,4.53052210626773,3.01749142170984));
#6151=CARTESIAN_POINT('',(6.35,4.53052210626773,3.01749142170984));
#6152=CARTESIAN_POINT('Ctrl Pts',(6.35,4.53052210626773,3.01749142170984));
#6153=CARTESIAN_POINT('Ctrl Pts',(6.35,4.57609263524135,2.97016427476489));
#6154=CARTESIAN_POINT('Ctrl Pts',(6.35,4.6641610427714,2.8787010734754));
#6155=CARTESIAN_POINT('Ctrl Pts',(6.35,4.75657759564982,2.79163616956121));
#6156=CARTESIAN_POINT('Ctrl Pts',(6.35,4.8011736948752,2.749622537013));
#6157=CARTESIAN_POINT('',(6.25,4.53052210626773,3.01749142170984));
#6158=CARTESIAN_POINT('Ctrl Pts',(6.25,4.30839575539712,3.25338276710664));
#6159=CARTESIAN_POINT('Ctrl Pts',(6.35,4.30839575539712,3.25338276710664));
#6160=CARTESIAN_POINT('Ctrl Pts',(6.25,4.34047643537987,3.21897819708148));
#6161=CARTESIAN_POINT('Ctrl Pts',(6.35,4.34047643537987,3.21897819708148));
#6162=CARTESIAN_POINT('Ctrl Pts',(6.25,4.4141335176399,3.13998547480044));
#6163=CARTESIAN_POINT('Ctrl Pts',(6.35,4.4141335176399,3.13998547480044));
#6164=CARTESIAN_POINT('Ctrl Pts',(6.25,4.48852894082015,3.06168744726889));
#6165=CARTESIAN_POINT('Ctrl Pts',(6.35,4.48852894082015,3.06168744726889));
#6166=CARTESIAN_POINT('Ctrl Pts',(6.25,4.53052210626773,3.01749142170984));
#6167=CARTESIAN_POINT('Ctrl Pts',(6.35,4.53052210626773,3.01749142170984));
#6168=CARTESIAN_POINT('',(6.25,4.30839575539712,3.25338276710664));
#6169=CARTESIAN_POINT('Ctrl Pts',(6.25,4.53052210626773,3.01749142170984));
#6170=CARTESIAN_POINT('Ctrl Pts',(6.25,4.48852894082015,3.06168744726889));
#6171=CARTESIAN_POINT('Ctrl Pts',(6.25,4.4141335176399,3.13998547480044));
#6172=CARTESIAN_POINT('Ctrl Pts',(6.25,4.34047643537987,3.21897819708148));
#6173=CARTESIAN_POINT('Ctrl Pts',(6.25,4.30839575539712,3.25338276710664));
#6174=CARTESIAN_POINT('',(6.35,4.30839575539712,3.25338276710664));
#6175=CARTESIAN_POINT('Ctrl Pts',(6.35,4.30839575539712,3.25338276710664));
#6176=CARTESIAN_POINT('Ctrl Pts',(6.35,4.34047643537987,3.21897819708148));
#6177=CARTESIAN_POINT('Ctrl Pts',(6.35,4.4141335176399,3.13998547480044));
#6178=CARTESIAN_POINT('Ctrl Pts',(6.35,4.48852894082015,3.06168744726889));
#6179=CARTESIAN_POINT('Ctrl Pts',(6.35,4.53052210626773,3.01749142170984));
#6180=CARTESIAN_POINT('',(6.25,4.30839575539712,3.25338276710664));
#6181=CARTESIAN_POINT('Origin',(6.25,4.30768131492442,2.31816279845042));
#6182=CARTESIAN_POINT('',(6.25,4.30768131492442,2.31816279845042));
#6183=CARTESIAN_POINT('',(6.25,4.3087379470107,3.70131991841477));
#6184=CARTESIAN_POINT('',(6.35,4.30768131492442,2.31816279845042));
#6185=CARTESIAN_POINT('',(6.35,4.30839575539712,3.25338276710664));
#6186=CARTESIAN_POINT('',(6.25,4.30768131492442,2.31816279845042));
#6187=CARTESIAN_POINT('Origin',(6.25,4.08920794422512,2.31832969631773));
#6188=CARTESIAN_POINT('',(6.25,4.41200769025033,2.31808310063878));
#6189=CARTESIAN_POINT('',(6.35,4.30768131492442,2.31816279845042));
#6190=CARTESIAN_POINT('Origin',(6.35,4.81300307727133,4.98108768236017));
#6191=CARTESIAN_POINT('Ctrl Pts',(6.25,5.37751225514572,6.26520191102471));
#6192=CARTESIAN_POINT('Ctrl Pts',(6.35,5.37751225514572,6.26520191102471));
#6193=CARTESIAN_POINT('Ctrl Pts',(6.25,5.32554698343265,6.25332733116976));
#6194=CARTESIAN_POINT('Ctrl Pts',(6.35,5.32554698343265,6.25332733116976));
#6195=CARTESIAN_POINT('Ctrl Pts',(6.25,5.21541356412634,6.22816075281582));
#6196=CARTESIAN_POINT('Ctrl Pts',(6.35,5.21541356412634,6.22816075281582));
#6197=CARTESIAN_POINT('Ctrl Pts',(6.25,5.10242176847303,6.22581339969833));
#6198=CARTESIAN_POINT('Ctrl Pts',(6.35,5.10242176847303,6.22581339969833));
#6199=CARTESIAN_POINT('Ctrl Pts',(6.25,5.04274393872994,6.22457361995253));
#6200=CARTESIAN_POINT('Ctrl Pts',(6.35,5.04274393872994,6.22457361995253));
#6201=CARTESIAN_POINT('',(6.25,5.04274393872994,6.22457361995253));
#6202=CARTESIAN_POINT('',(6.25,5.37751225514572,6.26520191102471));
#6203=CARTESIAN_POINT('Ctrl Pts',(6.25,5.04274393872994,6.22457361995253));
#6204=CARTESIAN_POINT('Ctrl Pts',(6.25,5.10242176847303,6.22581339969833));
#6205=CARTESIAN_POINT('Ctrl Pts',(6.25,5.21541356412634,6.22816075281582));
#6206=CARTESIAN_POINT('Ctrl Pts',(6.25,5.32554698343265,6.25332733116976));
#6207=CARTESIAN_POINT('Ctrl Pts',(6.25,5.37751225514572,6.26520191102471));
#6208=CARTESIAN_POINT('',(6.35,5.04274393872994,6.22457361995253));
#6209=CARTESIAN_POINT('',(6.25,5.04274393872994,6.22457361995253));
#6210=CARTESIAN_POINT('',(6.35,5.37751225514572,6.26520191102471));
#6211=CARTESIAN_POINT('Ctrl Pts',(6.35,5.37751225514572,6.26520191102471));
#6212=CARTESIAN_POINT('Ctrl Pts',(6.35,5.32554698343265,6.25332733116976));
#6213=CARTESIAN_POINT('Ctrl Pts',(6.35,5.21541356412634,6.22816075281582));
#6214=CARTESIAN_POINT('Ctrl Pts',(6.35,5.10242176847303,6.22581339969833));
#6215=CARTESIAN_POINT('Ctrl Pts',(6.35,5.04274393872994,6.22457361995253));
#6216=CARTESIAN_POINT('',(6.25,5.37751225514572,6.26520191102471));
#6217=CARTESIAN_POINT('Ctrl Pts',(6.25,5.61907083945388,6.38000347332441));
#6218=CARTESIAN_POINT('Ctrl Pts',(6.35,5.61907083945388,6.38000347332441));
#6219=CARTESIAN_POINT('Ctrl Pts',(6.25,5.58379129972499,6.35637643157071));
#6220=CARTESIAN_POINT('Ctrl Pts',(6.35,5.58379129972499,6.35637643157071));
#6221=CARTESIAN_POINT('Ctrl Pts',(6.25,5.50897698387454,6.30627257596611));
#6222=CARTESIAN_POINT('Ctrl Pts',(6.35,5.50897698387454,6.30627257596611));
#6223=CARTESIAN_POINT('Ctrl Pts',(6.25,5.42296454976864,6.27940158253604));
#6224=CARTESIAN_POINT('Ctrl Pts',(6.35,5.42296454976864,6.27940158253604));
#6225=CARTESIAN_POINT('Ctrl Pts',(6.25,5.37751225514572,6.26520191102471));
#6226=CARTESIAN_POINT('Ctrl Pts',(6.35,5.37751225514572,6.26520191102471));
#6227=CARTESIAN_POINT('',(6.25,5.61907083945388,6.38000347332441));
#6228=CARTESIAN_POINT('Ctrl Pts',(6.25,5.37751225514572,6.26520191102471));
#6229=CARTESIAN_POINT('Ctrl Pts',(6.25,5.42296454976864,6.27940158253604));
#6230=CARTESIAN_POINT('Ctrl Pts',(6.25,5.50897698387454,6.30627257596611));
#6231=CARTESIAN_POINT('Ctrl Pts',(6.25,5.58379129972499,6.35637643157071));
#6232=CARTESIAN_POINT('Ctrl Pts',(6.25,5.61907083945388,6.38000347332441));
#6233=CARTESIAN_POINT('',(6.35,5.61907083945388,6.38000347332441));
#6234=CARTESIAN_POINT('Ctrl Pts',(6.35,5.61907083945388,6.38000347332441));
#6235=CARTESIAN_POINT('Ctrl Pts',(6.35,5.58379129972499,6.35637643157071));
#6236=CARTESIAN_POINT('Ctrl Pts',(6.35,5.50897698387454,6.30627257596611));
#6237=CARTESIAN_POINT('Ctrl Pts',(6.35,5.42296454976864,6.27940158253604));
#6238=CARTESIAN_POINT('Ctrl Pts',(6.35,5.37751225514572,6.26520191102471));
#6239=CARTESIAN_POINT('',(6.25,5.61907083945388,6.38000347332441));
#6240=CARTESIAN_POINT('Ctrl Pts',(6.25,5.76677524288019,6.561952005541));
#6241=CARTESIAN_POINT('Ctrl Pts',(6.35,5.76677524288019,6.561952005541));
#6242=CARTESIAN_POINT('Ctrl Pts',(6.25,5.74807952223442,6.52753965248483));
#6243=CARTESIAN_POINT('Ctrl Pts',(6.35,5.74807952223442,6.52753965248483));
#6244=CARTESIAN_POINT('Ctrl Pts',(6.25,5.71015772028975,6.45773873591301));
#6245=CARTESIAN_POINT('Ctrl Pts',(6.35,5.71015772028975,6.45773873591301));
#6246=CARTESIAN_POINT('Ctrl Pts',(6.25,5.64971491018436,6.40615570142968));
#6247=CARTESIAN_POINT('Ctrl Pts',(6.35,5.64971491018436,6.40615570142968));
#6248=CARTESIAN_POINT('Ctrl Pts',(6.25,5.61907083945388,6.38000347332441));
#6249=CARTESIAN_POINT('Ctrl Pts',(6.35,5.61907083945388,6.38000347332441));
#6250=CARTESIAN_POINT('',(6.25,5.76677524288019,6.561952005541));
#6251=CARTESIAN_POINT('Ctrl Pts',(6.25,5.61907083945388,6.38000347332441));
#6252=CARTESIAN_POINT('Ctrl Pts',(6.25,5.64971491018436,6.40615570142968));
#6253=CARTESIAN_POINT('Ctrl Pts',(6.25,5.71015772028975,6.45773873591301));
#6254=CARTESIAN_POINT('Ctrl Pts',(6.25,5.74807952223442,6.52753965248483));
#6255=CARTESIAN_POINT('Ctrl Pts',(6.25,5.76677524288019,6.561952005541));
#6256=CARTESIAN_POINT('',(6.35,5.76677524288019,6.561952005541));
#6257=CARTESIAN_POINT('Ctrl Pts',(6.35,5.76677524288019,6.561952005541));
#6258=CARTESIAN_POINT('Ctrl Pts',(6.35,5.74807952223442,6.52753965248483));
#6259=CARTESIAN_POINT('Ctrl Pts',(6.35,5.71015772028975,6.45773873591301));
#6260=CARTESIAN_POINT('Ctrl Pts',(6.35,5.64971491018436,6.40615570142968));
#6261=CARTESIAN_POINT('Ctrl Pts',(6.35,5.61907083945388,6.38000347332441));
#6262=CARTESIAN_POINT('',(6.25,5.76677524288019,6.561952005541));
#6263=CARTESIAN_POINT('Ctrl Pts',(6.25,5.81614684457425,6.8014687047131));
#6264=CARTESIAN_POINT('Ctrl Pts',(6.35,5.81614684457425,6.8014687047131));
#6265=CARTESIAN_POINT('Ctrl Pts',(6.25,5.814338746619,6.75887618296299));
#6266=CARTESIAN_POINT('Ctrl Pts',(6.35,5.814338746619,6.75887618296299));
#6267=CARTESIAN_POINT('Ctrl Pts',(6.25,5.81083416062158,6.67632028222411));
#6268=CARTESIAN_POINT('Ctrl Pts',(6.35,5.81083416062158,6.67632028222411));
#6269=CARTESIAN_POINT('Ctrl Pts',(6.25,5.78114639517107,6.5992566876738));
#6270=CARTESIAN_POINT('Ctrl Pts',(6.35,5.78114639517107,6.5992566876738));
#6271=CARTESIAN_POINT('Ctrl Pts',(6.25,5.76677524288019,6.561952005541));
#6272=CARTESIAN_POINT('Ctrl Pts',(6.35,5.76677524288019,6.561952005541));
#6273=CARTESIAN_POINT('',(6.25,5.81614684457425,6.8014687047131));
#6274=CARTESIAN_POINT('Ctrl Pts',(6.25,5.76677524288019,6.561952005541));
#6275=CARTESIAN_POINT('Ctrl Pts',(6.25,5.78114639517107,6.5992566876738));
#6276=CARTESIAN_POINT('Ctrl Pts',(6.25,5.81083416062158,6.67632028222411));
#6277=CARTESIAN_POINT('Ctrl Pts',(6.25,5.814338746619,6.75887618296299));
#6278=CARTESIAN_POINT('Ctrl Pts',(6.25,5.81614684457425,6.8014687047131));
#6279=CARTESIAN_POINT('',(6.35,5.81614684457425,6.8014687047131));
#6280=CARTESIAN_POINT('Ctrl Pts',(6.35,5.81614684457425,6.8014687047131));
#6281=CARTESIAN_POINT('Ctrl Pts',(6.35,5.814338746619,6.75887618296299));
#6282=CARTESIAN_POINT('Ctrl Pts',(6.35,5.81083416062158,6.67632028222411));
#6283=CARTESIAN_POINT('Ctrl Pts',(6.35,5.78114639517107,6.5992566876738));
#6284=CARTESIAN_POINT('Ctrl Pts',(6.35,5.76677524288019,6.561952005541));
#6285=CARTESIAN_POINT('',(6.25,5.81614684457425,6.8014687047131));
#6286=CARTESIAN_POINT('Ctrl Pts',(6.25,5.76841990799676,7.04233720608522));
#6287=CARTESIAN_POINT('Ctrl Pts',(6.35,5.76841990799676,7.04233720608522));
#6288=CARTESIAN_POINT('Ctrl Pts',(6.25,5.78235610787828,7.00552245935758));
#6289=CARTESIAN_POINT('Ctrl Pts',(6.35,5.78235610787828,7.00552245935758));
#6290=CARTESIAN_POINT('Ctrl Pts',(6.25,5.81171164137763,6.92797502605282));
#6291=CARTESIAN_POINT('Ctrl Pts',(6.35,5.81171164137763,6.92797502605282));
#6292=CARTESIAN_POINT('Ctrl Pts',(6.25,5.81461947258736,6.84503428735118));
#6293=CARTESIAN_POINT('Ctrl Pts',(6.35,5.81461947258736,6.84503428735118));
#6294=CARTESIAN_POINT('Ctrl Pts',(6.25,5.81614684457425,6.8014687047131));
#6295=CARTESIAN_POINT('Ctrl Pts',(6.35,5.81614684457425,6.8014687047131));
#6296=CARTESIAN_POINT('',(6.25,5.76841990799676,7.04233720608522));
#6297=CARTESIAN_POINT('Ctrl Pts',(6.25,5.81614684457425,6.8014687047131));
#6298=CARTESIAN_POINT('Ctrl Pts',(6.25,5.81461947258736,6.84503428735118));
#6299=CARTESIAN_POINT('Ctrl Pts',(6.25,5.81171164137763,6.92797502605282));
#6300=CARTESIAN_POINT('Ctrl Pts',(6.25,5.78235610787828,7.00552245935758));
#6301=CARTESIAN_POINT('Ctrl Pts',(6.25,5.76841990799676,7.04233720608522));
#6302=CARTESIAN_POINT('',(6.35,5.76841990799676,7.04233720608522));
#6303=CARTESIAN_POINT('Ctrl Pts',(6.35,5.76841990799676,7.04233720608522));
#6304=CARTESIAN_POINT('Ctrl Pts',(6.35,5.78235610787828,7.00552245935758));
#6305=CARTESIAN_POINT('Ctrl Pts',(6.35,5.81171164137763,6.92797502605282));
#6306=CARTESIAN_POINT('Ctrl Pts',(6.35,5.81461947258736,6.84503428735118));
#6307=CARTESIAN_POINT('Ctrl Pts',(6.35,5.81614684457425,6.8014687047131));
#6308=CARTESIAN_POINT('',(6.25,5.76841990799676,7.04233720608522));
#6309=CARTESIAN_POINT('Ctrl Pts',(6.25,5.61971598302665,7.22451211324019));
#6310=CARTESIAN_POINT('Ctrl Pts',(6.35,5.61971598302665,7.22451211324019));
#6311=CARTESIAN_POINT('Ctrl Pts',(6.25,5.65085326918428,7.19768183192855));
#6312=CARTESIAN_POINT('Ctrl Pts',(6.35,5.65085326918428,7.19768183192855));
#6313=CARTESIAN_POINT('Ctrl Pts',(6.25,5.71119730366049,7.14568476923401));
#6314=CARTESIAN_POINT('Ctrl Pts',(6.35,5.71119730366049,7.14568476923401));
#6315=CARTESIAN_POINT('Ctrl Pts',(6.25,5.74975690862563,7.07604373741887));
#6316=CARTESIAN_POINT('Ctrl Pts',(6.35,5.74975690862563,7.07604373741887));
#6317=CARTESIAN_POINT('Ctrl Pts',(6.25,5.76841990799676,7.04233720608522));
#6318=CARTESIAN_POINT('Ctrl Pts',(6.35,5.76841990799676,7.04233720608522));
#6319=CARTESIAN_POINT('',(6.25,5.61971598302665,7.22451211324019));
#6320=CARTESIAN_POINT('Ctrl Pts',(6.25,5.76841990799676,7.04233720608522));
#6321=CARTESIAN_POINT('Ctrl Pts',(6.25,5.74975690862563,7.07604373741887));
#6322=CARTESIAN_POINT('Ctrl Pts',(6.25,5.71119730366049,7.14568476923401));
#6323=CARTESIAN_POINT('Ctrl Pts',(6.25,5.65085326918428,7.19768183192855));
#6324=CARTESIAN_POINT('Ctrl Pts',(6.25,5.61971598302665,7.22451211324019));
#6325=CARTESIAN_POINT('',(6.35,5.61971598302665,7.22451211324019));
#6326=CARTESIAN_POINT('Ctrl Pts',(6.35,5.61971598302665,7.22451211324019));
#6327=CARTESIAN_POINT('Ctrl Pts',(6.35,5.65085326918428,7.19768183192855));
#6328=CARTESIAN_POINT('Ctrl Pts',(6.35,5.71119730366049,7.14568476923401));
#6329=CARTESIAN_POINT('Ctrl Pts',(6.35,5.74975690862563,7.07604373741887));
#6330=CARTESIAN_POINT('Ctrl Pts',(6.35,5.76841990799676,7.04233720608522));
#6331=CARTESIAN_POINT('',(6.25,5.61971598302665,7.22451211324019));
#6332=CARTESIAN_POINT('Ctrl Pts',(6.25,5.37577831840469,7.34032340235897));
#6333=CARTESIAN_POINT('Ctrl Pts',(6.35,5.37577831840469,7.34032340235897));
#6334=CARTESIAN_POINT('Ctrl Pts',(6.25,5.4216602478762,7.32617120124191));
#6335=CARTESIAN_POINT('Ctrl Pts',(6.35,5.4216602478762,7.32617120124191));
#6336=CARTESIAN_POINT('Ctrl Pts',(6.25,5.50864131371403,7.29934204319883));
#6337=CARTESIAN_POINT('Ctrl Pts',(6.35,5.50864131371403,7.29934204319883));
#6338=CARTESIAN_POINT('Ctrl Pts',(6.25,5.58407368310548,7.24852398582258));
#6339=CARTESIAN_POINT('Ctrl Pts',(6.35,5.58407368310548,7.24852398582258));
#6340=CARTESIAN_POINT('Ctrl Pts',(6.25,5.61971598302665,7.22451211324019));
#6341=CARTESIAN_POINT('Ctrl Pts',(6.35,5.61971598302665,7.22451211324019));
#6342=CARTESIAN_POINT('',(6.25,5.37577831840469,7.34032340235897));
#6343=CARTESIAN_POINT('Ctrl Pts',(6.25,5.61971598302665,7.22451211324019));
#6344=CARTESIAN_POINT('Ctrl Pts',(6.25,5.58407368310548,7.24852398582258));
#6345=CARTESIAN_POINT('Ctrl Pts',(6.25,5.50864131371403,7.29934204319883));
#6346=CARTESIAN_POINT('Ctrl Pts',(6.25,5.4216602478762,7.32617120124191));
#6347=CARTESIAN_POINT('Ctrl Pts',(6.25,5.37577831840469,7.34032340235897));
#6348=CARTESIAN_POINT('',(6.35,5.37577831840469,7.34032340235897));
#6349=CARTESIAN_POINT('Ctrl Pts',(6.35,5.37577831840469,7.34032340235897));
#6350=CARTESIAN_POINT('Ctrl Pts',(6.35,5.4216602478762,7.32617120124191));
#6351=CARTESIAN_POINT('Ctrl Pts',(6.35,5.50864131371403,7.29934204319883));
#6352=CARTESIAN_POINT('Ctrl Pts',(6.35,5.58407368310548,7.24852398582258));
#6353=CARTESIAN_POINT('Ctrl Pts',(6.35,5.61971598302665,7.22451211324019));
#6354=CARTESIAN_POINT('',(6.25,5.37577831840469,7.34032340235897));
#6355=CARTESIAN_POINT('Ctrl Pts',(6.25,5.04362722914212,7.3808222692886));
#6356=CARTESIAN_POINT('Ctrl Pts',(6.35,5.04362722914212,7.3808222692886));
#6357=CARTESIAN_POINT('Ctrl Pts',(6.25,5.10243716180971,7.37945769051895));
#6358=CARTESIAN_POINT('Ctrl Pts',(6.35,5.10243716180971,7.37945769051895));
#6359=CARTESIAN_POINT('Ctrl Pts',(6.25,5.21451958339517,7.37685701940765));
#6360=CARTESIAN_POINT('Ctrl Pts',(6.35,5.21451958339517,7.37685701940765));
#6361=CARTESIAN_POINT('Ctrl Pts',(6.25,5.32382549675848,7.35209345928338));
#6362=CARTESIAN_POINT('Ctrl Pts',(6.35,5.32382549675848,7.35209345928338));
#6363=CARTESIAN_POINT('Ctrl Pts',(6.25,5.37577831840469,7.34032340235897));
#6364=CARTESIAN_POINT('Ctrl Pts',(6.35,5.37577831840469,7.34032340235897));
#6365=CARTESIAN_POINT('',(6.25,5.04362722914212,7.3808222692886));
#6366=CARTESIAN_POINT('Ctrl Pts',(6.25,5.37577831840469,7.34032340235897));
#6367=CARTESIAN_POINT('Ctrl Pts',(6.25,5.32382549675848,7.35209345928338));
#6368=CARTESIAN_POINT('Ctrl Pts',(6.25,5.21451958339517,7.37685701940765));
#6369=CARTESIAN_POINT('Ctrl Pts',(6.25,5.10243716180971,7.37945769051895));
#6370=CARTESIAN_POINT('Ctrl Pts',(6.25,5.04362722914212,7.3808222692886));
#6371=CARTESIAN_POINT('',(6.35,5.04362722914212,7.3808222692886));
#6372=CARTESIAN_POINT('Ctrl Pts',(6.35,5.04362722914212,7.3808222692886));
#6373=CARTESIAN_POINT('Ctrl Pts',(6.35,5.10243716180971,7.37945769051895));
#6374=CARTESIAN_POINT('Ctrl Pts',(6.35,5.21451958339517,7.37685701940765));
#6375=CARTESIAN_POINT('Ctrl Pts',(6.35,5.32382549675848,7.35209345928338));
#6376=CARTESIAN_POINT('Ctrl Pts',(6.35,5.37577831840469,7.34032340235897));
#6377=CARTESIAN_POINT('',(6.25,5.04362722914212,7.3808222692886));
#6378=CARTESIAN_POINT('Ctrl Pts',(6.25,4.46985448361706,7.22411289839783));
#6379=CARTESIAN_POINT('Ctrl Pts',(6.35,4.46985448361706,7.22411289839783));
#6380=CARTESIAN_POINT('Ctrl Pts',(6.25,4.54903209976244,7.26975862643081));
#6381=CARTESIAN_POINT('Ctrl Pts',(6.35,4.54903209976244,7.26975862643081));
#6382=CARTESIAN_POINT('Ctrl Pts',(6.25,4.725787150007,7.37165753858175));
#6383=CARTESIAN_POINT('Ctrl Pts',(6.35,4.725787150007,7.37165753858175));
#6384=CARTESIAN_POINT('Ctrl Pts',(6.25,4.93057456077119,7.37756246245703));
#6385=CARTESIAN_POINT('Ctrl Pts',(6.35,4.93057456077119,7.37756246245703));
#6386=CARTESIAN_POINT('Ctrl Pts',(6.25,5.04362722914212,7.3808222692886));
#6387=CARTESIAN_POINT('Ctrl Pts',(6.35,5.04362722914212,7.3808222692886));
#6388=CARTESIAN_POINT('',(6.25,4.46985448361706,7.22411289839783));
#6389=CARTESIAN_POINT('Ctrl Pts',(6.25,5.04362722914212,7.3808222692886));
#6390=CARTESIAN_POINT('Ctrl Pts',(6.25,4.93057456077119,7.37756246245703));
#6391=CARTESIAN_POINT('Ctrl Pts',(6.25,4.725787150007,7.37165753858175));
#6392=CARTESIAN_POINT('Ctrl Pts',(6.25,4.54903209976244,7.26975862643081));
#6393=CARTESIAN_POINT('Ctrl Pts',(6.25,4.46985448361706,7.22411289839783));
#6394=CARTESIAN_POINT('',(6.35,4.46985448361706,7.22411289839783));
#6395=CARTESIAN_POINT('Ctrl Pts',(6.35,4.46985448361706,7.22411289839783));
#6396=CARTESIAN_POINT('Ctrl Pts',(6.35,4.54903209976244,7.26975862643081));
#6397=CARTESIAN_POINT('Ctrl Pts',(6.35,4.725787150007,7.37165753858175));
#6398=CARTESIAN_POINT('Ctrl Pts',(6.35,4.93057456077119,7.37756246245703));
#6399=CARTESIAN_POINT('Ctrl Pts',(6.35,5.04362722914212,7.3808222692886));
#6400=CARTESIAN_POINT('',(6.25,4.46985448361706,7.22411289839783));
#6401=CARTESIAN_POINT('Ctrl Pts',(6.25,4.27022334737556,6.80264967854933));
#6402=CARTESIAN_POINT('Ctrl Pts',(6.35,4.27022334737556,6.80264967854933));
#6403=CARTESIAN_POINT('Ctrl Pts',(6.25,4.27818589665227,6.88600486173601));
#6404=CARTESIAN_POINT('Ctrl Pts',(6.35,4.27818589665227,6.88600486173601));
#6405=CARTESIAN_POINT('Ctrl Pts',(6.25,4.29392223853138,7.05073924697331));
#6406=CARTESIAN_POINT('Ctrl Pts',(6.35,4.29392223853138,7.05073924697331));
#6407=CARTESIAN_POINT('Ctrl Pts',(6.25,4.41168123979977,7.16678567170951));
#6408=CARTESIAN_POINT('Ctrl Pts',(6.35,4.41168123979977,7.16678567170951));
#6409=CARTESIAN_POINT('Ctrl Pts',(6.25,4.46985448361706,7.22411289839783));
#6410=CARTESIAN_POINT('Ctrl Pts',(6.35,4.46985448361706,7.22411289839783));
#6411=CARTESIAN_POINT('',(6.25,4.27022334737556,6.80264967854933));
#6412=CARTESIAN_POINT('Ctrl Pts',(6.25,4.46985448361706,7.22411289839783));
#6413=CARTESIAN_POINT('Ctrl Pts',(6.25,4.41168123979977,7.16678567170951));
#6414=CARTESIAN_POINT('Ctrl Pts',(6.25,4.29392223853138,7.05073924697331));
#6415=CARTESIAN_POINT('Ctrl Pts',(6.25,4.27818589665227,6.88600486173601));
#6416=CARTESIAN_POINT('Ctrl Pts',(6.25,4.27022334737556,6.80264967854933));
#6417=CARTESIAN_POINT('',(6.35,4.27022334737556,6.80264967854933));
#6418=CARTESIAN_POINT('Ctrl Pts',(6.35,4.27022334737556,6.80264967854933));
#6419=CARTESIAN_POINT('Ctrl Pts',(6.35,4.27818589665227,6.88600486173601));
#6420=CARTESIAN_POINT('Ctrl Pts',(6.35,4.29392223853138,7.05073924697331));
#6421=CARTESIAN_POINT('Ctrl Pts',(6.35,4.41168123979977,7.16678567170951));
#6422=CARTESIAN_POINT('Ctrl Pts',(6.35,4.46985448361706,7.22411289839783));
#6423=CARTESIAN_POINT('',(6.25,4.27022334737556,6.80264967854933));
#6424=CARTESIAN_POINT('Ctrl Pts',(6.25,4.46921080408703,6.3815207260663));
#6425=CARTESIAN_POINT('Ctrl Pts',(6.35,4.46921080408703,6.3815207260663));
#6426=CARTESIAN_POINT('Ctrl Pts',(6.25,4.41112527277925,6.43876998261729));
#6427=CARTESIAN_POINT('Ctrl Pts',(6.35,4.41112527277925,6.43876998261729));
#6428=CARTESIAN_POINT('Ctrl Pts',(6.25,4.29348878270193,6.55471282498382));
#6429=CARTESIAN_POINT('Ctrl Pts',(6.35,4.29348878270193,6.55471282498382));
#6430=CARTESIAN_POINT('Ctrl Pts',(6.25,4.27804263135359,6.71932054073388));
#6431=CARTESIAN_POINT('Ctrl Pts',(6.35,4.27804263135359,6.71932054073388));
#6432=CARTESIAN_POINT('Ctrl Pts',(6.25,4.27022334737556,6.80264967854933));
#6433=CARTESIAN_POINT('Ctrl Pts',(6.35,4.27022334737556,6.80264967854933));
#6434=CARTESIAN_POINT('',(6.25,4.46921080408703,6.3815207260663));
#6435=CARTESIAN_POINT('Ctrl Pts',(6.25,4.27022334737556,6.80264967854933));
#6436=CARTESIAN_POINT('Ctrl Pts',(6.25,4.27804263135359,6.71932054073388));
#6437=CARTESIAN_POINT('Ctrl Pts',(6.25,4.29348878270193,6.55471282498382));
#6438=CARTESIAN_POINT('Ctrl Pts',(6.25,4.41112527277925,6.43876998261729));
#6439=CARTESIAN_POINT('Ctrl Pts',(6.25,4.46921080408703,6.3815207260663));
#6440=CARTESIAN_POINT('',(6.35,4.46921080408703,6.3815207260663));
#6441=CARTESIAN_POINT('Ctrl Pts',(6.35,4.46921080408703,6.3815207260663));
#6442=CARTESIAN_POINT('Ctrl Pts',(6.35,4.41112527277925,6.43876998261729));
#6443=CARTESIAN_POINT('Ctrl Pts',(6.35,4.29348878270193,6.55471282498382));
#6444=CARTESIAN_POINT('Ctrl Pts',(6.35,4.27804263135359,6.71932054073388));
#6445=CARTESIAN_POINT('Ctrl Pts',(6.35,4.27022334737556,6.80264967854933));
#6446=CARTESIAN_POINT('',(6.25,4.46921080408703,6.3815207260663));
#6447=CARTESIAN_POINT('Ctrl Pts',(6.25,5.04274393872994,6.22457361995253));
#6448=CARTESIAN_POINT('Ctrl Pts',(6.35,5.04274393872994,6.22457361995253));
#6449=CARTESIAN_POINT('Ctrl Pts',(6.25,4.92971520708404,6.22797994145341));
#6450=CARTESIAN_POINT('Ctrl Pts',(6.35,4.92971520708404,6.22797994145341));
#6451=CARTESIAN_POINT('Ctrl Pts',(6.25,4.72503684480377,6.23414828728944));
#6452=CARTESIAN_POINT('Ctrl Pts',(6.35,4.72503684480377,6.23414828728944));
#6453=CARTESIAN_POINT('Ctrl Pts',(6.25,4.54833381203416,6.33594072720512));
#6454=CARTESIAN_POINT('Ctrl Pts',(6.35,4.54833381203416,6.33594072720512));
#6455=CARTESIAN_POINT('Ctrl Pts',(6.25,4.46921080408703,6.3815207260663));
#6456=CARTESIAN_POINT('Ctrl Pts',(6.35,4.46921080408703,6.3815207260663));
#6457=CARTESIAN_POINT('Ctrl Pts',(6.25,4.46921080408703,6.3815207260663));
#6458=CARTESIAN_POINT('Ctrl Pts',(6.25,4.54833381203416,6.33594072720512));
#6459=CARTESIAN_POINT('Ctrl Pts',(6.25,4.72503684480377,6.23414828728944));
#6460=CARTESIAN_POINT('Ctrl Pts',(6.25,4.92971520708404,6.22797994145341));
#6461=CARTESIAN_POINT('Ctrl Pts',(6.25,5.04274393872994,6.22457361995253));
#6462=CARTESIAN_POINT('Ctrl Pts',(6.35,5.04274393872994,6.22457361995253));
#6463=CARTESIAN_POINT('Ctrl Pts',(6.35,4.92971520708404,6.22797994145341));
#6464=CARTESIAN_POINT('Ctrl Pts',(6.35,4.72503684480377,6.23414828728944));
#6465=CARTESIAN_POINT('Ctrl Pts',(6.35,4.54833381203416,6.33594072720512));
#6466=CARTESIAN_POINT('Ctrl Pts',(6.35,4.46921080408703,6.3815207260663));
#6467=CARTESIAN_POINT('Origin',(6.25,3.85690409088011,5.95590098036228));
#6468=CARTESIAN_POINT('',(6.25,3.85693044319412,5.99039680083254));
#6469=CARTESIAN_POINT('',(6.25,3.85690409088011,5.95590098036228));
#6470=CARTESIAN_POINT('',(6.25,3.8565713707652,5.52036225134734));
#6471=CARTESIAN_POINT('',(6.35,3.85693044319412,5.99039680083254));
#6472=CARTESIAN_POINT('',(6.25,3.85693044319412,5.99039680083254));
#6473=CARTESIAN_POINT('',(6.35,3.85690409088011,5.95590098036228));
#6474=CARTESIAN_POINT('',(6.35,3.85693044319412,5.99039680083254));
#6475=CARTESIAN_POINT('',(6.25,3.85690409088011,5.95590098036228));
#6476=CARTESIAN_POINT('Origin',(6.25,3.62693203388456,5.95607666239497));
#6477=CARTESIAN_POINT('',(6.25,3.62693203388456,5.95607666239497));
#6478=CARTESIAN_POINT('',(6.25,4.18225908728124,5.9556524326567));
#6479=CARTESIAN_POINT('',(6.35,3.62693203388456,5.95607666239497));
#6480=CARTESIAN_POINT('',(6.35,3.85690409088011,5.95590098036228));
#6481=CARTESIAN_POINT('',(6.25,3.62693203388456,5.95607666239497));
#6482=CARTESIAN_POINT('Ctrl Pts',(6.25,3.60021262263931,6.10110734933264));
#6483=CARTESIAN_POINT('Ctrl Pts',(6.35,3.60021262263931,6.10110734933264));
#6484=CARTESIAN_POINT('Ctrl Pts',(6.25,3.60349237726092,6.07627150818018));
#6485=CARTESIAN_POINT('Ctrl Pts',(6.35,3.60349237726092,6.07627150818018));
#6486=CARTESIAN_POINT('Ctrl Pts',(6.25,3.60993660854587,6.02747276467418));
#6487=CARTESIAN_POINT('Ctrl Pts',(6.35,3.60993660854587,6.02747276467418));
#6488=CARTESIAN_POINT('Ctrl Pts',(6.25,3.62133485816049,5.97958984447228));
#6489=CARTESIAN_POINT('Ctrl Pts',(6.35,3.62133485816049,5.97958984447228));
#6490=CARTESIAN_POINT('Ctrl Pts',(6.25,3.62693203388456,5.95607666239497));
#6491=CARTESIAN_POINT('Ctrl Pts',(6.35,3.62693203388456,5.95607666239497));
#6492=CARTESIAN_POINT('',(6.25,3.60021262263931,6.10110734933264));
#6493=CARTESIAN_POINT('Ctrl Pts',(6.25,3.62693203388456,5.95607666239497));
#6494=CARTESIAN_POINT('Ctrl Pts',(6.25,3.62133485816049,5.97958984447228));
#6495=CARTESIAN_POINT('Ctrl Pts',(6.25,3.60993660854587,6.02747276467418));
#6496=CARTESIAN_POINT('Ctrl Pts',(6.25,3.60349237726092,6.07627150818018));
#6497=CARTESIAN_POINT('Ctrl Pts',(6.25,3.60021262263931,6.10110734933264));
#6498=CARTESIAN_POINT('',(6.35,3.60021262263931,6.10110734933264));
#6499=CARTESIAN_POINT('Ctrl Pts',(6.35,3.60021262263931,6.10110734933264));
#6500=CARTESIAN_POINT('Ctrl Pts',(6.35,3.60349237726092,6.07627150818018));
#6501=CARTESIAN_POINT('Ctrl Pts',(6.35,3.60993660854587,6.02747276467418));
#6502=CARTESIAN_POINT('Ctrl Pts',(6.35,3.62133485816049,5.97958984447228));
#6503=CARTESIAN_POINT('Ctrl Pts',(6.35,3.62693203388456,5.95607666239497));
#6504=CARTESIAN_POINT('',(6.25,3.60021262263931,6.10110734933264));
#6505=CARTESIAN_POINT('Ctrl Pts',(6.25,3.59138496325579,6.25251243832798));
#6506=CARTESIAN_POINT('Ctrl Pts',(6.35,3.59138496325579,6.25251243832798));
#6507=CARTESIAN_POINT('Ctrl Pts',(6.25,3.59174406612353,6.22731069905248));
#6508=CARTESIAN_POINT('Ctrl Pts',(6.35,3.59174406612353,6.22731069905248));
#6509=CARTESIAN_POINT('Ctrl Pts',(6.25,3.59246503851,6.17671305770389));
#6510=CARTESIAN_POINT('Ctrl Pts',(6.35,3.59246503851,6.17671305770389));
#6511=CARTESIAN_POINT('Ctrl Pts',(6.25,3.59762349626105,6.1263736427506));
#6512=CARTESIAN_POINT('Ctrl Pts',(6.35,3.59762349626105,6.1263736427506));
#6513=CARTESIAN_POINT('Ctrl Pts',(6.25,3.60021262263931,6.10110734933264));
#6514=CARTESIAN_POINT('Ctrl Pts',(6.35,3.60021262263931,6.10110734933264));
#6515=CARTESIAN_POINT('',(6.25,3.59138496325579,6.25251243832798));
#6516=CARTESIAN_POINT('Ctrl Pts',(6.25,3.60021262263931,6.10110734933264));
#6517=CARTESIAN_POINT('Ctrl Pts',(6.25,3.59762349626105,6.1263736427506));
#6518=CARTESIAN_POINT('Ctrl Pts',(6.25,3.59246503851,6.17671305770389));
#6519=CARTESIAN_POINT('Ctrl Pts',(6.25,3.59174406612353,6.22731069905248));
#6520=CARTESIAN_POINT('Ctrl Pts',(6.25,3.59138496325579,6.25251243832798));
#6521=CARTESIAN_POINT('',(6.35,3.59138496325579,6.25251243832798));
#6522=CARTESIAN_POINT('Ctrl Pts',(6.35,3.59138496325579,6.25251243832798));
#6523=CARTESIAN_POINT('Ctrl Pts',(6.35,3.59174406612353,6.22731069905248));
#6524=CARTESIAN_POINT('Ctrl Pts',(6.35,3.59246503851,6.17671305770389));
#6525=CARTESIAN_POINT('Ctrl Pts',(6.35,3.59762349626105,6.1263736427506));
#6526=CARTESIAN_POINT('Ctrl Pts',(6.35,3.60021262263931,6.10110734933264));
#6527=CARTESIAN_POINT('',(6.25,3.59138496325579,6.25251243832798));
#6528=CARTESIAN_POINT('Ctrl Pts',(6.25,3.71174659885197,6.59929530584951));
#6529=CARTESIAN_POINT('Ctrl Pts',(6.35,3.71174659885197,6.59929530584951));
#6530=CARTESIAN_POINT('Ctrl Pts',(6.25,3.67670221665327,6.54993964204856));
#6531=CARTESIAN_POINT('Ctrl Pts',(6.35,3.67670221665327,6.54993964204856));
#6532=CARTESIAN_POINT('Ctrl Pts',(6.25,3.60311537396036,6.44630170523086));
#6533=CARTESIAN_POINT('Ctrl Pts',(6.35,3.60311537396036,6.44630170523086));
#6534=CARTESIAN_POINT('Ctrl Pts',(6.25,3.59541708401558,6.31912406393794));
#6535=CARTESIAN_POINT('Ctrl Pts',(6.35,3.59541708401558,6.31912406393794));
#6536=CARTESIAN_POINT('Ctrl Pts',(6.25,3.59138496325579,6.25251243832798));
#6537=CARTESIAN_POINT('Ctrl Pts',(6.35,3.59138496325579,6.25251243832798));
#6538=CARTESIAN_POINT('',(6.25,3.71174659885197,6.59929530584951));
#6539=CARTESIAN_POINT('Ctrl Pts',(6.25,3.59138496325579,6.25251243832798));
#6540=CARTESIAN_POINT('Ctrl Pts',(6.25,3.59541708401558,6.31912406393794));
#6541=CARTESIAN_POINT('Ctrl Pts',(6.25,3.60311537396036,6.44630170523086));
#6542=CARTESIAN_POINT('Ctrl Pts',(6.25,3.67670221665327,6.54993964204856));
#6543=CARTESIAN_POINT('Ctrl Pts',(6.25,3.71174659885197,6.59929530584951));
#6544=CARTESIAN_POINT('',(6.35,3.71174659885197,6.59929530584951));
#6545=CARTESIAN_POINT('Ctrl Pts',(6.35,3.71174659885197,6.59929530584951));
#6546=CARTESIAN_POINT('Ctrl Pts',(6.35,3.67670221665327,6.54993964204856));
#6547=CARTESIAN_POINT('Ctrl Pts',(6.35,3.60311537396036,6.44630170523086));
#6548=CARTESIAN_POINT('Ctrl Pts',(6.35,3.59541708401558,6.31912406393794));
#6549=CARTESIAN_POINT('Ctrl Pts',(6.35,3.59138496325579,6.25251243832798));
#6550=CARTESIAN_POINT('',(6.25,3.71174659885197,6.59929530584951));
#6551=CARTESIAN_POINT('Ctrl Pts',(6.25,4.05426118733475,6.74532161023219));
#6552=CARTESIAN_POINT('Ctrl Pts',(6.35,4.05426118733475,6.74532161023219));
#6553=CARTESIAN_POINT('Ctrl Pts',(6.25,3.98579962177374,6.73755242174928));
#6554=CARTESIAN_POINT('Ctrl Pts',(6.35,3.98579962177374,6.73755242174928));
#6555=CARTESIAN_POINT('Ctrl Pts',(6.25,3.85663101633283,6.72289404761597));
#6556=CARTESIAN_POINT('Ctrl Pts',(6.35,3.85663101633283,6.72289404761597));
#6557=CARTESIAN_POINT('Ctrl Pts',(6.25,3.75806904370858,6.63881229462837));
#6558=CARTESIAN_POINT('Ctrl Pts',(6.35,3.75806904370858,6.63881229462837));
#6559=CARTESIAN_POINT('Ctrl Pts',(6.25,3.71174659885197,6.59929530584951));
#6560=CARTESIAN_POINT('Ctrl Pts',(6.35,3.71174659885197,6.59929530584951));
#6561=CARTESIAN_POINT('',(6.25,4.05426118733475,6.74532161023219));
#6562=CARTESIAN_POINT('Ctrl Pts',(6.25,3.71174659885197,6.59929530584951));
#6563=CARTESIAN_POINT('Ctrl Pts',(6.25,3.75806904370858,6.63881229462837));
#6564=CARTESIAN_POINT('Ctrl Pts',(6.25,3.85663101633283,6.72289404761597));
#6565=CARTESIAN_POINT('Ctrl Pts',(6.25,3.98579962177374,6.73755242174928));
#6566=CARTESIAN_POINT('Ctrl Pts',(6.25,4.05426118733475,6.74532161023219));
#6567=CARTESIAN_POINT('',(6.35,4.05426118733475,6.74532161023219));
#6568=CARTESIAN_POINT('Ctrl Pts',(6.35,4.05426118733475,6.74532161023219));
#6569=CARTESIAN_POINT('Ctrl Pts',(6.35,3.98579962177374,6.73755242174928));
#6570=CARTESIAN_POINT('Ctrl Pts',(6.35,3.85663101633283,6.72289404761597));
#6571=CARTESIAN_POINT('Ctrl Pts',(6.35,3.75806904370858,6.63881229462837));
#6572=CARTESIAN_POINT('Ctrl Pts',(6.35,3.71174659885197,6.59929530584951));
#6573=CARTESIAN_POINT('',(6.25,4.05426118733475,6.74532161023219));
#6574=CARTESIAN_POINT('Origin',(6.25,4.05430608385624,6.80409224966903));
#6575=CARTESIAN_POINT('',(6.25,4.05430608385624,6.80409224966903));
#6576=CARTESIAN_POINT('',(6.25,4.05364932791208,5.944382733112));
#6577=CARTESIAN_POINT('',(6.35,4.05428558762213,6.77726218032653));
#6578=CARTESIAN_POINT('Ctrl Pts',(6.35,4.05428558762213,6.77726218032653));
#6579=CARTESIAN_POINT('Ctrl Pts',(6.35,4.05428160223062,6.77204520584198));
#6580=CARTESIAN_POINT('Ctrl Pts',(6.35,4.0542734688015,6.76139834914386));
#6581=CARTESIAN_POINT('Ctrl Pts',(6.35,4.05426533537237,6.75075149244575));
#6582=CARTESIAN_POINT('Ctrl Pts',(6.35,4.05426118733475,6.74532161023219));
#6583=CARTESIAN_POINT('',(6.35,4.05430608385624,6.80409224966903));
#6584=CARTESIAN_POINT('Ctrl Pts',(6.35,4.05430608385624,6.80409224966903));
#6585=CARTESIAN_POINT('Ctrl Pts',(6.35,4.05430291180158,6.79993995290701));
#6586=CARTESIAN_POINT('Ctrl Pts',(6.35,4.05429607972354,6.79099659645951));
#6587=CARTESIAN_POINT('Ctrl Pts',(6.35,4.0542892476455,6.78205324001201));
#6588=CARTESIAN_POINT('Ctrl Pts',(6.35,4.05428558762213,6.77726218032653));
#6589=CARTESIAN_POINT('',(6.25,4.05430608385624,6.80409224966903));
#6590=CARTESIAN_POINT('Ctrl Pts',(6.25,4.12036959512964,7.15219416336261));
#6591=CARTESIAN_POINT('Ctrl Pts',(6.35,4.12036959512964,7.15219416336261));
#6592=CARTESIAN_POINT('Ctrl Pts',(6.25,4.10114351521472,7.09785115515598));
#6593=CARTESIAN_POINT('Ctrl Pts',(6.35,4.10114351521472,7.09785115515598));
#6594=CARTESIAN_POINT('Ctrl Pts',(6.25,4.0613105790344,6.98526233895839));
#6595=CARTESIAN_POINT('Ctrl Pts',(6.35,4.0613105790344,6.98526233895839));
#6596=CARTESIAN_POINT('Ctrl Pts',(6.25,4.05669425594465,6.86586191893003));
#6597=CARTESIAN_POINT('Ctrl Pts',(6.35,4.05669425594465,6.86586191893003));
#6598=CARTESIAN_POINT('Ctrl Pts',(6.25,4.05430608385624,6.80409224966903));
#6599=CARTESIAN_POINT('Ctrl Pts',(6.35,4.05430608385624,6.80409224966903));
#6600=CARTESIAN_POINT('',(6.25,4.12036959512964,7.15219416336261));
#6601=CARTESIAN_POINT('Ctrl Pts',(6.25,4.05430608385624,6.80409224966903));
#6602=CARTESIAN_POINT('Ctrl Pts',(6.25,4.05669425594465,6.86586191893003));
#6603=CARTESIAN_POINT('Ctrl Pts',(6.25,4.0613105790344,6.98526233895839));
#6604=CARTESIAN_POINT('Ctrl Pts',(6.25,4.10114351521472,7.09785115515598));
#6605=CARTESIAN_POINT('Ctrl Pts',(6.25,4.12036959512964,7.15219416336261));
#6606=CARTESIAN_POINT('',(6.35,4.12036959512964,7.15219416336261));
#6607=CARTESIAN_POINT('Ctrl Pts',(6.35,4.12036959512964,7.15219416336261));
#6608=CARTESIAN_POINT('Ctrl Pts',(6.35,4.10114351521472,7.09785115515598));
#6609=CARTESIAN_POINT('Ctrl Pts',(6.35,4.0613105790344,6.98526233895839));
#6610=CARTESIAN_POINT('Ctrl Pts',(6.35,4.05669425594465,6.86586191893003));
#6611=CARTESIAN_POINT('Ctrl Pts',(6.35,4.05430608385624,6.80409224966903));
#6612=CARTESIAN_POINT('',(6.25,4.12036959512964,7.15219416336261));
#6613=CARTESIAN_POINT('Ctrl Pts',(6.25,4.31285426125885,7.41715399356209));
#6614=CARTESIAN_POINT('Ctrl Pts',(6.35,4.31285426125885,7.41715399356209));
#6615=CARTESIAN_POINT('Ctrl Pts',(6.25,4.27317406154472,7.37862715825876));
#6616=CARTESIAN_POINT('Ctrl Pts',(6.35,4.27317406154472,7.37862715825876));
#6617=CARTESIAN_POINT('Ctrl Pts',(6.25,4.19368382586461,7.30144742528531));
#6618=CARTESIAN_POINT('Ctrl Pts',(6.35,4.19368382586461,7.30144742528531));
#6619=CARTESIAN_POINT('Ctrl Pts',(6.25,4.1448342683622,7.20199939551504));
#6620=CARTESIAN_POINT('Ctrl Pts',(6.35,4.1448342683622,7.20199939551504));
#6621=CARTESIAN_POINT('Ctrl Pts',(6.25,4.12036959512964,7.15219416336261));
#6622=CARTESIAN_POINT('Ctrl Pts',(6.35,4.12036959512964,7.15219416336261));
#6623=CARTESIAN_POINT('',(6.25,4.31285426125885,7.41715399356209));
#6624=CARTESIAN_POINT('Ctrl Pts',(6.25,4.12036959512964,7.15219416336261));
#6625=CARTESIAN_POINT('Ctrl Pts',(6.25,4.1448342683622,7.20199939551504));
#6626=CARTESIAN_POINT('Ctrl Pts',(6.25,4.19368382586461,7.30144742528531));
#6627=CARTESIAN_POINT('Ctrl Pts',(6.25,4.27317406154472,7.37862715825876));
#6628=CARTESIAN_POINT('Ctrl Pts',(6.25,4.31285426125885,7.41715399356209));
#6629=CARTESIAN_POINT('',(6.35,4.31285426125885,7.41715399356209));
#6630=CARTESIAN_POINT('Ctrl Pts',(6.35,4.31285426125885,7.41715399356209));
#6631=CARTESIAN_POINT('Ctrl Pts',(6.35,4.27317406154472,7.37862715825876));
#6632=CARTESIAN_POINT('Ctrl Pts',(6.35,4.19368382586461,7.30144742528531));
#6633=CARTESIAN_POINT('Ctrl Pts',(6.35,4.1448342683622,7.20199939551504));
#6634=CARTESIAN_POINT('Ctrl Pts',(6.35,4.12036959512964,7.15219416336261));
#6635=CARTESIAN_POINT('',(6.25,4.31285426125885,7.41715399356209));
#6636=CARTESIAN_POINT('Ctrl Pts',(6.25,4.6247231637911,7.58556204366225));
#6637=CARTESIAN_POINT('Ctrl Pts',(6.35,4.6247231637911,7.58556204366225));
#6638=CARTESIAN_POINT('Ctrl Pts',(6.25,4.56628113210285,7.56463600613596));
#6639=CARTESIAN_POINT('Ctrl Pts',(6.35,4.56628113210285,7.56463600613596));
#6640=CARTESIAN_POINT('Ctrl Pts',(6.25,4.45369911510987,7.52432434269229));
#6641=CARTESIAN_POINT('Ctrl Pts',(6.35,4.45369911510987,7.52432434269229));
#6642=CARTESIAN_POINT('Ctrl Pts',(6.25,4.35859110590234,7.45195564569587));
#6643=CARTESIAN_POINT('Ctrl Pts',(6.35,4.35859110590234,7.45195564569587));
#6644=CARTESIAN_POINT('Ctrl Pts',(6.25,4.31285426125885,7.41715399356209));
#6645=CARTESIAN_POINT('Ctrl Pts',(6.35,4.31285426125885,7.41715399356209));
#6646=CARTESIAN_POINT('',(6.25,4.6247231637911,7.58556204366225));
#6647=CARTESIAN_POINT('Ctrl Pts',(6.25,4.31285426125885,7.41715399356209));
#6648=CARTESIAN_POINT('Ctrl Pts',(6.25,4.35859110590234,7.45195564569587));
#6649=CARTESIAN_POINT('Ctrl Pts',(6.25,4.45369911510987,7.52432434269229));
#6650=CARTESIAN_POINT('Ctrl Pts',(6.25,4.56628113210285,7.56463600613596));
#6651=CARTESIAN_POINT('Ctrl Pts',(6.25,4.6247231637911,7.58556204366225));
#6652=CARTESIAN_POINT('',(6.35,4.6247231637911,7.58556204366225));
#6653=CARTESIAN_POINT('Ctrl Pts',(6.35,4.6247231637911,7.58556204366225));
#6654=CARTESIAN_POINT('Ctrl Pts',(6.35,4.56628113210285,7.56463600613596));
#6655=CARTESIAN_POINT('Ctrl Pts',(6.35,4.45369911510987,7.52432434269229));
#6656=CARTESIAN_POINT('Ctrl Pts',(6.35,4.35859110590234,7.45195564569587));
#6657=CARTESIAN_POINT('Ctrl Pts',(6.35,4.31285426125885,7.41715399356209));
#6658=CARTESIAN_POINT('',(6.25,4.6247231637911,7.58556204366225));
#6659=CARTESIAN_POINT('Ctrl Pts',(6.25,5.04382828750965,7.64401256626992));
#6660=CARTESIAN_POINT('Ctrl Pts',(6.35,5.04382828750965,7.64401256626992));
#6661=CARTESIAN_POINT('Ctrl Pts',(6.25,4.96951418612192,7.64211373005034));
#6662=CARTESIAN_POINT('Ctrl Pts',(6.35,4.96951418612192,7.64211373005034));
#6663=CARTESIAN_POINT('Ctrl Pts',(6.25,4.82754281176238,7.63848614951389));
#6664=CARTESIAN_POINT('Ctrl Pts',(6.35,4.82754281176238,7.63848614951389));
#6665=CARTESIAN_POINT('Ctrl Pts',(6.25,4.69018284433347,7.60264320466756));
#6666=CARTESIAN_POINT('Ctrl Pts',(6.35,4.69018284433347,7.60264320466756));
#6667=CARTESIAN_POINT('Ctrl Pts',(6.25,4.6247231637911,7.58556204366225));
#6668=CARTESIAN_POINT('Ctrl Pts',(6.35,4.6247231637911,7.58556204366225));
#6669=CARTESIAN_POINT('',(6.25,5.04382828750965,7.64401256626992));
#6670=CARTESIAN_POINT('Ctrl Pts',(6.25,4.6247231637911,7.58556204366225));
#6671=CARTESIAN_POINT('Ctrl Pts',(6.25,4.69018284433347,7.60264320466756));
#6672=CARTESIAN_POINT('Ctrl Pts',(6.25,4.82754281176238,7.63848614951389));
#6673=CARTESIAN_POINT('Ctrl Pts',(6.25,4.96951418612192,7.64211373005034));
#6674=CARTESIAN_POINT('Ctrl Pts',(6.25,5.04382828750965,7.64401256626992));
#6675=CARTESIAN_POINT('',(6.35,5.04382828750965,7.64401256626992));
#6676=CARTESIAN_POINT('Ctrl Pts',(6.35,5.04382828750965,7.64401256626992));
#6677=CARTESIAN_POINT('Ctrl Pts',(6.35,4.96951418612192,7.64211373005034));
#6678=CARTESIAN_POINT('Ctrl Pts',(6.35,4.82754281176238,7.63848614951389));
#6679=CARTESIAN_POINT('Ctrl Pts',(6.35,4.69018284433347,7.60264320466756));
#6680=CARTESIAN_POINT('Ctrl Pts',(6.35,4.6247231637911,7.58556204366225));
#6681=CARTESIAN_POINT('',(6.25,5.04382828750965,7.64401256626992));
#6682=CARTESIAN_POINT('Ctrl Pts',(6.25,5.46539838054311,7.58428103048214));
#6683=CARTESIAN_POINT('Ctrl Pts',(6.35,5.46539838054311,7.58428103048214));
#6684=CARTESIAN_POINT('Ctrl Pts',(6.25,5.40039802809649,7.60164257913702));
#6685=CARTESIAN_POINT('Ctrl Pts',(6.35,5.40039802809649,7.60164257913702));
#6686=CARTESIAN_POINT('Ctrl Pts',(6.25,5.26235734294493,7.63851314954786));
#6687=CARTESIAN_POINT('Ctrl Pts',(6.35,5.26235734294493,7.63851314954786));
#6688=CARTESIAN_POINT('Ctrl Pts',(6.25,5.11944586353224,7.6421096039328));
#6689=CARTESIAN_POINT('Ctrl Pts',(6.35,5.11944586353224,7.6421096039328));
#6690=CARTESIAN_POINT('Ctrl Pts',(6.25,5.04382828750965,7.64401256626992));
#6691=CARTESIAN_POINT('Ctrl Pts',(6.35,5.04382828750965,7.64401256626992));
#6692=CARTESIAN_POINT('',(6.25,5.46539838054311,7.58428103048214));
#6693=CARTESIAN_POINT('Ctrl Pts',(6.25,5.04382828750965,7.64401256626992));
#6694=CARTESIAN_POINT('Ctrl Pts',(6.25,5.11944586353224,7.6421096039328));
#6695=CARTESIAN_POINT('Ctrl Pts',(6.25,5.26235734294493,7.63851314954786));
#6696=CARTESIAN_POINT('Ctrl Pts',(6.25,5.40039802809649,7.60164257913702));
#6697=CARTESIAN_POINT('Ctrl Pts',(6.25,5.46539838054311,7.58428103048214));
#6698=CARTESIAN_POINT('',(6.35,5.46539838054311,7.58428103048214));
#6699=CARTESIAN_POINT('Ctrl Pts',(6.35,5.46539838054311,7.58428103048214));
#6700=CARTESIAN_POINT('Ctrl Pts',(6.35,5.40039802809649,7.60164257913702));
#6701=CARTESIAN_POINT('Ctrl Pts',(6.35,5.26235734294493,7.63851314954786));
#6702=CARTESIAN_POINT('Ctrl Pts',(6.35,5.11944586353224,7.6421096039328));
#6703=CARTESIAN_POINT('Ctrl Pts',(6.35,5.04382828750965,7.64401256626992));
#6704=CARTESIAN_POINT('',(6.25,5.46539838054311,7.58428103048214));
#6705=CARTESIAN_POINT('Ctrl Pts',(6.25,5.77700900883338,7.41475785920802));
#6706=CARTESIAN_POINT('Ctrl Pts',(6.35,5.77700900883338,7.41475785920802));
#6707=CARTESIAN_POINT('Ctrl Pts',(6.25,5.73063385274298,7.44958396878223));
#6708=CARTESIAN_POINT('Ctrl Pts',(6.35,5.73063385274298,7.44958396878223));
#6709=CARTESIAN_POINT('Ctrl Pts',(6.25,5.63510531420391,7.5213225381175));
#6710=CARTESIAN_POINT('Ctrl Pts',(6.35,5.63510531420391,7.5213225381175));
#6711=CARTESIAN_POINT('Ctrl Pts',(6.25,5.5230536131905,7.56289188363875));
#6712=CARTESIAN_POINT('Ctrl Pts',(6.35,5.5230536131905,7.56289188363875));
#6713=CARTESIAN_POINT('Ctrl Pts',(6.25,5.46539838054311,7.58428103048214));
#6714=CARTESIAN_POINT('Ctrl Pts',(6.35,5.46539838054311,7.58428103048214));
#6715=CARTESIAN_POINT('',(6.25,5.77700900883338,7.41475785920802));
#6716=CARTESIAN_POINT('Ctrl Pts',(6.25,5.46539838054311,7.58428103048214));
#6717=CARTESIAN_POINT('Ctrl Pts',(6.25,5.5230536131905,7.56289188363875));
#6718=CARTESIAN_POINT('Ctrl Pts',(6.25,5.63510531420391,7.5213225381175));
#6719=CARTESIAN_POINT('Ctrl Pts',(6.25,5.73063385274298,7.44958396878223));
#6720=CARTESIAN_POINT('Ctrl Pts',(6.25,5.77700900883338,7.41475785920802));
#6721=CARTESIAN_POINT('',(6.35,5.77700900883338,7.41475785920802));
#6722=CARTESIAN_POINT('Ctrl Pts',(6.35,5.77700900883338,7.41475785920802));
#6723=CARTESIAN_POINT('Ctrl Pts',(6.35,5.73063385274298,7.44958396878223));
#6724=CARTESIAN_POINT('Ctrl Pts',(6.35,5.63510531420391,7.5213225381175));
#6725=CARTESIAN_POINT('Ctrl Pts',(6.35,5.5230536131905,7.56289188363875));
#6726=CARTESIAN_POINT('Ctrl Pts',(6.35,5.46539838054311,7.58428103048214));
#6727=CARTESIAN_POINT('',(6.25,5.77700900883338,7.41475785920802));
#6728=CARTESIAN_POINT('Ctrl Pts',(6.25,5.96908863021034,7.1495042496833));
#6729=CARTESIAN_POINT('Ctrl Pts',(6.35,5.96908863021034,7.1495042496833));
#6730=CARTESIAN_POINT('Ctrl Pts',(6.25,5.94470007759326,7.19934678993335));
#6731=CARTESIAN_POINT('Ctrl Pts',(6.35,5.94470007759326,7.19934678993335));
#6732=CARTESIAN_POINT('Ctrl Pts',(6.25,5.89600250599606,7.29886932866385));
#6733=CARTESIAN_POINT('Ctrl Pts',(6.35,5.89600250599606,7.29886932866385));
#6734=CARTESIAN_POINT('Ctrl Pts',(6.25,5.81663029724262,7.3761704321511));
#6735=CARTESIAN_POINT('Ctrl Pts',(6.35,5.81663029724262,7.3761704321511));
#6736=CARTESIAN_POINT('Ctrl Pts',(6.25,5.77700900883338,7.41475785920802));
#6737=CARTESIAN_POINT('Ctrl Pts',(6.35,5.77700900883338,7.41475785920802));
#6738=CARTESIAN_POINT('',(6.25,5.96908863021034,7.1495042496833));
#6739=CARTESIAN_POINT('Ctrl Pts',(6.25,5.77700900883338,7.41475785920802));
#6740=CARTESIAN_POINT('Ctrl Pts',(6.25,5.81663029724262,7.3761704321511));
#6741=CARTESIAN_POINT('Ctrl Pts',(6.25,5.89600250599606,7.29886932866385));
#6742=CARTESIAN_POINT('Ctrl Pts',(6.25,5.94470007759326,7.19934678993335));
#6743=CARTESIAN_POINT('Ctrl Pts',(6.25,5.96908863021034,7.1495042496833));
#6744=CARTESIAN_POINT('',(6.35,5.96908863021034,7.1495042496833));
#6745=CARTESIAN_POINT('Ctrl Pts',(6.35,5.96908863021034,7.1495042496833));
#6746=CARTESIAN_POINT('Ctrl Pts',(6.35,5.94470007759326,7.19934678993335));
#6747=CARTESIAN_POINT('Ctrl Pts',(6.35,5.89600250599606,7.29886932866385));
#6748=CARTESIAN_POINT('Ctrl Pts',(6.35,5.81663029724262,7.3761704321511));
#6749=CARTESIAN_POINT('Ctrl Pts',(6.35,5.77700900883338,7.41475785920802));
#6750=CARTESIAN_POINT('',(6.25,5.96908863021034,7.1495042496833));
#6751=CARTESIAN_POINT('Ctrl Pts',(6.25,6.03462119128687,6.80257943203375));
#6752=CARTESIAN_POINT('Ctrl Pts',(6.35,6.03462119128687,6.80257943203375));
#6753=CARTESIAN_POINT('Ctrl Pts',(6.25,6.03230649722499,6.86403093090176));
#6754=CARTESIAN_POINT('Ctrl Pts',(6.35,6.03230649722499,6.86403093090176));
#6755=CARTESIAN_POINT('Ctrl Pts',(6.25,6.02782482516142,6.98301229879719));
#6756=CARTESIAN_POINT('Ctrl Pts',(6.35,6.02782482516142,6.98301229879719));
#6757=CARTESIAN_POINT('Ctrl Pts',(6.25,5.98823237234037,7.09523994166769));
#6758=CARTESIAN_POINT('Ctrl Pts',(6.35,5.98823237234037,7.09523994166769));
#6759=CARTESIAN_POINT('Ctrl Pts',(6.25,5.96908863021034,7.1495042496833));
#6760=CARTESIAN_POINT('Ctrl Pts',(6.35,5.96908863021034,7.1495042496833));
#6761=CARTESIAN_POINT('',(6.25,6.03462119128687,6.80257943203375));
#6762=CARTESIAN_POINT('Ctrl Pts',(6.25,5.96908863021034,7.1495042496833));
#6763=CARTESIAN_POINT('Ctrl Pts',(6.25,5.98823237234037,7.09523994166769));
#6764=CARTESIAN_POINT('Ctrl Pts',(6.25,6.02782482516142,6.98301229879719));
#6765=CARTESIAN_POINT('Ctrl Pts',(6.25,6.03230649722499,6.86403093090176));
#6766=CARTESIAN_POINT('Ctrl Pts',(6.25,6.03462119128687,6.80257943203375));
#6767=CARTESIAN_POINT('',(6.35,6.03462119128687,6.80257943203375));
#6768=CARTESIAN_POINT('Ctrl Pts',(6.35,6.03462119128687,6.80257943203375));
#6769=CARTESIAN_POINT('Ctrl Pts',(6.35,6.03230649722499,6.86403093090176));
#6770=CARTESIAN_POINT('Ctrl Pts',(6.35,6.02782482516142,6.98301229879719));
#6771=CARTESIAN_POINT('Ctrl Pts',(6.35,5.98823237234037,7.09523994166769));
#6772=CARTESIAN_POINT('Ctrl Pts',(6.35,5.96908863021034,7.1495042496833));
#6773=CARTESIAN_POINT('',(6.25,6.03462119128687,6.80257943203375));
#6774=CARTESIAN_POINT('Ctrl Pts',(6.25,5.96663980794556,6.4525624551485));
#6775=CARTESIAN_POINT('Ctrl Pts',(6.35,5.96663980794556,6.4525624551485));
#6776=CARTESIAN_POINT('Ctrl Pts',(6.25,5.98642497511936,6.5071432016102));
#6777=CARTESIAN_POINT('Ctrl Pts',(6.35,5.98642497511936,6.5071432016102));
#6778=CARTESIAN_POINT('Ctrl Pts',(6.25,6.02740370465329,6.62018999203491));
#6779=CARTESIAN_POINT('Ctrl Pts',(6.35,6.02740370465329,6.62018999203491));
#6780=CARTESIAN_POINT('Ctrl Pts',(6.25,6.03216086292527,6.74040572325312));
#6781=CARTESIAN_POINT('Ctrl Pts',(6.35,6.03216086292527,6.74040572325312));
#6782=CARTESIAN_POINT('Ctrl Pts',(6.25,6.03462119128687,6.80257943203375));
#6783=CARTESIAN_POINT('Ctrl Pts',(6.35,6.03462119128687,6.80257943203375));
#6784=CARTESIAN_POINT('',(6.25,5.96663980794556,6.4525624551485));
#6785=CARTESIAN_POINT('Ctrl Pts',(6.25,6.03462119128687,6.80257943203375));
#6786=CARTESIAN_POINT('Ctrl Pts',(6.25,6.03216086292527,6.74040572325312));
#6787=CARTESIAN_POINT('Ctrl Pts',(6.25,6.02740370465329,6.62018999203491));
#6788=CARTESIAN_POINT('Ctrl Pts',(6.25,5.98642497511936,6.5071432016102));
#6789=CARTESIAN_POINT('Ctrl Pts',(6.25,5.96663980794556,6.4525624551485));
#6790=CARTESIAN_POINT('',(6.35,5.96663980794556,6.4525624551485));
#6791=CARTESIAN_POINT('Ctrl Pts',(6.35,5.96663980794556,6.4525624551485));
#6792=CARTESIAN_POINT('Ctrl Pts',(6.35,5.98642497511936,6.5071432016102));
#6793=CARTESIAN_POINT('Ctrl Pts',(6.35,6.02740370465329,6.62018999203491));
#6794=CARTESIAN_POINT('Ctrl Pts',(6.35,6.03216086292527,6.74040572325312));
#6795=CARTESIAN_POINT('Ctrl Pts',(6.35,6.03462119128687,6.80257943203375));
#6796=CARTESIAN_POINT('',(6.25,5.96663980794556,6.4525624551485));
#6797=CARTESIAN_POINT('Ctrl Pts',(6.25,5.77607301379318,6.18951756893144));
#6798=CARTESIAN_POINT('Ctrl Pts',(6.35,5.77607301379318,6.18951756893144));
#6799=CARTESIAN_POINT('Ctrl Pts',(6.25,5.81481629496518,6.2275607325778));
#6800=CARTESIAN_POINT('Ctrl Pts',(6.35,5.81481629496518,6.2275607325778));
#6801=CARTESIAN_POINT('Ctrl Pts',(6.25,5.89315323887788,6.30448207446407));
#6802=CARTESIAN_POINT('Ctrl Pts',(6.35,5.89315323887788,6.30448207446407));
#6803=CARTESIAN_POINT('Ctrl Pts',(6.25,5.94196765103732,6.4028463990905));
#6804=CARTESIAN_POINT('Ctrl Pts',(6.35,5.94196765103732,6.4028463990905));
#6805=CARTESIAN_POINT('Ctrl Pts',(6.25,5.96663980794556,6.4525624551485));
#6806=CARTESIAN_POINT('Ctrl Pts',(6.35,5.96663980794556,6.4525624551485));
#6807=CARTESIAN_POINT('',(6.25,5.77607301379318,6.18951756893144));
#6808=CARTESIAN_POINT('Ctrl Pts',(6.25,5.96663980794556,6.4525624551485));
#6809=CARTESIAN_POINT('Ctrl Pts',(6.25,5.94196765103732,6.4028463990905));
#6810=CARTESIAN_POINT('Ctrl Pts',(6.25,5.89315323887788,6.30448207446407));
#6811=CARTESIAN_POINT('Ctrl Pts',(6.25,5.81481629496518,6.2275607325778));
#6812=CARTESIAN_POINT('Ctrl Pts',(6.25,5.77607301379318,6.18951756893144));
#6813=CARTESIAN_POINT('',(6.35,5.77607301379318,6.18951756893144));
#6814=CARTESIAN_POINT('Ctrl Pts',(6.35,5.77607301379318,6.18951756893144));
#6815=CARTESIAN_POINT('Ctrl Pts',(6.35,5.81481629496518,6.2275607325778));
#6816=CARTESIAN_POINT('Ctrl Pts',(6.35,5.89315323887788,6.30448207446407));
#6817=CARTESIAN_POINT('Ctrl Pts',(6.35,5.94196765103732,6.4028463990905));
#6818=CARTESIAN_POINT('Ctrl Pts',(6.35,5.96663980794556,6.4525624551485));
#6819=CARTESIAN_POINT('',(6.25,5.77607301379318,6.18951756893144));
#6820=CARTESIAN_POINT('Ctrl Pts',(6.25,5.46548179607629,6.02110857257475));
#6821=CARTESIAN_POINT('Ctrl Pts',(6.35,5.46548179607629,6.02110857257475));
#6822=CARTESIAN_POINT('Ctrl Pts',(6.25,5.5237988975214,6.04229510077239));
#6823=CARTESIAN_POINT('Ctrl Pts',(6.35,5.5237988975214,6.04229510077239));
#6824=CARTESIAN_POINT('Ctrl Pts',(6.25,5.63579055300678,6.08298152564684));
#6825=CARTESIAN_POINT('Ctrl Pts',(6.35,5.63579055300678,6.08298152564684));
#6826=CARTESIAN_POINT('Ctrl Pts',(6.25,5.73062259548554,6.1550007255215));
#6827=CARTESIAN_POINT('Ctrl Pts',(6.35,5.73062259548554,6.1550007255215));
#6828=CARTESIAN_POINT('Ctrl Pts',(6.25,5.77607301379318,6.18951756893144));
#6829=CARTESIAN_POINT('Ctrl Pts',(6.35,5.77607301379318,6.18951756893144));
#6830=CARTESIAN_POINT('',(6.25,5.46548179607629,6.02110857257475));
#6831=CARTESIAN_POINT('Ctrl Pts',(6.25,5.77607301379318,6.18951756893144));
#6832=CARTESIAN_POINT('Ctrl Pts',(6.25,5.73062259548554,6.1550007255215));
#6833=CARTESIAN_POINT('Ctrl Pts',(6.25,5.63579055300678,6.08298152564684));
#6834=CARTESIAN_POINT('Ctrl Pts',(6.25,5.5237988975214,6.04229510077239));
#6835=CARTESIAN_POINT('Ctrl Pts',(6.25,5.46548179607629,6.02110857257475));
#6836=CARTESIAN_POINT('',(6.35,5.46548179607629,6.02110857257475));
#6837=CARTESIAN_POINT('Ctrl Pts',(6.35,5.46548179607629,6.02110857257475));
#6838=CARTESIAN_POINT('Ctrl Pts',(6.35,5.5237988975214,6.04229510077239));
#6839=CARTESIAN_POINT('Ctrl Pts',(6.35,5.63579055300678,6.08298152564684));
#6840=CARTESIAN_POINT('Ctrl Pts',(6.35,5.73062259548554,6.1550007255215));
#6841=CARTESIAN_POINT('Ctrl Pts',(6.35,5.77607301379318,6.18951756893144));
#6842=CARTESIAN_POINT('',(6.25,5.46548179607629,6.02110857257475));
#6843=CARTESIAN_POINT('Ctrl Pts',(6.25,5.04254288044209,5.96138342727931));
#6844=CARTESIAN_POINT('Ctrl Pts',(6.35,5.04254288044209,5.96138342727931));
#6845=CARTESIAN_POINT('Ctrl Pts',(6.25,5.11783688750223,5.96328196686129));
#6846=CARTESIAN_POINT('Ctrl Pts',(6.35,5.11783688750223,5.96328196686129));
#6847=CARTESIAN_POINT('Ctrl Pts',(6.25,5.26118333290366,5.96689644975516));
#6848=CARTESIAN_POINT('Ctrl Pts',(6.35,5.26118333290366,5.96689644975516));
#6849=CARTESIAN_POINT('Ctrl Pts',(6.25,5.39971508850372,6.0036568856017));
#6850=CARTESIAN_POINT('Ctrl Pts',(6.35,5.39971508850372,6.0036568856017));
#6851=CARTESIAN_POINT('Ctrl Pts',(6.25,5.46548179607629,6.02110857257475));
#6852=CARTESIAN_POINT('Ctrl Pts',(6.35,5.46548179607629,6.02110857257475));
#6853=CARTESIAN_POINT('',(6.25,5.04254288044209,5.96138342727931));
#6854=CARTESIAN_POINT('Ctrl Pts',(6.25,5.46548179607629,6.02110857257475));
#6855=CARTESIAN_POINT('Ctrl Pts',(6.25,5.39971508850372,6.0036568856017));
#6856=CARTESIAN_POINT('Ctrl Pts',(6.25,5.26118333290366,5.96689644975516));
#6857=CARTESIAN_POINT('Ctrl Pts',(6.25,5.11783688750223,5.96328196686129));
#6858=CARTESIAN_POINT('Ctrl Pts',(6.25,5.04254288044209,5.96138342727931));
#6859=CARTESIAN_POINT('',(6.35,5.04254288044209,5.96138342727931));
#6860=CARTESIAN_POINT('Ctrl Pts',(6.35,5.04254288044209,5.96138342727931));
#6861=CARTESIAN_POINT('Ctrl Pts',(6.35,5.11783688750223,5.96328196686129));
#6862=CARTESIAN_POINT('Ctrl Pts',(6.35,5.26118333290366,5.96689644975516));
#6863=CARTESIAN_POINT('Ctrl Pts',(6.35,5.39971508850372,6.0036568856017));
#6864=CARTESIAN_POINT('Ctrl Pts',(6.35,5.46548179607629,6.02110857257475));
#6865=CARTESIAN_POINT('',(6.25,5.04254288044209,5.96138342727931));
#6866=CARTESIAN_POINT('Ctrl Pts',(6.25,4.43322720676004,6.10622033289125));
#6867=CARTESIAN_POINT('Ctrl Pts',(6.35,4.43322720676004,6.10622033289125));
#6868=CARTESIAN_POINT('Ctrl Pts',(6.25,4.52253920165565,6.06410242823914));
#6869=CARTESIAN_POINT('Ctrl Pts',(6.35,4.52253920165565,6.06410242823914));
#6870=CARTESIAN_POINT('Ctrl Pts',(6.25,4.71509100653849,5.97329851586291));
#6871=CARTESIAN_POINT('Ctrl Pts',(6.35,4.71509100653849,5.97329851586291));
#6872=CARTESIAN_POINT('Ctrl Pts',(6.25,4.92825272635297,5.96554213705846));
#6873=CARTESIAN_POINT('Ctrl Pts',(6.35,4.92825272635297,5.96554213705846));
#6874=CARTESIAN_POINT('Ctrl Pts',(6.25,5.04254288044209,5.96138342727931));
#6875=CARTESIAN_POINT('Ctrl Pts',(6.35,5.04254288044209,5.96138342727931));
#6876=CARTESIAN_POINT('',(6.25,4.43322720676004,6.10622033289125));
#6877=CARTESIAN_POINT('Ctrl Pts',(6.25,5.04254288044209,5.96138342727931));
#6878=CARTESIAN_POINT('Ctrl Pts',(6.25,4.92825272635297,5.96554213705846));
#6879=CARTESIAN_POINT('Ctrl Pts',(6.25,4.71509100653849,5.97329851586291));
#6880=CARTESIAN_POINT('Ctrl Pts',(6.25,4.52253920165565,6.06410242823914));
#6881=CARTESIAN_POINT('Ctrl Pts',(6.25,4.43322720676004,6.10622033289125));
#6882=CARTESIAN_POINT('',(6.35,4.43322720676004,6.10622033289125));
#6883=CARTESIAN_POINT('Ctrl Pts',(6.35,4.43322720676004,6.10622033289125));
#6884=CARTESIAN_POINT('Ctrl Pts',(6.35,4.52253920165565,6.06410242823914));
#6885=CARTESIAN_POINT('Ctrl Pts',(6.35,4.71509100653849,5.97329851586291));
#6886=CARTESIAN_POINT('Ctrl Pts',(6.35,4.92825272635297,5.96554213705846));
#6887=CARTESIAN_POINT('Ctrl Pts',(6.35,5.04254288044209,5.96138342727931));
#6888=CARTESIAN_POINT('',(6.25,4.43322720676004,6.10622033289125));
#6889=CARTESIAN_POINT('Ctrl Pts',(6.25,4.10773490779505,6.50125462409624));
#6890=CARTESIAN_POINT('Ctrl Pts',(6.35,4.10773490779505,6.50125462409624));
#6891=CARTESIAN_POINT('Ctrl Pts',(6.25,4.14326136553,6.42181056140545));
#6892=CARTESIAN_POINT('Ctrl Pts',(6.35,4.14326136553,6.42181056140545));
#6893=CARTESIAN_POINT('Ctrl Pts',(6.25,4.21544772312203,6.26038783919806));
#6894=CARTESIAN_POINT('Ctrl Pts',(6.35,4.21544772312203,6.26038783919806));
#6895=CARTESIAN_POINT('Ctrl Pts',(6.25,4.35987811559051,6.15814462937032));
#6896=CARTESIAN_POINT('Ctrl Pts',(6.35,4.35987811559051,6.15814462937032));
#6897=CARTESIAN_POINT('Ctrl Pts',(6.25,4.43322720676004,6.10622033289125));
#6898=CARTESIAN_POINT('Ctrl Pts',(6.35,4.43322720676004,6.10622033289125));
#6899=CARTESIAN_POINT('',(6.25,4.10773490779505,6.50125462409624));
#6900=CARTESIAN_POINT('Ctrl Pts',(6.25,4.43322720676004,6.10622033289125));
#6901=CARTESIAN_POINT('Ctrl Pts',(6.25,4.35987811559051,6.15814462937032));
#6902=CARTESIAN_POINT('Ctrl Pts',(6.25,4.21544772312203,6.26038783919806));
#6903=CARTESIAN_POINT('Ctrl Pts',(6.25,4.14326136553,6.42181056140545));
#6904=CARTESIAN_POINT('Ctrl Pts',(6.25,4.10773490779505,6.50125462409624));
#6905=CARTESIAN_POINT('',(6.35,4.10773490779505,6.50125462409624));
#6906=CARTESIAN_POINT('Ctrl Pts',(6.35,4.10773490779505,6.50125462409624));
#6907=CARTESIAN_POINT('Ctrl Pts',(6.35,4.14326136553,6.42181056140545));
#6908=CARTESIAN_POINT('Ctrl Pts',(6.35,4.21544772312203,6.26038783919806));
#6909=CARTESIAN_POINT('Ctrl Pts',(6.35,4.35987811559051,6.15814462937032));
#6910=CARTESIAN_POINT('Ctrl Pts',(6.35,4.43322720676004,6.10622033289125));
#6911=CARTESIAN_POINT('',(6.25,4.10773490779505,6.50125462409624));
#6912=CARTESIAN_POINT('Ctrl Pts',(6.25,3.97931487199375,6.47643905182122));
#6913=CARTESIAN_POINT('Ctrl Pts',(6.35,3.97931487199375,6.47643905182122));
#6914=CARTESIAN_POINT('Ctrl Pts',(6.25,3.99938710539383,6.48213589023296));
#6915=CARTESIAN_POINT('Ctrl Pts',(6.35,3.99938710539383,6.48213589023296));
#6916=CARTESIAN_POINT('Ctrl Pts',(6.25,4.04147407849969,6.49408088311163));
#6917=CARTESIAN_POINT('Ctrl Pts',(6.35,4.04147407849969,6.49408088311163));
#6918=CARTESIAN_POINT('Ctrl Pts',(6.25,4.08497865299867,6.49879091394614));
#6919=CARTESIAN_POINT('Ctrl Pts',(6.35,4.08497865299867,6.49879091394614));
#6920=CARTESIAN_POINT('Ctrl Pts',(6.25,4.10773490779505,6.50125462409624));
#6921=CARTESIAN_POINT('Ctrl Pts',(6.35,4.10773490779505,6.50125462409624));
#6922=CARTESIAN_POINT('',(6.25,3.97931487199375,6.47643905182122));
#6923=CARTESIAN_POINT('Ctrl Pts',(6.25,4.10773490779505,6.50125462409624));
#6924=CARTESIAN_POINT('Ctrl Pts',(6.25,4.08497865299867,6.49879091394614));
#6925=CARTESIAN_POINT('Ctrl Pts',(6.25,4.04147407849969,6.49408088311163));
#6926=CARTESIAN_POINT('Ctrl Pts',(6.25,3.99938710539383,6.48213589023296));
#6927=CARTESIAN_POINT('Ctrl Pts',(6.25,3.97931487199375,6.47643905182122));
#6928=CARTESIAN_POINT('',(6.35,3.97931487199375,6.47643905182122));
#6929=CARTESIAN_POINT('Ctrl Pts',(6.35,3.97931487199375,6.47643905182122));
#6930=CARTESIAN_POINT('Ctrl Pts',(6.35,3.99938710539383,6.48213589023296));
#6931=CARTESIAN_POINT('Ctrl Pts',(6.35,4.04147407849969,6.49408088311163));
#6932=CARTESIAN_POINT('Ctrl Pts',(6.35,4.08497865299867,6.49879091394614));
#6933=CARTESIAN_POINT('Ctrl Pts',(6.35,4.10773490779505,6.50125462409624));
#6934=CARTESIAN_POINT('',(6.25,3.97931487199375,6.47643905182122));
#6935=CARTESIAN_POINT('Ctrl Pts',(6.25,3.88920566605481,6.42859706524592));
#6936=CARTESIAN_POINT('Ctrl Pts',(6.35,3.88920566605481,6.42859706524592));
#6937=CARTESIAN_POINT('Ctrl Pts',(6.25,3.90190302675928,6.43812770103767));
#6938=CARTESIAN_POINT('Ctrl Pts',(6.35,3.90190302675928,6.43812770103767));
#6939=CARTESIAN_POINT('Ctrl Pts',(6.25,3.92940087770463,6.45876758112895));
#6940=CARTESIAN_POINT('Ctrl Pts',(6.35,3.92940087770463,6.45876758112895));
#6941=CARTESIAN_POINT('Ctrl Pts',(6.25,3.96184961059953,6.47025567861584));
#6942=CARTESIAN_POINT('Ctrl Pts',(6.35,3.96184961059953,6.47025567861584));
#6943=CARTESIAN_POINT('Ctrl Pts',(6.25,3.97931487199375,6.47643905182122));
#6944=CARTESIAN_POINT('Ctrl Pts',(6.35,3.97931487199375,6.47643905182122));
#6945=CARTESIAN_POINT('',(6.25,3.88920566605481,6.42859706524592));
#6946=CARTESIAN_POINT('Ctrl Pts',(6.25,3.97931487199375,6.47643905182122));
#6947=CARTESIAN_POINT('Ctrl Pts',(6.25,3.96184961059953,6.47025567861584));
#6948=CARTESIAN_POINT('Ctrl Pts',(6.25,3.92940087770463,6.45876758112895));
#6949=CARTESIAN_POINT('Ctrl Pts',(6.25,3.90190302675928,6.43812770103767));
#6950=CARTESIAN_POINT('Ctrl Pts',(6.25,3.88920566605481,6.42859706524592));
#6951=CARTESIAN_POINT('',(6.35,3.88920566605481,6.42859706524592));
#6952=CARTESIAN_POINT('Ctrl Pts',(6.35,3.88920566605481,6.42859706524592));
#6953=CARTESIAN_POINT('Ctrl Pts',(6.35,3.90190302675928,6.43812770103767));
#6954=CARTESIAN_POINT('Ctrl Pts',(6.35,3.92940087770463,6.45876758112895));
#6955=CARTESIAN_POINT('Ctrl Pts',(6.35,3.96184961059953,6.47025567861584));
#6956=CARTESIAN_POINT('Ctrl Pts',(6.35,3.97931487199375,6.47643905182122));
#6957=CARTESIAN_POINT('',(6.25,3.88920566605481,6.42859706524592));
#6958=CARTESIAN_POINT('Ctrl Pts',(6.25,3.83101005946512,6.34495717284719));
#6959=CARTESIAN_POINT('Ctrl Pts',(6.35,3.83101005946512,6.34495717284719));
#6960=CARTESIAN_POINT('Ctrl Pts',(6.25,3.83807433693662,6.36073462864186));
#6961=CARTESIAN_POINT('Ctrl Pts',(6.35,3.83807433693662,6.36073462864186));
#6962=CARTESIAN_POINT('Ctrl Pts',(6.25,3.85220017105609,6.39228346350599));
#6963=CARTESIAN_POINT('Ctrl Pts',(6.35,3.85220017105609,6.39228346350599));
#6964=CARTESIAN_POINT('Ctrl Pts',(6.25,3.87687208510151,6.4164940857619));
#6965=CARTESIAN_POINT('Ctrl Pts',(6.35,3.87687208510151,6.4164940857619));
#6966=CARTESIAN_POINT('Ctrl Pts',(6.25,3.88920566605481,6.42859706524592));
#6967=CARTESIAN_POINT('Ctrl Pts',(6.35,3.88920566605481,6.42859706524592));
#6968=CARTESIAN_POINT('',(6.25,3.83101005946512,6.34495717284719));
#6969=CARTESIAN_POINT('Ctrl Pts',(6.25,3.88920566605481,6.42859706524592));
#6970=CARTESIAN_POINT('Ctrl Pts',(6.25,3.87687208510151,6.4164940857619));
#6971=CARTESIAN_POINT('Ctrl Pts',(6.25,3.85220017105609,6.39228346350599));
#6972=CARTESIAN_POINT('Ctrl Pts',(6.25,3.83807433693662,6.36073462864186));
#6973=CARTESIAN_POINT('Ctrl Pts',(6.25,3.83101005946512,6.34495717284719));
#6974=CARTESIAN_POINT('',(6.35,3.83101005946512,6.34495717284719));
#6975=CARTESIAN_POINT('Ctrl Pts',(6.35,3.83101005946512,6.34495717284719));
#6976=CARTESIAN_POINT('Ctrl Pts',(6.35,3.83807433693662,6.36073462864186));
#6977=CARTESIAN_POINT('Ctrl Pts',(6.35,3.85220017105609,6.39228346350599));
#6978=CARTESIAN_POINT('Ctrl Pts',(6.35,3.87687208510151,6.4164940857619));
#6979=CARTESIAN_POINT('Ctrl Pts',(6.35,3.88920566605481,6.42859706524592));
#6980=CARTESIAN_POINT('',(6.25,3.83101005946512,6.34495717284719));
#6981=CARTESIAN_POINT('Ctrl Pts',(6.25,3.81238149523742,6.21018213595422));
#6982=CARTESIAN_POINT('Ctrl Pts',(6.35,3.81238149523742,6.21018213595422));
#6983=CARTESIAN_POINT('Ctrl Pts',(6.25,3.81271615883298,6.23586334639009));
#6984=CARTESIAN_POINT('Ctrl Pts',(6.35,3.81271615883298,6.23586334639009));
#6985=CARTESIAN_POINT('Ctrl Pts',(6.25,3.81331250237434,6.28162519255776));
#6986=CARTESIAN_POINT('Ctrl Pts',(6.35,3.81331250237434,6.28162519255776));
#6987=CARTESIAN_POINT('Ctrl Pts',(6.25,3.82561265968567,6.32564218972873));
#6988=CARTESIAN_POINT('Ctrl Pts',(6.35,3.82561265968567,6.32564218972873));
#6989=CARTESIAN_POINT('Ctrl Pts',(6.25,3.83101005946512,6.34495717284719));
#6990=CARTESIAN_POINT('Ctrl Pts',(6.35,3.83101005946512,6.34495717284719));
#6991=CARTESIAN_POINT('',(6.25,3.81238149523742,6.21018213595422));
#6992=CARTESIAN_POINT('Ctrl Pts',(6.25,3.83101005946512,6.34495717284719));
#6993=CARTESIAN_POINT('Ctrl Pts',(6.25,3.82561265968567,6.32564218972873));
#6994=CARTESIAN_POINT('Ctrl Pts',(6.25,3.81331250237434,6.28162519255776));
#6995=CARTESIAN_POINT('Ctrl Pts',(6.25,3.81271615883298,6.23586334639009));
#6996=CARTESIAN_POINT('Ctrl Pts',(6.25,3.81238149523742,6.21018213595422));
#6997=CARTESIAN_POINT('',(6.35,3.81238149523742,6.21018213595422));
#6998=CARTESIAN_POINT('Ctrl Pts',(6.35,3.81238149523742,6.21018213595422));
#6999=CARTESIAN_POINT('Ctrl Pts',(6.35,3.81271615883298,6.23586334639009));
#7000=CARTESIAN_POINT('Ctrl Pts',(6.35,3.81331250237434,6.28162519255776));
#7001=CARTESIAN_POINT('Ctrl Pts',(6.35,3.82561265968567,6.32564218972873));
#7002=CARTESIAN_POINT('Ctrl Pts',(6.35,3.83101005946512,6.34495717284719));
#7003=CARTESIAN_POINT('',(6.25,3.81238149523742,6.21018213595422));
#7004=CARTESIAN_POINT('Ctrl Pts',(6.25,3.82825997551928,6.0900732873972));
#7005=CARTESIAN_POINT('Ctrl Pts',(6.35,3.82825997551928,6.0900732873972));
#7006=CARTESIAN_POINT('Ctrl Pts',(6.25,3.82362800914827,6.11149934230847));
#7007=CARTESIAN_POINT('Ctrl Pts',(6.35,3.82362800914827,6.11149934230847));
#7008=CARTESIAN_POINT('Ctrl Pts',(6.25,3.81506304332827,6.15111824565827));
#7009=CARTESIAN_POINT('Ctrl Pts',(6.35,3.81506304332827,6.15111824565827));
#7010=CARTESIAN_POINT('Ctrl Pts',(6.25,3.81322535477269,6.19159525057012));
#7011=CARTESIAN_POINT('Ctrl Pts',(6.35,3.81322535477269,6.19159525057012));
#7012=CARTESIAN_POINT('Ctrl Pts',(6.25,3.81238149523742,6.21018213595422));
#7013=CARTESIAN_POINT('Ctrl Pts',(6.35,3.81238149523742,6.21018213595422));
#7014=CARTESIAN_POINT('',(6.25,3.82825997551928,6.0900732873972));
#7015=CARTESIAN_POINT('Ctrl Pts',(6.25,3.81238149523742,6.21018213595422));
#7016=CARTESIAN_POINT('Ctrl Pts',(6.25,3.81322535477269,6.19159525057012));
#7017=CARTESIAN_POINT('Ctrl Pts',(6.25,3.81506304332827,6.15111824565827));
#7018=CARTESIAN_POINT('Ctrl Pts',(6.25,3.82362800914827,6.11149934230847));
#7019=CARTESIAN_POINT('Ctrl Pts',(6.25,3.82825997551928,6.0900732873972));
#7020=CARTESIAN_POINT('',(6.35,3.82825997551928,6.0900732873972));
#7021=CARTESIAN_POINT('Ctrl Pts',(6.35,3.82825997551928,6.0900732873972));
#7022=CARTESIAN_POINT('Ctrl Pts',(6.35,3.82362800914827,6.11149934230847));
#7023=CARTESIAN_POINT('Ctrl Pts',(6.35,3.81506304332827,6.15111824565827));
#7024=CARTESIAN_POINT('Ctrl Pts',(6.35,3.81322535477269,6.19159525057012));
#7025=CARTESIAN_POINT('Ctrl Pts',(6.35,3.81238149523742,6.21018213595422));
#7026=CARTESIAN_POINT('',(6.25,3.82825997551928,6.0900732873972));
#7027=CARTESIAN_POINT('Ctrl Pts',(6.25,3.85693044319412,5.99039680083254));
#7028=CARTESIAN_POINT('Ctrl Pts',(6.35,3.85693044319412,5.99039680083254));
#7029=CARTESIAN_POINT('Ctrl Pts',(6.25,3.8522067207912,6.00375357535855));
#7030=CARTESIAN_POINT('Ctrl Pts',(6.35,3.8522067207912,6.00375357535855));
#7031=CARTESIAN_POINT('Ctrl Pts',(6.25,3.84066354835623,6.03639299367688));
#7032=CARTESIAN_POINT('Ctrl Pts',(6.35,3.84066354835623,6.03639299367688));
#7033=CARTESIAN_POINT('Ctrl Pts',(6.25,3.83286637339804,6.07013767736171));
#7034=CARTESIAN_POINT('Ctrl Pts',(6.35,3.83286637339804,6.07013767736171));
#7035=CARTESIAN_POINT('Ctrl Pts',(6.25,3.82825997551928,6.0900732873972));
#7036=CARTESIAN_POINT('Ctrl Pts',(6.35,3.82825997551928,6.0900732873972));
#7037=CARTESIAN_POINT('Ctrl Pts',(6.25,3.82825997551928,6.0900732873972));
#7038=CARTESIAN_POINT('Ctrl Pts',(6.25,3.83286637339804,6.07013767736171));
#7039=CARTESIAN_POINT('Ctrl Pts',(6.25,3.84066354835623,6.03639299367688));
#7040=CARTESIAN_POINT('Ctrl Pts',(6.25,3.8522067207912,6.00375357535855));
#7041=CARTESIAN_POINT('Ctrl Pts',(6.25,3.85693044319412,5.99039680083254));
#7042=CARTESIAN_POINT('Ctrl Pts',(6.35,3.85693044319412,5.99039680083254));
#7043=CARTESIAN_POINT('Ctrl Pts',(6.35,3.8522067207912,6.00375357535855));
#7044=CARTESIAN_POINT('Ctrl Pts',(6.35,3.84066354835623,6.03639299367688));
#7045=CARTESIAN_POINT('Ctrl Pts',(6.35,3.83286637339804,6.07013767736171));
#7046=CARTESIAN_POINT('Ctrl Pts',(6.35,3.82825997551928,6.0900732873972));
#7047=CARTESIAN_POINT('Origin',(6.35,4.81300307727133,4.98108768236017));
#7048=CARTESIAN_POINT('Origin',(6.25,4.7369207004481,5.08415074488854));
#7049=CARTESIAN_POINT('',(6.25,6.57384140089619,9.11830148977709));
#7050=CARTESIAN_POINT('',(6.25,7.07384140089619,8.61830148977709));
#7051=CARTESIAN_POINT('Origin',(6.25,6.57384140089619,8.61830148977709));
#7052=CARTESIAN_POINT('',(6.25,5.8612494995996,9.11830148977709));
#7053=CARTESIAN_POINT('',(6.25,7.07384140089619,9.11830148977709));
#7054=CARTESIAN_POINT('',(6.25,5.8612494995996,8.61670879411416));
#7055=CARTESIAN_POINT('',(6.25,5.8612494995996,10.5));
#7056=CARTESIAN_POINT('',(6.25,2.36846035022405,8.61670879411416));
#7057=CARTESIAN_POINT('',(6.25,5.8612494995996,1.38329120588584));
#7058=CARTESIAN_POINT('',(6.25,2.36846035022405,1.38329120588584));
#7059=CARTESIAN_POINT('',(6.25,5.8612494995996,0.85));
#7060=CARTESIAN_POINT('',(6.25,5.8612494995996,10.5));
#7061=CARTESIAN_POINT('',(6.25,6.57384140089619,0.850000000000001));
#7062=CARTESIAN_POINT('',(6.25,3.56846035022405,0.850000000000001));
#7063=CARTESIAN_POINT('',(6.25,7.07384140089619,1.35));
#7064=CARTESIAN_POINT('Origin',(6.25,6.57384140089619,1.35));
#7065=CARTESIAN_POINT('',(6.25,7.07384140089619,9.11830148977709));
#7066=CARTESIAN_POINT('Origin',(6.,6.57384140089619,8.61830148977709));
#7067=CARTESIAN_POINT('',(6.,7.07384140089619,8.61830148977709));
#7068=CARTESIAN_POINT('',(6.,7.07384140089619,8.61830148977709));
#7069=CARTESIAN_POINT('',(6.,6.57384140089619,9.11830148977709));
#7070=CARTESIAN_POINT('Origin',(6.,6.57384140089619,8.61830148977709));
#7071=CARTESIAN_POINT('',(6.,6.57384140089619,9.11830148977709));
#7072=CARTESIAN_POINT('Origin',(6.,7.07384140089619,1.05));
#7073=CARTESIAN_POINT('',(6.,7.07384140089619,1.35));
#7074=CARTESIAN_POINT('',(6.,7.07384140089619,1.35));
#7075=CARTESIAN_POINT('',(6.,7.07384140089619,9.11830148977709));
#7076=CARTESIAN_POINT('Origin',(6.25,4.7369207004481,5.08415074488854));
#7077=CARTESIAN_POINT('Origin',(6.,6.57384140089619,1.35));
#7078=CARTESIAN_POINT('',(6.,6.57384140089619,0.850000000000001));
#7079=CARTESIAN_POINT('',(6.,6.57384140089619,0.85));
#7080=CARTESIAN_POINT('Origin',(6.,6.57384140089619,1.35));
#7081=CARTESIAN_POINT('Origin',(6.,2.4,0.85));
#7082=CARTESIAN_POINT('',(6.,6.07482393492989,0.85));
#7083=CARTESIAN_POINT('Origin',(4.7,4.3,0.85));
#7084=CARTESIAN_POINT('',(6.,3.56846035022405,0.850000000000001));
#7085=CARTESIAN_POINT('Origin',(3.17951152239686,0.,0.5));
#7086=CARTESIAN_POINT('',(6.,6.07482393492989,1.31137339766666));
#7087=CARTESIAN_POINT('',(6.,2.36846035022405,1.31137339766666));
#7088=CARTESIAN_POINT('Origin',(4.7,4.3,0.937400794926932));
#7089=CARTESIAN_POINT('Origin',(6.82951152239685,0.,8.45));
#7090=CARTESIAN_POINT('',(6.,6.07482393492989,8.68862660233334));
#7091=CARTESIAN_POINT('Origin',(4.7,4.3,9.06259920507307));
#7092=CARTESIAN_POINT('',(6.,2.36846035022405,8.68862660233334));
#7093=CARTESIAN_POINT('Origin',(4.7,4.3,10.5));
#7094=CARTESIAN_POINT('',(6.,6.07482393492989,10.5));
#7095=CARTESIAN_POINT('Origin',(4.7,4.3,10.5));
#7096=CARTESIAN_POINT('',(6.,6.07482393492989,9.11830148977709));
#7097=CARTESIAN_POINT('Origin',(4.7,4.3,9.11830148977709));
#7098=CARTESIAN_POINT('',(6.,6.07482393492989,10.5));
#7099=CARTESIAN_POINT('Origin',(6.,7.07384140089619,9.11830148977709));
#7100=CARTESIAN_POINT('',(6.,7.07384140089619,9.11830148977709));
#7101=CARTESIAN_POINT('Origin',(6.,4.7369207004481,5.08415074488854));
#7102=UNCERTAINTY_MEASURE_WITH_UNIT(LENGTH_MEASURE(0.001),#7106,
'DISTANCE_ACCURACY_VALUE',
'Maximum model space distance between geometric entities at asserted c
onnectivities');
#7103=UNCERTAINTY_MEASURE_WITH_UNIT(LENGTH_MEASURE(0.001),#7106,
'DISTANCE_ACCURACY_VALUE',
'Maximum model space distance between geometric entities at asserted c
onnectivities');
#7104=(
GEOMETRIC_REPRESENTATION_CONTEXT(3)
GLOBAL_UNCERTAINTY_ASSIGNED_CONTEXT((#7102))
GLOBAL_UNIT_ASSIGNED_CONTEXT((#7106,#7108,#7109))
REPRESENTATION_CONTEXT('','3D')
);
#7105=(
GEOMETRIC_REPRESENTATION_CONTEXT(3)
GLOBAL_UNCERTAINTY_ASSIGNED_CONTEXT((#7103))
GLOBAL_UNIT_ASSIGNED_CONTEXT((#7106,#7108,#7109))
REPRESENTATION_CONTEXT('','3D')
);
#7106=(
LENGTH_UNIT()
NAMED_UNIT(*)
SI_UNIT(.CENTI.,.METRE.)
);
#7107=(
LENGTH_UNIT()
NAMED_UNIT(*)
SI_UNIT($,.METRE.)
);
#7108=(
NAMED_UNIT(*)
PLANE_ANGLE_UNIT()
SI_UNIT($,.RADIAN.)
);
#7109=(
NAMED_UNIT(*)
SI_UNIT($,.STERADIAN.)
SOLID_ANGLE_UNIT()
);
#7110=SHAPE_DEFINITION_REPRESENTATION(#7111,#7112);
#7111=PRODUCT_DEFINITION_SHAPE('',$,#7114);
#7112=SHAPE_REPRESENTATION('',(#3607),#7104);
#7113=PRODUCT_DEFINITION_CONTEXT('part definition',#7118,'design');
#7114=PRODUCT_DEFINITION('Untitled','Untitled',#7115,#7113);
#7115=PRODUCT_DEFINITION_FORMATION('',$,#7120);
#7116=PRODUCT_RELATED_PRODUCT_CATEGORY('Untitled','Untitled',(#7120));
#7117=APPLICATION_PROTOCOL_DEFINITION('international standard',
'automotive_design',2009,#7118);
#7118=APPLICATION_CONTEXT(
'Core Data for Automotive Mechanical Design Process');
#7119=PRODUCT_CONTEXT('part definition',#7118,'mechanical');
#7120=PRODUCT('Untitled','Untitled',$,(#7119));
#7121=PRESENTATION_STYLE_ASSIGNMENT((#7122));
#7122=SURFACE_STYLE_USAGE(.BOTH.,#7123);
#7123=SURFACE_SIDE_STYLE('',(#7124));
#7124=SURFACE_STYLE_FILL_AREA(#7125);
#7125=FILL_AREA_STYLE('Steel - Satin',(#7126));
#7126=FILL_AREA_STYLE_COLOUR('Steel - Satin',#7127);
#7127=COLOUR_RGB('Steel - Satin',0.627450980392157,0.627450980392157,0.627450980392157);
ENDSEC;
END-ISO-10303-21;
